In file included from /home/runner/.cache/arduino/sketches/2B99EDB1EA7ACD453091997B344E7B07/sketch/ADV_Elite_RC2_1_RECOVERY.ino.cpp:1:
/home/runner/.arduino15/packages/m5stack/hardware/esp32/3.2.5/cores/esp32/Arduino.h:139:9: warning: "NUM_DIGITAL_PINS" redefined
  139 | #define NUM_DIGITAL_PINS SOC_GPIO_PIN_COUNT  // All GPIOs
      |         ^~~~~~~~~~~~~~~~
In file included from /home/runner/.arduino15/packages/m5stack/hardware/esp32/3.2.5/cores/esp32/Arduino.h:43:
/home/runner/.arduino15/packages/m5stack/hardware/esp32/3.2.5/variants/m5stack_cardputer/pins_arduino.h:13:9: note: this is the location of the previous definition
   13 | #define NUM_DIGITAL_PINS        46
      |         ^~~~~~~~~~~~~~~~
/home/runner/.arduino15/packages/m5stack/hardware/esp32/3.2.5/cores/esp32/Arduino.h:143:9: warning: "NUM_ANALOG_INPUTS" redefined
  143 | #define NUM_ANALOG_INPUTS (SOC_ADC_CHANNEL_NUM(0) + SOC_ADC_CHANNEL_NUM(1))  // Depends on the SoC (ESP32, ESP32S2, ESP32S3, ESP32C3)
      |         ^~~~~~~~~~~~~~~~~
/home/runner/.arduino15/packages/m5stack/hardware/esp32/3.2.5/variants/m5stack_cardputer/pins_arduino.h:14:9: note: this is the location of the previous definition
   14 | #define NUM_ANALOG_INPUTS       15
      |         ^~~~~~~~~~~~~~~~~
/home/runner/.arduino15/packages/m5stack/hardware/esp32/3.2.5/cores/esp32/Arduino.h:145:9: warning: "EXTERNAL_NUM_INTERRUPTS" redefined
  145 | #define EXTERNAL_NUM_INTERRUPTS    NUM_DIGITAL_PINS  // All GPIOs
      |         ^~~~~~~~~~~~~~~~~~~~~~~
/home/runner/.arduino15/packages/m5stack/hardware/esp32/3.2.5/variants/m5stack_cardputer/pins_arduino.h:12:9: note: this is the location of the previous definition
   12 | #define EXTERNAL_NUM_INTERRUPTS 23
      |         ^~~~~~~~~~~~~~~~~~~~~~~
/home/runner/.arduino15/packages/m5stack/hardware/esp32/3.2.5/cores/esp32/Arduino.h:146:9: warning: "analogInputToDigitalPin" redefined
  146 | #define analogInputToDigitalPin(p) (((p) < NUM_ANALOG_INPUTS) ? (analogChannelToDigitalPin(p)) : -1)
      |         ^~~~~~~~~~~~~~~~~~~~~~~
/home/runner/.arduino15/packages/m5stack/hardware/esp32/3.2.5/variants/m5stack_cardputer/pins_arduino.h:16:9: note: this is the location of the previous definition
   16 | #define analogInputToDigitalPin(p) (((p) < 20) ? (analogChannelToDigitalPin(p)) : -1)
      |         ^~~~~~~~~~~~~~~~~~~~~~~
/home/runner/.arduino15/packages/m5stack/hardware/esp32/3.2.5/cores/esp32/Arduino.h:147:9: warning: "digitalPinToInterrupt" redefined
  147 | #define digitalPinToInterrupt(p)   ((((uint8_t)digitalPinToGPIONumber(p)) < NUM_DIGITAL_PINS) ? (p) : NOT_AN_INTERRUPT)
      |         ^~~~~~~~~~~~~~~~~~~~~
/home/runner/.arduino15/packages/m5stack/hardware/esp32/3.2.5/variants/m5stack_cardputer/pins_arduino.h:17:9: note: this is the location of the previous definition
   17 | #define digitalPinToInterrupt(p)   (((p) < 48) ? (p) : -1)
      |         ^~~~~~~~~~~~~~~~~~~~~
/home/runner/.arduino15/packages/m5stack/hardware/esp32/3.2.5/cores/esp32/Arduino.h:148:9: warning: "digitalPinHasPWM" redefined
  148 | #define digitalPinHasPWM(p)        (((uint8_t)digitalPinToGPIONumber(p)) < NUM_DIGITAL_PINS)
      |         ^~~~~~~~~~~~~~~~
/home/runner/.arduino15/packages/m5stack/hardware/esp32/3.2.5/variants/m5stack_cardputer/pins_arduino.h:18:9: note: this is the location of the previous definition
   18 | #define digitalPinHasPWM(p)        (p < 46)
      |         ^~~~~~~~~~~~~~~~
In file included from /home/runner/Arduino/libraries/M5Cardputer/src/utility/Keyboard/KeyboardReader/IOMatrix.h:8,
                 from /home/runner/Arduino/libraries/M5Cardputer/src/utility/Keyboard/KeyboardReader/IOMatrix.cpp:6:
/home/runner/.arduino15/packages/m5stack/hardware/esp32/3.2.5/cores/esp32/Arduino.h:139:9: warning: "NUM_DIGITAL_PINS" redefined
  139 | #define NUM_DIGITAL_PINS SOC_GPIO_PIN_COUNT  // All GPIOs
      |         ^~~~~~~~~~~~~~~~
In file included from /home/runner/.arduino15/packages/m5stack/hardware/esp32/3.2.5/cores/esp32/Arduino.h:43:
/home/runner/.arduino15/packages/m5stack/hardware/esp32/3.2.5/variants/m5stack_cardputer/pins_arduino.h:13:9: note: this is the location of the previous definition
   13 | #define NUM_DIGITAL_PINS        46
      |         ^~~~~~~~~~~~~~~~
/home/runner/.arduino15/packages/m5stack/hardware/esp32/3.2.5/cores/esp32/Arduino.h:143:9: warning: "NUM_ANALOG_INPUTS" redefined
  143 | #define NUM_ANALOG_INPUTS (SOC_ADC_CHANNEL_NUM(0) + SOC_ADC_CHANNEL_NUM(1))  // Depends on the SoC (ESP32, ESP32S2, ESP32S3, ESP32C3)
      |         ^~~~~~~~~~~~~~~~~
/home/runner/.arduino15/packages/m5stack/hardware/esp32/3.2.5/variants/m5stack_cardputer/pins_arduino.h:14:9: note: this is the location of the previous definition
   14 | #define NUM_ANALOG_INPUTS       15
      |         ^~~~~~~~~~~~~~~~~
/home/runner/.arduino15/packages/m5stack/hardware/esp32/3.2.5/cores/esp32/Arduino.h:145:9: warning: "EXTERNAL_NUM_INTERRUPTS" redefined
  145 | #define EXTERNAL_NUM_INTERRUPTS    NUM_DIGITAL_PINS  // All GPIOs
      |         ^~~~~~~~~~~~~~~~~~~~~~~
/home/runner/.arduino15/packages/m5stack/hardware/esp32/3.2.5/variants/m5stack_cardputer/pins_arduino.h:12:9: note: this is the location of the previous definition
   12 | #define EXTERNAL_NUM_INTERRUPTS 23
      |         ^~~~~~~~~~~~~~~~~~~~~~~
/home/runner/.arduino15/packages/m5stack/hardware/esp32/3.2.5/cores/esp32/Arduino.h:146:9: warning: "analogInputToDigitalPin" redefined
  146 | #define analogInputToDigitalPin(p) (((p) < NUM_ANALOG_INPUTS) ? (analogChannelToDigitalPin(p)) : -1)
      |         ^~~~~~~~~~~~~~~~~~~~~~~
/home/runner/.arduino15/packages/m5stack/hardware/esp32/3.2.5/variants/m5stack_cardputer/pins_arduino.h:16:9: note: this is the location of the previous definition
   16 | #define analogInputToDigitalPin(p) (((p) < 20) ? (analogChannelToDigitalPin(p)) : -1)
      |         ^~~~~~~~~~~~~~~~~~~~~~~
/home/runner/.arduino15/packages/m5stack/hardware/esp32/3.2.5/cores/esp32/Arduino.h:147:9: warning: "digitalPinToInterrupt" redefined
  147 | #define digitalPinToInterrupt(p)   ((((uint8_t)digitalPinToGPIONumber(p)) < NUM_DIGITAL_PINS) ? (p) : NOT_AN_INTERRUPT)
      |         ^~~~~~~~~~~~~~~~~~~~~
/home/runner/.arduino15/packages/m5stack/hardware/esp32/3.2.5/variants/m5stack_cardputer/pins_arduino.h:17:9: note: this is the location of the previous definition
   17 | #define digitalPinToInterrupt(p)   (((p) < 48) ? (p) : -1)
      |         ^~~~~~~~~~~~~~~~~~~~~
/home/runner/.arduino15/packages/m5stack/hardware/esp32/3.2.5/cores/esp32/Arduino.h:148:9: warning: "digitalPinHasPWM" redefined
  148 | #define digitalPinHasPWM(p)        (((uint8_t)digitalPinToGPIONumber(p)) < NUM_DIGITAL_PINS)
      |         ^~~~~~~~~~~~~~~~
/home/runner/.arduino15/packages/m5stack/hardware/esp32/3.2.5/variants/m5stack_cardputer/pins_arduino.h:18:9: note: this is the location of the previous definition
   18 | #define digitalPinHasPWM(p)        (p < 46)
      |         ^~~~~~~~~~~~~~~~
In file included from /home/runner/Arduino/libraries/M5GFX/src/lgfx/v1/platforms/esp32/../esp32/../../misc/DataWrapper.hpp:21,
                 from /home/runner/Arduino/libraries/M5GFX/src/lgfx/v1/platforms/esp32/../esp32/common.hpp:20,
                 from /home/runner/Arduino/libraries/M5GFX/src/lgfx/v1/platforms/esp32/../common.hpp:22,
                 from /home/runner/Arduino/libraries/M5GFX/src/lgfx/v1/platforms/esp32/Bus_SPI.hpp:57,
                 from /home/runner/Arduino/libraries/M5GFX/src/lgfx/v1/platforms/device.hpp:66,
                 from /home/runner/Arduino/libraries/M5GFX/src/M5GFX.h:47,
                 from /home/runner/Arduino/libraries/M5Unified/src/M5Unified.hpp:19,
                 from /home/runner/Arduino/libraries/M5Cardputer/src/utility/Adafruit_TCA8418/Adafruit_TCA8418.h:25,
                 from /home/runner/Arduino/libraries/M5Cardputer/src/utility/Adafruit_TCA8418/Adafruit_TCA8418.cpp:37:
/home/runner/.arduino15/packages/m5stack/hardware/esp32/3.2.5/cores/esp32/Arduino.h:139:9: warning: "NUM_DIGITAL_PINS" redefined
  139 | #define NUM_DIGITAL_PINS SOC_GPIO_PIN_COUNT  // All GPIOs
      |         ^~~~~~~~~~~~~~~~
In file included from /home/runner/.arduino15/packages/m5stack/hardware/esp32/3.2.5/cores/esp32/Arduino.h:43:
/home/runner/.arduino15/packages/m5stack/hardware/esp32/3.2.5/variants/m5stack_cardputer/pins_arduino.h:13:9: note: this is the location of the previous definition
   13 | #define NUM_DIGITAL_PINS        46
      |         ^~~~~~~~~~~~~~~~
/home/runner/.arduino15/packages/m5stack/hardware/esp32/3.2.5/cores/esp32/Arduino.h:143:9: warning: "NUM_ANALOG_INPUTS" redefined
  143 | #define NUM_ANALOG_INPUTS (SOC_ADC_CHANNEL_NUM(0) + SOC_ADC_CHANNEL_NUM(1))  // Depends on the SoC (ESP32, ESP32S2, ESP32S3, ESP32C3)
      |         ^~~~~~~~~~~~~~~~~
/home/runner/.arduino15/packages/m5stack/hardware/esp32/3.2.5/variants/m5stack_cardputer/pins_arduino.h:14:9: note: this is the location of the previous definition
   14 | #define NUM_ANALOG_INPUTS       15
      |         ^~~~~~~~~~~~~~~~~
/home/runner/.arduino15/packages/m5stack/hardware/esp32/3.2.5/cores/esp32/Arduino.h:145:9: warning: "EXTERNAL_NUM_INTERRUPTS" redefined
  145 | #define EXTERNAL_NUM_INTERRUPTS    NUM_DIGITAL_PINS  // All GPIOs
      |         ^~~~~~~~~~~~~~~~~~~~~~~
/home/runner/.arduino15/packages/m5stack/hardware/esp32/3.2.5/variants/m5stack_cardputer/pins_arduino.h:12:9: note: this is the location of the previous definition
   12 | #define EXTERNAL_NUM_INTERRUPTS 23
      |         ^~~~~~~~~~~~~~~~~~~~~~~
/home/runner/.arduino15/packages/m5stack/hardware/esp32/3.2.5/cores/esp32/Arduino.h:146:9: warning: "analogInputToDigitalPin" redefined
  146 | #define analogInputToDigitalPin(p) (((p) < NUM_ANALOG_INPUTS) ? (analogChannelToDigitalPin(p)) : -1)
      |         ^~~~~~~~~~~~~~~~~~~~~~~
/home/runner/.arduino15/packages/m5stack/hardware/esp32/3.2.5/variants/m5stack_cardputer/pins_arduino.h:16:9: note: this is the location of the previous definition
   16 | #define analogInputToDigitalPin(p) (((p) < 20) ? (analogChannelToDigitalPin(p)) : -1)
      |         ^~~~~~~~~~~~~~~~~~~~~~~
/home/runner/.arduino15/packages/m5stack/hardware/esp32/3.2.5/cores/esp32/Arduino.h:147:9: warning: "digitalPinToInterrupt" redefined
  147 | #define digitalPinToInterrupt(p)   ((((uint8_t)digitalPinToGPIONumber(p)) < NUM_DIGITAL_PINS) ? (p) : NOT_AN_INTERRUPT)
      |         ^~~~~~~~~~~~~~~~~~~~~
/home/runner/.arduino15/packages/m5stack/hardware/esp32/3.2.5/variants/m5stack_cardputer/pins_arduino.h:17:9: note: this is the location of the previous definition
   17 | #define digitalPinToInterrupt(p)   (((p) < 48) ? (p) : -1)
      |         ^~~~~~~~~~~~~~~~~~~~~
/home/runner/.arduino15/packages/m5stack/hardware/esp32/3.2.5/cores/esp32/Arduino.h:148:9: warning: "digitalPinHasPWM" redefined
  148 | #define digitalPinHasPWM(p)        (((uint8_t)digitalPinToGPIONumber(p)) < NUM_DIGITAL_PINS)
      |         ^~~~~~~~~~~~~~~~
/home/runner/.arduino15/packages/m5stack/hardware/esp32/3.2.5/variants/m5stack_cardputer/pins_arduino.h:18:9: note: this is the location of the previous definition
   18 | #define digitalPinHasPWM(p)        (p < 46)
      |         ^~~~~~~~~~~~~~~~
In file included from /home/runner/Arduino/libraries/M5Cardputer/src/utility/Keyboard/Keyboard.h:9,
                 from /home/runner/Arduino/libraries/M5Cardputer/src/M5Cardputer.h:9,
                 from /home/runner/Arduino/libraries/M5Cardputer/src/M5Cardputer.cpp:6:
/home/runner/.arduino15/packages/m5stack/hardware/esp32/3.2.5/cores/esp32/Arduino.h:139:9: warning: "NUM_DIGITAL_PINS" redefined
  139 | #define NUM_DIGITAL_PINS SOC_GPIO_PIN_COUNT  // All GPIOs
      |         ^~~~~~~~~~~~~~~~
In file included from /home/runner/.arduino15/packages/m5stack/hardware/esp32/3.2.5/cores/esp32/Arduino.h:43:
/home/runner/.arduino15/packages/m5stack/hardware/esp32/3.2.5/variants/m5stack_cardputer/pins_arduino.h:13:9: note: this is the location of the previous definition
   13 | #define NUM_DIGITAL_PINS        46
      |         ^~~~~~~~~~~~~~~~
/home/runner/.arduino15/packages/m5stack/hardware/esp32/3.2.5/cores/esp32/Arduino.h:143:9: warning: "NUM_ANALOG_INPUTS" redefined
  143 | #define NUM_ANALOG_INPUTS (SOC_ADC_CHANNEL_NUM(0) + SOC_ADC_CHANNEL_NUM(1))  // Depends on the SoC (ESP32, ESP32S2, ESP32S3, ESP32C3)
      |         ^~~~~~~~~~~~~~~~~
/home/runner/.arduino15/packages/m5stack/hardware/esp32/3.2.5/variants/m5stack_cardputer/pins_arduino.h:14:9: note: this is the location of the previous definition
   14 | #define NUM_ANALOG_INPUTS       15
      |         ^~~~~~~~~~~~~~~~~
/home/runner/.arduino15/packages/m5stack/hardware/esp32/3.2.5/cores/esp32/Arduino.h:145:9: warning: "EXTERNAL_NUM_INTERRUPTS" redefined
  145 | #define EXTERNAL_NUM_INTERRUPTS    NUM_DIGITAL_PINS  // All GPIOs
      |         ^~~~~~~~~~~~~~~~~~~~~~~
/home/runner/.arduino15/packages/m5stack/hardware/esp32/3.2.5/variants/m5stack_cardputer/pins_arduino.h:12:9: note: this is the location of the previous definition
   12 | #define EXTERNAL_NUM_INTERRUPTS 23
      |         ^~~~~~~~~~~~~~~~~~~~~~~
/home/runner/.arduino15/packages/m5stack/hardware/esp32/3.2.5/cores/esp32/Arduino.h:146:9: warning: "analogInputToDigitalPin" redefined
  146 | #define analogInputToDigitalPin(p) (((p) < NUM_ANALOG_INPUTS) ? (analogChannelToDigitalPin(p)) : -1)
      |         ^~~~~~~~~~~~~~~~~~~~~~~
/home/runner/.arduino15/packages/m5stack/hardware/esp32/3.2.5/variants/m5stack_cardputer/pins_arduino.h:16:9: note: this is the location of the previous definition
   16 | #define analogInputToDigitalPin(p) (((p) < 20) ? (analogChannelToDigitalPin(p)) : -1)
      |         ^~~~~~~~~~~~~~~~~~~~~~~
/home/runner/.arduino15/packages/m5stack/hardware/esp32/3.2.5/cores/esp32/Arduino.h:147:9: warning: "digitalPinToInterrupt" redefined
  147 | #define digitalPinToInterrupt(p)   ((((uint8_t)digitalPinToGPIONumber(p)) < NUM_DIGITAL_PINS) ? (p) : NOT_AN_INTERRUPT)
      |         ^~~~~~~~~~~~~~~~~~~~~
/home/runner/.arduino15/packages/m5stack/hardware/esp32/3.2.5/variants/m5stack_cardputer/pins_arduino.h:17:9: note: this is the location of the previous definition
   17 | #define digitalPinToInterrupt(p)   (((p) < 48) ? (p) : -1)
      |         ^~~~~~~~~~~~~~~~~~~~~
/home/runner/.arduino15/packages/m5stack/hardware/esp32/3.2.5/cores/esp32/Arduino.h:148:9: warning: "digitalPinHasPWM" redefined
  148 | #define digitalPinHasPWM(p)        (((uint8_t)digitalPinToGPIONumber(p)) < NUM_DIGITAL_PINS)
      |         ^~~~~~~~~~~~~~~~
/home/runner/.arduino15/packages/m5stack/hardware/esp32/3.2.5/variants/m5stack_cardputer/pins_arduino.h:18:9: note: this is the location of the previous definition
   18 | #define digitalPinHasPWM(p)        (p < 46)
      |         ^~~~~~~~~~~~~~~~
In file included from /home/runner/Arduino/libraries/M5Cardputer/src/utility/Keyboard/Keyboard.h:9,
                 from /home/runner/Arduino/libraries/M5Cardputer/src/utility/Keyboard/Keyboard.cpp:6:
/home/runner/.arduino15/packages/m5stack/hardware/esp32/3.2.5/cores/esp32/Arduino.h:139:9: warning: "NUM_DIGITAL_PINS" redefined
  139 | #define NUM_DIGITAL_PINS SOC_GPIO_PIN_COUNT  // All GPIOs
      |         ^~~~~~~~~~~~~~~~
In file included from /home/runner/.arduino15/packages/m5stack/hardware/esp32/3.2.5/cores/esp32/Arduino.h:43:
/home/runner/.arduino15/packages/m5stack/hardware/esp32/3.2.5/variants/m5stack_cardputer/pins_arduino.h:13:9: note: this is the location of the previous definition
   13 | #define NUM_DIGITAL_PINS        46
      |         ^~~~~~~~~~~~~~~~
/home/runner/.arduino15/packages/m5stack/hardware/esp32/3.2.5/cores/esp32/Arduino.h:143:9: warning: "NUM_ANALOG_INPUTS" redefined
  143 | #define NUM_ANALOG_INPUTS (SOC_ADC_CHANNEL_NUM(0) + SOC_ADC_CHANNEL_NUM(1))  // Depends on the SoC (ESP32, ESP32S2, ESP32S3, ESP32C3)
      |         ^~~~~~~~~~~~~~~~~
/home/runner/.arduino15/packages/m5stack/hardware/esp32/3.2.5/variants/m5stack_cardputer/pins_arduino.h:14:9: note: this is the location of the previous definition
   14 | #define NUM_ANALOG_INPUTS       15
      |         ^~~~~~~~~~~~~~~~~
/home/runner/.arduino15/packages/m5stack/hardware/esp32/3.2.5/cores/esp32/Arduino.h:145:9: warning: "EXTERNAL_NUM_INTERRUPTS" redefined
  145 | #define EXTERNAL_NUM_INTERRUPTS    NUM_DIGITAL_PINS  // All GPIOs
      |         ^~~~~~~~~~~~~~~~~~~~~~~
/home/runner/.arduino15/packages/m5stack/hardware/esp32/3.2.5/variants/m5stack_cardputer/pins_arduino.h:12:9: note: this is the location of the previous definition
   12 | #define EXTERNAL_NUM_INTERRUPTS 23
      |         ^~~~~~~~~~~~~~~~~~~~~~~
/home/runner/.arduino15/packages/m5stack/hardware/esp32/3.2.5/cores/esp32/Arduino.h:146:9: warning: "analogInputToDigitalPin" redefined
  146 | #define analogInputToDigitalPin(p) (((p) < NUM_ANALOG_INPUTS) ? (analogChannelToDigitalPin(p)) : -1)
      |         ^~~~~~~~~~~~~~~~~~~~~~~
/home/runner/.arduino15/packages/m5stack/hardware/esp32/3.2.5/variants/m5stack_cardputer/pins_arduino.h:16:9: note: this is the location of the previous definition
   16 | #define analogInputToDigitalPin(p) (((p) < 20) ? (analogChannelToDigitalPin(p)) : -1)
      |         ^~~~~~~~~~~~~~~~~~~~~~~
/home/runner/.arduino15/packages/m5stack/hardware/esp32/3.2.5/cores/esp32/Arduino.h:147:9: warning: "digitalPinToInterrupt" redefined
  147 | #define digitalPinToInterrupt(p)   ((((uint8_t)digitalPinToGPIONumber(p)) < NUM_DIGITAL_PINS) ? (p) : NOT_AN_INTERRUPT)
      |         ^~~~~~~~~~~~~~~~~~~~~
/home/runner/.arduino15/packages/m5stack/hardware/esp32/3.2.5/variants/m5stack_cardputer/pins_arduino.h:17:9: note: this is the location of the previous definition
   17 | #define digitalPinToInterrupt(p)   (((p) < 48) ? (p) : -1)
      |         ^~~~~~~~~~~~~~~~~~~~~
/home/runner/.arduino15/packages/m5stack/hardware/esp32/3.2.5/cores/esp32/Arduino.h:148:9: warning: "digitalPinHasPWM" redefined
  148 | #define digitalPinHasPWM(p)        (((uint8_t)digitalPinToGPIONumber(p)) < NUM_DIGITAL_PINS)
      |         ^~~~~~~~~~~~~~~~
/home/runner/.arduino15/packages/m5stack/hardware/esp32/3.2.5/variants/m5stack_cardputer/pins_arduino.h:18:9: note: this is the location of the previous definition
   18 | #define digitalPinHasPWM(p)        (p < 46)
      |         ^~~~~~~~~~~~~~~~
In file included from /home/runner/Arduino/libraries/M5GFX/src/lgfx/v1/platforms/esp32/../esp32/../../misc/DataWrapper.hpp:21,
                 from /home/runner/Arduino/libraries/M5GFX/src/lgfx/v1/platforms/esp32/../esp32/common.hpp:20,
                 from /home/runner/Arduino/libraries/M5GFX/src/lgfx/v1/platforms/esp32/../common.hpp:22,
                 from /home/runner/Arduino/libraries/M5GFX/src/lgfx/v1/platforms/esp32/Bus_SPI.hpp:57,
                 from /home/runner/Arduino/libraries/M5GFX/src/lgfx/v1/platforms/device.hpp:66,
                 from /home/runner/Arduino/libraries/M5GFX/src/M5GFX.h:47,
                 from /home/runner/Arduino/libraries/M5Unified/src/M5Unified.hpp:19,
                 from /home/runner/Arduino/libraries/M5Cardputer/src/utility/Keyboard/KeyboardReader/../../Adafruit_TCA8418/Adafruit_TCA8418.h:25,
                 from /home/runner/Arduino/libraries/M5Cardputer/src/utility/Keyboard/KeyboardReader/TCA8418.h:8,
                 from /home/runner/Arduino/libraries/M5Cardputer/src/utility/Keyboard/KeyboardReader/TCA8418.cpp:6:
/home/runner/.arduino15/packages/m5stack/hardware/esp32/3.2.5/cores/esp32/Arduino.h:139:9: warning: "NUM_DIGITAL_PINS" redefined
  139 | #define NUM_DIGITAL_PINS SOC_GPIO_PIN_COUNT  // All GPIOs
      |         ^~~~~~~~~~~~~~~~
In file included from /home/runner/.arduino15/packages/m5stack/hardware/esp32/3.2.5/cores/esp32/Arduino.h:43:
/home/runner/.arduino15/packages/m5stack/hardware/esp32/3.2.5/variants/m5stack_cardputer/pins_arduino.h:13:9: note: this is the location of the previous definition
   13 | #define NUM_DIGITAL_PINS        46
      |         ^~~~~~~~~~~~~~~~
/home/runner/.arduino15/packages/m5stack/hardware/esp32/3.2.5/cores/esp32/Arduino.h:143:9: warning: "NUM_ANALOG_INPUTS" redefined
  143 | #define NUM_ANALOG_INPUTS (SOC_ADC_CHANNEL_NUM(0) + SOC_ADC_CHANNEL_NUM(1))  // Depends on the SoC (ESP32, ESP32S2, ESP32S3, ESP32C3)
      |         ^~~~~~~~~~~~~~~~~
/home/runner/.arduino15/packages/m5stack/hardware/esp32/3.2.5/variants/m5stack_cardputer/pins_arduino.h:14:9: note: this is the location of the previous definition
   14 | #define NUM_ANALOG_INPUTS       15
      |         ^~~~~~~~~~~~~~~~~
/home/runner/.arduino15/packages/m5stack/hardware/esp32/3.2.5/cores/esp32/Arduino.h:145:9: warning: "EXTERNAL_NUM_INTERRUPTS" redefined
  145 | #define EXTERNAL_NUM_INTERRUPTS    NUM_DIGITAL_PINS  // All GPIOs
      |         ^~~~~~~~~~~~~~~~~~~~~~~
/home/runner/.arduino15/packages/m5stack/hardware/esp32/3.2.5/variants/m5stack_cardputer/pins_arduino.h:12:9: note: this is the location of the previous definition
   12 | #define EXTERNAL_NUM_INTERRUPTS 23
      |         ^~~~~~~~~~~~~~~~~~~~~~~
/home/runner/.arduino15/packages/m5stack/hardware/esp32/3.2.5/cores/esp32/Arduino.h:146:9: warning: "analogInputToDigitalPin" redefined
  146 | #define analogInputToDigitalPin(p) (((p) < NUM_ANALOG_INPUTS) ? (analogChannelToDigitalPin(p)) : -1)
      |         ^~~~~~~~~~~~~~~~~~~~~~~
/home/runner/.arduino15/packages/m5stack/hardware/esp32/3.2.5/variants/m5stack_cardputer/pins_arduino.h:16:9: note: this is the location of the previous definition
   16 | #define analogInputToDigitalPin(p) (((p) < 20) ? (analogChannelToDigitalPin(p)) : -1)
      |         ^~~~~~~~~~~~~~~~~~~~~~~
/home/runner/.arduino15/packages/m5stack/hardware/esp32/3.2.5/cores/esp32/Arduino.h:147:9: warning: "digitalPinToInterrupt" redefined
  147 | #define digitalPinToInterrupt(p)   ((((uint8_t)digitalPinToGPIONumber(p)) < NUM_DIGITAL_PINS) ? (p) : NOT_AN_INTERRUPT)
      |         ^~~~~~~~~~~~~~~~~~~~~
/home/runner/.arduino15/packages/m5stack/hardware/esp32/3.2.5/variants/m5stack_cardputer/pins_arduino.h:17:9: note: this is the location of the previous definition
   17 | #define digitalPinToInterrupt(p)   (((p) < 48) ? (p) : -1)
      |         ^~~~~~~~~~~~~~~~~~~~~
/home/runner/.arduino15/packages/m5stack/hardware/esp32/3.2.5/cores/esp32/Arduino.h:148:9: warning: "digitalPinHasPWM" redefined
  148 | #define digitalPinHasPWM(p)        (((uint8_t)digitalPinToGPIONumber(p)) < NUM_DIGITAL_PINS)
      |         ^~~~~~~~~~~~~~~~
/home/runner/.arduino15/packages/m5stack/hardware/esp32/3.2.5/variants/m5stack_cardputer/pins_arduino.h:18:9: note: this is the location of the previous definition
   18 | #define digitalPinHasPWM(p)        (p < 46)
      |         ^~~~~~~~~~~~~~~~
In file included from /home/runner/Arduino/libraries/M5GFX/src/lgfx/v1/platforms/esp32/../esp32/../../misc/DataWrapper.hpp:21,
                 from /home/runner/Arduino/libraries/M5GFX/src/lgfx/v1/platforms/esp32/../esp32/common.hpp:20,
                 from /home/runner/Arduino/libraries/M5GFX/src/lgfx/v1/platforms/esp32/../common.hpp:22,
                 from /home/runner/Arduino/libraries/M5GFX/src/lgfx/v1/platforms/esp32/Bus_SPI.hpp:57,
                 from /home/runner/Arduino/libraries/M5GFX/src/lgfx/v1/platforms/device.hpp:66,
                 from /home/runner/Arduino/libraries/M5GFX/src/M5GFX.h:47,
                 from /home/runner/Arduino/libraries/M5Unified/src/utility/I2C_Class.cpp:6:
/home/runner/.arduino15/packages/m5stack/hardware/esp32/3.2.5/cores/esp32/Arduino.h:139:9: warning: "NUM_DIGITAL_PINS" redefined
  139 | #define NUM_DIGITAL_PINS SOC_GPIO_PIN_COUNT  // All GPIOs
      |         ^~~~~~~~~~~~~~~~
In file included from /home/runner/.arduino15/packages/m5stack/hardware/esp32/3.2.5/cores/esp32/Arduino.h:43:
/home/runner/.arduino15/packages/m5stack/hardware/esp32/3.2.5/variants/m5stack_cardputer/pins_arduino.h:13:9: note: this is the location of the previous definition
   13 | #define NUM_DIGITAL_PINS        46
      |         ^~~~~~~~~~~~~~~~
/home/runner/.arduino15/packages/m5stack/hardware/esp32/3.2.5/cores/esp32/Arduino.h:143:9: warning: "NUM_ANALOG_INPUTS" redefined
  143 | #define NUM_ANALOG_INPUTS (SOC_ADC_CHANNEL_NUM(0) + SOC_ADC_CHANNEL_NUM(1))  // Depends on the SoC (ESP32, ESP32S2, ESP32S3, ESP32C3)
      |         ^~~~~~~~~~~~~~~~~
/home/runner/.arduino15/packages/m5stack/hardware/esp32/3.2.5/variants/m5stack_cardputer/pins_arduino.h:14:9: note: this is the location of the previous definition
   14 | #define NUM_ANALOG_INPUTS       15
      |         ^~~~~~~~~~~~~~~~~
/home/runner/.arduino15/packages/m5stack/hardware/esp32/3.2.5/cores/esp32/Arduino.h:145:9: warning: "EXTERNAL_NUM_INTERRUPTS" redefined
  145 | #define EXTERNAL_NUM_INTERRUPTS    NUM_DIGITAL_PINS  // All GPIOs
      |         ^~~~~~~~~~~~~~~~~~~~~~~
/home/runner/.arduino15/packages/m5stack/hardware/esp32/3.2.5/variants/m5stack_cardputer/pins_arduino.h:12:9: note: this is the location of the previous definition
   12 | #define EXTERNAL_NUM_INTERRUPTS 23
      |         ^~~~~~~~~~~~~~~~~~~~~~~
/home/runner/.arduino15/packages/m5stack/hardware/esp32/3.2.5/cores/esp32/Arduino.h:146:9: warning: "analogInputToDigitalPin" redefined
  146 | #define analogInputToDigitalPin(p) (((p) < NUM_ANALOG_INPUTS) ? (analogChannelToDigitalPin(p)) : -1)
      |         ^~~~~~~~~~~~~~~~~~~~~~~
/home/runner/.arduino15/packages/m5stack/hardware/esp32/3.2.5/variants/m5stack_cardputer/pins_arduino.h:16:9: note: this is the location of the previous definition
   16 | #define analogInputToDigitalPin(p) (((p) < 20) ? (analogChannelToDigitalPin(p)) : -1)
      |         ^~~~~~~~~~~~~~~~~~~~~~~
/home/runner/.arduino15/packages/m5stack/hardware/esp32/3.2.5/cores/esp32/Arduino.h:147:9: warning: "digitalPinToInterrupt" redefined
  147 | #define digitalPinToInterrupt(p)   ((((uint8_t)digitalPinToGPIONumber(p)) < NUM_DIGITAL_PINS) ? (p) : NOT_AN_INTERRUPT)
      |         ^~~~~~~~~~~~~~~~~~~~~
/home/runner/.arduino15/packages/m5stack/hardware/esp32/3.2.5/variants/m5stack_cardputer/pins_arduino.h:17:9: note: this is the location of the previous definition
   17 | #define digitalPinToInterrupt(p)   (((p) < 48) ? (p) : -1)
      |         ^~~~~~~~~~~~~~~~~~~~~
/home/runner/.arduino15/packages/m5stack/hardware/esp32/3.2.5/cores/esp32/Arduino.h:148:9: warning: "digitalPinHasPWM" redefined
  148 | #define digitalPinHasPWM(p)        (((uint8_t)digitalPinToGPIONumber(p)) < NUM_DIGITAL_PINS)
      |         ^~~~~~~~~~~~~~~~
/home/runner/.arduino15/packages/m5stack/hardware/esp32/3.2.5/variants/m5stack_cardputer/pins_arduino.h:18:9: note: this is the location of the previous definition
   18 | #define digitalPinHasPWM(p)        (p < 46)
      |         ^~~~~~~~~~~~~~~~
In file included from /home/runner/Arduino/libraries/M5GFX/src/lgfx/v1/platforms/esp32/../esp32/../../misc/DataWrapper.hpp:21,
                 from /home/runner/Arduino/libraries/M5GFX/src/lgfx/v1/platforms/esp32/../esp32/common.hpp:20,
                 from /home/runner/Arduino/libraries/M5GFX/src/lgfx/v1/platforms/esp32/../common.hpp:22,
                 from /home/runner/Arduino/libraries/M5GFX/src/lgfx/v1/platforms/esp32/Bus_SPI.hpp:57,
                 from /home/runner/Arduino/libraries/M5GFX/src/lgfx/v1/platforms/device.hpp:66,
                 from /home/runner/Arduino/libraries/M5GFX/src/M5GFX.h:47,
                 from /home/runner/Arduino/libraries/M5Unified/src/utility/led/LED_Base.hpp:7,
                 from /home/runner/Arduino/libraries/M5Unified/src/utility/LED_Class.hpp:7,
                 from /home/runner/Arduino/libraries/M5Unified/src/utility/LED_Class.cpp:4:
/home/runner/.arduino15/packages/m5stack/hardware/esp32/3.2.5/cores/esp32/Arduino.h:139:9: warning: "NUM_DIGITAL_PINS" redefined
  139 | #define NUM_DIGITAL_PINS SOC_GPIO_PIN_COUNT  // All GPIOs
      |         ^~~~~~~~~~~~~~~~
In file included from /home/runner/.arduino15/packages/m5stack/hardware/esp32/3.2.5/cores/esp32/Arduino.h:43:
/home/runner/.arduino15/packages/m5stack/hardware/esp32/3.2.5/variants/m5stack_cardputer/pins_arduino.h:13:9: note: this is the location of the previous definition
   13 | #define NUM_DIGITAL_PINS        46
      |         ^~~~~~~~~~~~~~~~
/home/runner/.arduino15/packages/m5stack/hardware/esp32/3.2.5/cores/esp32/Arduino.h:143:9: warning: "NUM_ANALOG_INPUTS" redefined
  143 | #define NUM_ANALOG_INPUTS (SOC_ADC_CHANNEL_NUM(0) + SOC_ADC_CHANNEL_NUM(1))  // Depends on the SoC (ESP32, ESP32S2, ESP32S3, ESP32C3)
      |         ^~~~~~~~~~~~~~~~~
/home/runner/.arduino15/packages/m5stack/hardware/esp32/3.2.5/variants/m5stack_cardputer/pins_arduino.h:14:9: note: this is the location of the previous definition
   14 | #define NUM_ANALOG_INPUTS       15
      |         ^~~~~~~~~~~~~~~~~
/home/runner/.arduino15/packages/m5stack/hardware/esp32/3.2.5/cores/esp32/Arduino.h:145:9: warning: "EXTERNAL_NUM_INTERRUPTS" redefined
  145 | #define EXTERNAL_NUM_INTERRUPTS    NUM_DIGITAL_PINS  // All GPIOs
      |         ^~~~~~~~~~~~~~~~~~~~~~~
/home/runner/.arduino15/packages/m5stack/hardware/esp32/3.2.5/variants/m5stack_cardputer/pins_arduino.h:12:9: note: this is the location of the previous definition
   12 | #define EXTERNAL_NUM_INTERRUPTS 23
      |         ^~~~~~~~~~~~~~~~~~~~~~~
/home/runner/.arduino15/packages/m5stack/hardware/esp32/3.2.5/cores/esp32/Arduino.h:146:9: warning: "analogInputToDigitalPin" redefined
  146 | #define analogInputToDigitalPin(p) (((p) < NUM_ANALOG_INPUTS) ? (analogChannelToDigitalPin(p)) : -1)
      |         ^~~~~~~~~~~~~~~~~~~~~~~
/home/runner/.arduino15/packages/m5stack/hardware/esp32/3.2.5/variants/m5stack_cardputer/pins_arduino.h:16:9: note: this is the location of the previous definition
   16 | #define analogInputToDigitalPin(p) (((p) < 20) ? (analogChannelToDigitalPin(p)) : -1)
      |         ^~~~~~~~~~~~~~~~~~~~~~~
/home/runner/.arduino15/packages/m5stack/hardware/esp32/3.2.5/cores/esp32/Arduino.h:147:9: warning: "digitalPinToInterrupt" redefined
  147 | #define digitalPinToInterrupt(p)   ((((uint8_t)digitalPinToGPIONumber(p)) < NUM_DIGITAL_PINS) ? (p) : NOT_AN_INTERRUPT)
      |         ^~~~~~~~~~~~~~~~~~~~~
/home/runner/.arduino15/packages/m5stack/hardware/esp32/3.2.5/variants/m5stack_cardputer/pins_arduino.h:17:9: note: this is the location of the previous definition
   17 | #define digitalPinToInterrupt(p)   (((p) < 48) ? (p) : -1)
      |         ^~~~~~~~~~~~~~~~~~~~~
/home/runner/.arduino15/packages/m5stack/hardware/esp32/3.2.5/cores/esp32/Arduino.h:148:9: warning: "digitalPinHasPWM" redefined
  148 | #define digitalPinHasPWM(p)        (((uint8_t)digitalPinToGPIONumber(p)) < NUM_DIGITAL_PINS)
      |         ^~~~~~~~~~~~~~~~
/home/runner/.arduino15/packages/m5stack/hardware/esp32/3.2.5/variants/m5stack_cardputer/pins_arduino.h:18:9: note: this is the location of the previous definition
   18 | #define digitalPinHasPWM(p)        (p < 46)
      |         ^~~~~~~~~~~~~~~~
In file included from /home/runner/Arduino/libraries/M5GFX/src/lgfx/v1/platforms/esp32/../esp32/../../misc/DataWrapper.hpp:21,
                 from /home/runner/Arduino/libraries/M5GFX/src/lgfx/v1/platforms/esp32/../esp32/common.hpp:20,
                 from /home/runner/Arduino/libraries/M5GFX/src/lgfx/v1/platforms/esp32/../common.hpp:22,
                 from /home/runner/Arduino/libraries/M5GFX/src/lgfx/v1/platforms/esp32/Bus_SPI.hpp:57,
                 from /home/runner/Arduino/libraries/M5GFX/src/lgfx/v1/platforms/device.hpp:66,
                 from /home/runner/Arduino/libraries/M5GFX/src/M5GFX.h:47,
                 from /home/runner/Arduino/libraries/M5Unified/src/utility/../M5Unified.hpp:19,
                 from /home/runner/Arduino/libraries/M5Unified/src/utility/IMU_Class.cpp:4:
/home/runner/.arduino15/packages/m5stack/hardware/esp32/3.2.5/cores/esp32/Arduino.h:139:9: warning: "NUM_DIGITAL_PINS" redefined
  139 | #define NUM_DIGITAL_PINS SOC_GPIO_PIN_COUNT  // All GPIOs
      |         ^~~~~~~~~~~~~~~~
In file included from /home/runner/.arduino15/packages/m5stack/hardware/esp32/3.2.5/cores/esp32/Arduino.h:43:
/home/runner/.arduino15/packages/m5stack/hardware/esp32/3.2.5/variants/m5stack_cardputer/pins_arduino.h:13:9: note: this is the location of the previous definition
   13 | #define NUM_DIGITAL_PINS        46
      |         ^~~~~~~~~~~~~~~~
/home/runner/.arduino15/packages/m5stack/hardware/esp32/3.2.5/cores/esp32/Arduino.h:143:9: warning: "NUM_ANALOG_INPUTS" redefined
  143 | #define NUM_ANALOG_INPUTS (SOC_ADC_CHANNEL_NUM(0) + SOC_ADC_CHANNEL_NUM(1))  // Depends on the SoC (ESP32, ESP32S2, ESP32S3, ESP32C3)
      |         ^~~~~~~~~~~~~~~~~
/home/runner/.arduino15/packages/m5stack/hardware/esp32/3.2.5/variants/m5stack_cardputer/pins_arduino.h:14:9: note: this is the location of the previous definition
   14 | #define NUM_ANALOG_INPUTS       15
      |         ^~~~~~~~~~~~~~~~~
/home/runner/.arduino15/packages/m5stack/hardware/esp32/3.2.5/cores/esp32/Arduino.h:145:9: warning: "EXTERNAL_NUM_INTERRUPTS" redefined
  145 | #define EXTERNAL_NUM_INTERRUPTS    NUM_DIGITAL_PINS  // All GPIOs
      |         ^~~~~~~~~~~~~~~~~~~~~~~
/home/runner/.arduino15/packages/m5stack/hardware/esp32/3.2.5/variants/m5stack_cardputer/pins_arduino.h:12:9: note: this is the location of the previous definition
   12 | #define EXTERNAL_NUM_INTERRUPTS 23
      |         ^~~~~~~~~~~~~~~~~~~~~~~
/home/runner/.arduino15/packages/m5stack/hardware/esp32/3.2.5/cores/esp32/Arduino.h:146:9: warning: "analogInputToDigitalPin" redefined
  146 | #define analogInputToDigitalPin(p) (((p) < NUM_ANALOG_INPUTS) ? (analogChannelToDigitalPin(p)) : -1)
      |         ^~~~~~~~~~~~~~~~~~~~~~~
/home/runner/.arduino15/packages/m5stack/hardware/esp32/3.2.5/variants/m5stack_cardputer/pins_arduino.h:16:9: note: this is the location of the previous definition
   16 | #define analogInputToDigitalPin(p) (((p) < 20) ? (analogChannelToDigitalPin(p)) : -1)
      |         ^~~~~~~~~~~~~~~~~~~~~~~
/home/runner/.arduino15/packages/m5stack/hardware/esp32/3.2.5/cores/esp32/Arduino.h:147:9: warning: "digitalPinToInterrupt" redefined
  147 | #define digitalPinToInterrupt(p)   ((((uint8_t)digitalPinToGPIONumber(p)) < NUM_DIGITAL_PINS) ? (p) : NOT_AN_INTERRUPT)
      |         ^~~~~~~~~~~~~~~~~~~~~
/home/runner/.arduino15/packages/m5stack/hardware/esp32/3.2.5/variants/m5stack_cardputer/pins_arduino.h:17:9: note: this is the location of the previous definition
   17 | #define digitalPinToInterrupt(p)   (((p) < 48) ? (p) : -1)
      |         ^~~~~~~~~~~~~~~~~~~~~
/home/runner/.arduino15/packages/m5stack/hardware/esp32/3.2.5/cores/esp32/Arduino.h:148:9: warning: "digitalPinHasPWM" redefined
  148 | #define digitalPinHasPWM(p)        (((uint8_t)digitalPinToGPIONumber(p)) < NUM_DIGITAL_PINS)
      |         ^~~~~~~~~~~~~~~~
/home/runner/.arduino15/packages/m5stack/hardware/esp32/3.2.5/variants/m5stack_cardputer/pins_arduino.h:18:9: note: this is the location of the previous definition
   18 | #define digitalPinHasPWM(p)        (p < 46)
      |         ^~~~~~~~~~~~~~~~
In file included from /home/runner/Arduino/libraries/M5GFX/src/lgfx/v1/platforms/esp32/../esp32/../../misc/DataWrapper.hpp:21,
                 from /home/runner/Arduino/libraries/M5GFX/src/lgfx/v1/platforms/esp32/../esp32/common.hpp:20,
                 from /home/runner/Arduino/libraries/M5GFX/src/lgfx/v1/platforms/esp32/../common.hpp:22,
                 from /home/runner/Arduino/libraries/M5GFX/src/lgfx/v1/platforms/esp32/Bus_SPI.hpp:57,
                 from /home/runner/Arduino/libraries/M5GFX/src/lgfx/v1/platforms/device.hpp:66,
                 from /home/runner/Arduino/libraries/M5GFX/src/M5GFX.h:47,
                 from /home/runner/Arduino/libraries/M5Unified/src/M5Unified.hpp:19,
                 from /home/runner/Arduino/libraries/M5Unified/src/M5Unified.cpp:6:
/home/runner/.arduino15/packages/m5stack/hardware/esp32/3.2.5/cores/esp32/Arduino.h:139:9: warning: "NUM_DIGITAL_PINS" redefined
  139 | #define NUM_DIGITAL_PINS SOC_GPIO_PIN_COUNT  // All GPIOs
      |         ^~~~~~~~~~~~~~~~
In file included from /home/runner/.arduino15/packages/m5stack/hardware/esp32/3.2.5/cores/esp32/Arduino.h:43:
/home/runner/.arduino15/packages/m5stack/hardware/esp32/3.2.5/variants/m5stack_cardputer/pins_arduino.h:13:9: note: this is the location of the previous definition
   13 | #define NUM_DIGITAL_PINS        46
      |         ^~~~~~~~~~~~~~~~
/home/runner/.arduino15/packages/m5stack/hardware/esp32/3.2.5/cores/esp32/Arduino.h:143:9: warning: "NUM_ANALOG_INPUTS" redefined
  143 | #define NUM_ANALOG_INPUTS (SOC_ADC_CHANNEL_NUM(0) + SOC_ADC_CHANNEL_NUM(1))  // Depends on the SoC (ESP32, ESP32S2, ESP32S3, ESP32C3)
      |         ^~~~~~~~~~~~~~~~~
/home/runner/.arduino15/packages/m5stack/hardware/esp32/3.2.5/variants/m5stack_cardputer/pins_arduino.h:14:9: note: this is the location of the previous definition
   14 | #define NUM_ANALOG_INPUTS       15
      |         ^~~~~~~~~~~~~~~~~
/home/runner/.arduino15/packages/m5stack/hardware/esp32/3.2.5/cores/esp32/Arduino.h:145:9: warning: "EXTERNAL_NUM_INTERRUPTS" redefined
  145 | #define EXTERNAL_NUM_INTERRUPTS    NUM_DIGITAL_PINS  // All GPIOs
      |         ^~~~~~~~~~~~~~~~~~~~~~~
/home/runner/.arduino15/packages/m5stack/hardware/esp32/3.2.5/variants/m5stack_cardputer/pins_arduino.h:12:9: note: this is the location of the previous definition
   12 | #define EXTERNAL_NUM_INTERRUPTS 23
      |         ^~~~~~~~~~~~~~~~~~~~~~~
/home/runner/.arduino15/packages/m5stack/hardware/esp32/3.2.5/cores/esp32/Arduino.h:146:9: warning: "analogInputToDigitalPin" redefined
  146 | #define analogInputToDigitalPin(p) (((p) < NUM_ANALOG_INPUTS) ? (analogChannelToDigitalPin(p)) : -1)
      |         ^~~~~~~~~~~~~~~~~~~~~~~
/home/runner/.arduino15/packages/m5stack/hardware/esp32/3.2.5/variants/m5stack_cardputer/pins_arduino.h:16:9: note: this is the location of the previous definition
   16 | #define analogInputToDigitalPin(p) (((p) < 20) ? (analogChannelToDigitalPin(p)) : -1)
      |         ^~~~~~~~~~~~~~~~~~~~~~~
/home/runner/.arduino15/packages/m5stack/hardware/esp32/3.2.5/cores/esp32/Arduino.h:147:9: warning: "digitalPinToInterrupt" redefined
  147 | #define digitalPinToInterrupt(p)   ((((uint8_t)digitalPinToGPIONumber(p)) < NUM_DIGITAL_PINS) ? (p) : NOT_AN_INTERRUPT)
      |         ^~~~~~~~~~~~~~~~~~~~~
/home/runner/.arduino15/packages/m5stack/hardware/esp32/3.2.5/variants/m5stack_cardputer/pins_arduino.h:17:9: note: this is the location of the previous definition
   17 | #define digitalPinToInterrupt(p)   (((p) < 48) ? (p) : -1)
      |         ^~~~~~~~~~~~~~~~~~~~~
/home/runner/.arduino15/packages/m5stack/hardware/esp32/3.2.5/cores/esp32/Arduino.h:148:9: warning: "digitalPinHasPWM" redefined
  148 | #define digitalPinHasPWM(p)        (((uint8_t)digitalPinToGPIONumber(p)) < NUM_DIGITAL_PINS)
      |         ^~~~~~~~~~~~~~~~
/home/runner/.arduino15/packages/m5stack/hardware/esp32/3.2.5/variants/m5stack_cardputer/pins_arduino.h:18:9: note: this is the location of the previous definition
   18 | #define digitalPinHasPWM(p)        (p < 46)
      |         ^~~~~~~~~~~~~~~~
/home/runner/Arduino/libraries/M5Unified/src/M5Unified.cpp:798:15: warning: 'void m5::_corep4x_audio_power(M5Unified*, bool)' defined but not used [-Wunused-function]
  798 |   static void _corep4x_audio_power(M5Unified* self, bool enabled)
      |               ^~~~~~~~~~~~~~~~~~~~
In file included from /home/runner/Arduino/libraries/M5GFX/src/lgfx/v1/platforms/esp32/../esp32/../../misc/DataWrapper.hpp:21,
                 from /home/runner/Arduino/libraries/M5GFX/src/lgfx/v1/platforms/esp32/../esp32/common.hpp:20,
                 from /home/runner/Arduino/libraries/M5GFX/src/lgfx/v1/platforms/esp32/../common.hpp:22,
                 from /home/runner/Arduino/libraries/M5GFX/src/lgfx/v1/platforms/esp32/Bus_SPI.hpp:57,
                 from /home/runner/Arduino/libraries/M5GFX/src/lgfx/v1/platforms/device.hpp:66,
                 from /home/runner/Arduino/libraries/M5GFX/src/M5GFX.h:47,
                 from /home/runner/Arduino/libraries/M5Unified/src/utility/Log_Class.hpp:16,
                 from /home/runner/Arduino/libraries/M5Unified/src/utility/Log_Class.cpp:4:
/home/runner/.arduino15/packages/m5stack/hardware/esp32/3.2.5/cores/esp32/Arduino.h:139:9: warning: "NUM_DIGITAL_PINS" redefined
  139 | #define NUM_DIGITAL_PINS SOC_GPIO_PIN_COUNT  // All GPIOs
      |         ^~~~~~~~~~~~~~~~
In file included from /home/runner/.arduino15/packages/m5stack/hardware/esp32/3.2.5/cores/esp32/Arduino.h:43:
/home/runner/.arduino15/packages/m5stack/hardware/esp32/3.2.5/variants/m5stack_cardputer/pins_arduino.h:13:9: note: this is the location of the previous definition
   13 | #define NUM_DIGITAL_PINS        46
      |         ^~~~~~~~~~~~~~~~
/home/runner/.arduino15/packages/m5stack/hardware/esp32/3.2.5/cores/esp32/Arduino.h:143:9: warning: "NUM_ANALOG_INPUTS" redefined
  143 | #define NUM_ANALOG_INPUTS (SOC_ADC_CHANNEL_NUM(0) + SOC_ADC_CHANNEL_NUM(1))  // Depends on the SoC (ESP32, ESP32S2, ESP32S3, ESP32C3)
      |         ^~~~~~~~~~~~~~~~~
/home/runner/.arduino15/packages/m5stack/hardware/esp32/3.2.5/variants/m5stack_cardputer/pins_arduino.h:14:9: note: this is the location of the previous definition
   14 | #define NUM_ANALOG_INPUTS       15
      |         ^~~~~~~~~~~~~~~~~
/home/runner/.arduino15/packages/m5stack/hardware/esp32/3.2.5/cores/esp32/Arduino.h:145:9: warning: "EXTERNAL_NUM_INTERRUPTS" redefined
  145 | #define EXTERNAL_NUM_INTERRUPTS    NUM_DIGITAL_PINS  // All GPIOs
      |         ^~~~~~~~~~~~~~~~~~~~~~~
/home/runner/.arduino15/packages/m5stack/hardware/esp32/3.2.5/variants/m5stack_cardputer/pins_arduino.h:12:9: note: this is the location of the previous definition
   12 | #define EXTERNAL_NUM_INTERRUPTS 23
      |         ^~~~~~~~~~~~~~~~~~~~~~~
/home/runner/.arduino15/packages/m5stack/hardware/esp32/3.2.5/cores/esp32/Arduino.h:146:9: warning: "analogInputToDigitalPin" redefined
  146 | #define analogInputToDigitalPin(p) (((p) < NUM_ANALOG_INPUTS) ? (analogChannelToDigitalPin(p)) : -1)
      |         ^~~~~~~~~~~~~~~~~~~~~~~
/home/runner/.arduino15/packages/m5stack/hardware/esp32/3.2.5/variants/m5stack_cardputer/pins_arduino.h:16:9: note: this is the location of the previous definition
   16 | #define analogInputToDigitalPin(p) (((p) < 20) ? (analogChannelToDigitalPin(p)) : -1)
      |         ^~~~~~~~~~~~~~~~~~~~~~~
/home/runner/.arduino15/packages/m5stack/hardware/esp32/3.2.5/cores/esp32/Arduino.h:147:9: warning: "digitalPinToInterrupt" redefined
  147 | #define digitalPinToInterrupt(p)   ((((uint8_t)digitalPinToGPIONumber(p)) < NUM_DIGITAL_PINS) ? (p) : NOT_AN_INTERRUPT)
      |         ^~~~~~~~~~~~~~~~~~~~~
/home/runner/.arduino15/packages/m5stack/hardware/esp32/3.2.5/variants/m5stack_cardputer/pins_arduino.h:17:9: note: this is the location of the previous definition
   17 | #define digitalPinToInterrupt(p)   (((p) < 48) ? (p) : -1)
      |         ^~~~~~~~~~~~~~~~~~~~~
/home/runner/.arduino15/packages/m5stack/hardware/esp32/3.2.5/cores/esp32/Arduino.h:148:9: warning: "digitalPinHasPWM" redefined
  148 | #define digitalPinHasPWM(p)        (((uint8_t)digitalPinToGPIONumber(p)) < NUM_DIGITAL_PINS)
      |         ^~~~~~~~~~~~~~~~
/home/runner/.arduino15/packages/m5stack/hardware/esp32/3.2.5/variants/m5stack_cardputer/pins_arduino.h:18:9: note: this is the location of the previous definition
   18 | #define digitalPinHasPWM(p)        (p < 46)
      |         ^~~~~~~~~~~~~~~~
In file included from /home/runner/Arduino/libraries/M5GFX/src/lgfx/v1/platforms/esp32/../esp32/../../misc/DataWrapper.hpp:21,
                 from /home/runner/Arduino/libraries/M5GFX/src/lgfx/v1/platforms/esp32/../esp32/common.hpp:20,
                 from /home/runner/Arduino/libraries/M5GFX/src/lgfx/v1/platforms/esp32/../common.hpp:22,
                 from /home/runner/Arduino/libraries/M5GFX/src/lgfx/v1/platforms/esp32/Bus_SPI.hpp:57,
                 from /home/runner/Arduino/libraries/M5GFX/src/lgfx/v1/platforms/device.hpp:66,
                 from /home/runner/Arduino/libraries/M5GFX/src/M5GFX.h:47,
                 from /home/runner/Arduino/libraries/M5Unified/src/utility/M5Timer.cpp:5:
/home/runner/.arduino15/packages/m5stack/hardware/esp32/3.2.5/cores/esp32/Arduino.h:139:9: warning: "NUM_DIGITAL_PINS" redefined
  139 | #define NUM_DIGITAL_PINS SOC_GPIO_PIN_COUNT  // All GPIOs
      |         ^~~~~~~~~~~~~~~~
In file included from /home/runner/.arduino15/packages/m5stack/hardware/esp32/3.2.5/cores/esp32/Arduino.h:43:
/home/runner/.arduino15/packages/m5stack/hardware/esp32/3.2.5/variants/m5stack_cardputer/pins_arduino.h:13:9: note: this is the location of the previous definition
   13 | #define NUM_DIGITAL_PINS        46
      |         ^~~~~~~~~~~~~~~~
/home/runner/.arduino15/packages/m5stack/hardware/esp32/3.2.5/cores/esp32/Arduino.h:143:9: warning: "NUM_ANALOG_INPUTS" redefined
  143 | #define NUM_ANALOG_INPUTS (SOC_ADC_CHANNEL_NUM(0) + SOC_ADC_CHANNEL_NUM(1))  // Depends on the SoC (ESP32, ESP32S2, ESP32S3, ESP32C3)
      |         ^~~~~~~~~~~~~~~~~
/home/runner/.arduino15/packages/m5stack/hardware/esp32/3.2.5/variants/m5stack_cardputer/pins_arduino.h:14:9: note: this is the location of the previous definition
   14 | #define NUM_ANALOG_INPUTS       15
      |         ^~~~~~~~~~~~~~~~~
/home/runner/.arduino15/packages/m5stack/hardware/esp32/3.2.5/cores/esp32/Arduino.h:145:9: warning: "EXTERNAL_NUM_INTERRUPTS" redefined
  145 | #define EXTERNAL_NUM_INTERRUPTS    NUM_DIGITAL_PINS  // All GPIOs
      |         ^~~~~~~~~~~~~~~~~~~~~~~
/home/runner/.arduino15/packages/m5stack/hardware/esp32/3.2.5/variants/m5stack_cardputer/pins_arduino.h:12:9: note: this is the location of the previous definition
   12 | #define EXTERNAL_NUM_INTERRUPTS 23
      |         ^~~~~~~~~~~~~~~~~~~~~~~
/home/runner/.arduino15/packages/m5stack/hardware/esp32/3.2.5/cores/esp32/Arduino.h:146:9: warning: "analogInputToDigitalPin" redefined
  146 | #define analogInputToDigitalPin(p) (((p) < NUM_ANALOG_INPUTS) ? (analogChannelToDigitalPin(p)) : -1)
      |         ^~~~~~~~~~~~~~~~~~~~~~~
/home/runner/.arduino15/packages/m5stack/hardware/esp32/3.2.5/variants/m5stack_cardputer/pins_arduino.h:16:9: note: this is the location of the previous definition
   16 | #define analogInputToDigitalPin(p) (((p) < 20) ? (analogChannelToDigitalPin(p)) : -1)
      |         ^~~~~~~~~~~~~~~~~~~~~~~
/home/runner/.arduino15/packages/m5stack/hardware/esp32/3.2.5/cores/esp32/Arduino.h:147:9: warning: "digitalPinToInterrupt" redefined
  147 | #define digitalPinToInterrupt(p)   ((((uint8_t)digitalPinToGPIONumber(p)) < NUM_DIGITAL_PINS) ? (p) : NOT_AN_INTERRUPT)
      |         ^~~~~~~~~~~~~~~~~~~~~
/home/runner/.arduino15/packages/m5stack/hardware/esp32/3.2.5/variants/m5stack_cardputer/pins_arduino.h:17:9: note: this is the location of the previous definition
   17 | #define digitalPinToInterrupt(p)   (((p) < 48) ? (p) : -1)
      |         ^~~~~~~~~~~~~~~~~~~~~
/home/runner/.arduino15/packages/m5stack/hardware/esp32/3.2.5/cores/esp32/Arduino.h:148:9: warning: "digitalPinHasPWM" redefined
  148 | #define digitalPinHasPWM(p)        (((uint8_t)digitalPinToGPIONumber(p)) < NUM_DIGITAL_PINS)
      |         ^~~~~~~~~~~~~~~~
/home/runner/.arduino15/packages/m5stack/hardware/esp32/3.2.5/variants/m5stack_cardputer/pins_arduino.h:18:9: note: this is the location of the previous definition
   18 | #define digitalPinHasPWM(p)        (p < 46)
      |         ^~~~~~~~~~~~~~~~
In file included from /home/runner/Arduino/libraries/M5GFX/src/lgfx/v1/platforms/esp32/../esp32/../../misc/DataWrapper.hpp:21,
                 from /home/runner/Arduino/libraries/M5GFX/src/lgfx/v1/platforms/esp32/../esp32/common.hpp:20,
                 from /home/runner/Arduino/libraries/M5GFX/src/lgfx/v1/platforms/esp32/../common.hpp:22,
                 from /home/runner/Arduino/libraries/M5GFX/src/lgfx/v1/platforms/esp32/Bus_SPI.hpp:57,
                 from /home/runner/Arduino/libraries/M5GFX/src/lgfx/v1/platforms/device.hpp:66,
                 from /home/runner/Arduino/libraries/M5GFX/src/M5GFX.h:47,
                 from /home/runner/Arduino/libraries/M5Unified/src/utility/../M5Unified.hpp:19,
                 from /home/runner/Arduino/libraries/M5Unified/src/utility/Mic_Class.cpp:6:
/home/runner/.arduino15/packages/m5stack/hardware/esp32/3.2.5/cores/esp32/Arduino.h:139:9: warning: "NUM_DIGITAL_PINS" redefined
  139 | #define NUM_DIGITAL_PINS SOC_GPIO_PIN_COUNT  // All GPIOs
      |         ^~~~~~~~~~~~~~~~
In file included from /home/runner/.arduino15/packages/m5stack/hardware/esp32/3.2.5/cores/esp32/Arduino.h:43:
/home/runner/.arduino15/packages/m5stack/hardware/esp32/3.2.5/variants/m5stack_cardputer/pins_arduino.h:13:9: note: this is the location of the previous definition
   13 | #define NUM_DIGITAL_PINS        46
      |         ^~~~~~~~~~~~~~~~
/home/runner/.arduino15/packages/m5stack/hardware/esp32/3.2.5/cores/esp32/Arduino.h:143:9: warning: "NUM_ANALOG_INPUTS" redefined
  143 | #define NUM_ANALOG_INPUTS (SOC_ADC_CHANNEL_NUM(0) + SOC_ADC_CHANNEL_NUM(1))  // Depends on the SoC (ESP32, ESP32S2, ESP32S3, ESP32C3)
      |         ^~~~~~~~~~~~~~~~~
/home/runner/.arduino15/packages/m5stack/hardware/esp32/3.2.5/variants/m5stack_cardputer/pins_arduino.h:14:9: note: this is the location of the previous definition
   14 | #define NUM_ANALOG_INPUTS       15
      |         ^~~~~~~~~~~~~~~~~
/home/runner/.arduino15/packages/m5stack/hardware/esp32/3.2.5/cores/esp32/Arduino.h:145:9: warning: "EXTERNAL_NUM_INTERRUPTS" redefined
  145 | #define EXTERNAL_NUM_INTERRUPTS    NUM_DIGITAL_PINS  // All GPIOs
      |         ^~~~~~~~~~~~~~~~~~~~~~~
/home/runner/.arduino15/packages/m5stack/hardware/esp32/3.2.5/variants/m5stack_cardputer/pins_arduino.h:12:9: note: this is the location of the previous definition
   12 | #define EXTERNAL_NUM_INTERRUPTS 23
      |         ^~~~~~~~~~~~~~~~~~~~~~~
/home/runner/.arduino15/packages/m5stack/hardware/esp32/3.2.5/cores/esp32/Arduino.h:146:9: warning: "analogInputToDigitalPin" redefined
  146 | #define analogInputToDigitalPin(p) (((p) < NUM_ANALOG_INPUTS) ? (analogChannelToDigitalPin(p)) : -1)
      |         ^~~~~~~~~~~~~~~~~~~~~~~
/home/runner/.arduino15/packages/m5stack/hardware/esp32/3.2.5/variants/m5stack_cardputer/pins_arduino.h:16:9: note: this is the location of the previous definition
   16 | #define analogInputToDigitalPin(p) (((p) < 20) ? (analogChannelToDigitalPin(p)) : -1)
      |         ^~~~~~~~~~~~~~~~~~~~~~~
/home/runner/.arduino15/packages/m5stack/hardware/esp32/3.2.5/cores/esp32/Arduino.h:147:9: warning: "digitalPinToInterrupt" redefined
  147 | #define digitalPinToInterrupt(p)   ((((uint8_t)digitalPinToGPIONumber(p)) < NUM_DIGITAL_PINS) ? (p) : NOT_AN_INTERRUPT)
      |         ^~~~~~~~~~~~~~~~~~~~~
/home/runner/.arduino15/packages/m5stack/hardware/esp32/3.2.5/variants/m5stack_cardputer/pins_arduino.h:17:9: note: this is the location of the previous definition
   17 | #define digitalPinToInterrupt(p)   (((p) < 48) ? (p) : -1)
      |         ^~~~~~~~~~~~~~~~~~~~~
/home/runner/.arduino15/packages/m5stack/hardware/esp32/3.2.5/cores/esp32/Arduino.h:148:9: warning: "digitalPinHasPWM" redefined
  148 | #define digitalPinHasPWM(p)        (((uint8_t)digitalPinToGPIONumber(p)) < NUM_DIGITAL_PINS)
      |         ^~~~~~~~~~~~~~~~
/home/runner/.arduino15/packages/m5stack/hardware/esp32/3.2.5/variants/m5stack_cardputer/pins_arduino.h:18:9: note: this is the location of the previous definition
   18 | #define digitalPinHasPWM(p)        (p < 46)
      |         ^~~~~~~~~~~~~~~~
In file included from /home/runner/Arduino/libraries/M5GFX/src/lgfx/v1/platforms/esp32/../esp32/../../misc/DataWrapper.hpp:21,
                 from /home/runner/Arduino/libraries/M5GFX/src/lgfx/v1/platforms/esp32/../esp32/common.hpp:20,
                 from /home/runner/Arduino/libraries/M5GFX/src/lgfx/v1/platforms/esp32/../common.hpp:22,
                 from /home/runner/Arduino/libraries/M5GFX/src/lgfx/v1/platforms/esp32/Bus_SPI.hpp:57,
                 from /home/runner/Arduino/libraries/M5GFX/src/lgfx/v1/platforms/device.hpp:66,
                 from /home/runner/Arduino/libraries/M5GFX/src/M5GFX.h:47,
                 from /home/runner/Arduino/libraries/M5Unified/src/utility/../M5Unified.hpp:19,
                 from /home/runner/Arduino/libraries/M5Unified/src/utility/RTC_Class.cpp:4:
/home/runner/.arduino15/packages/m5stack/hardware/esp32/3.2.5/cores/esp32/Arduino.h:139:9: warning: "NUM_DIGITAL_PINS" redefined
  139 | #define NUM_DIGITAL_PINS SOC_GPIO_PIN_COUNT  // All GPIOs
      |         ^~~~~~~~~~~~~~~~
In file included from /home/runner/.arduino15/packages/m5stack/hardware/esp32/3.2.5/cores/esp32/Arduino.h:43:
/home/runner/.arduino15/packages/m5stack/hardware/esp32/3.2.5/variants/m5stack_cardputer/pins_arduino.h:13:9: note: this is the location of the previous definition
   13 | #define NUM_DIGITAL_PINS        46
      |         ^~~~~~~~~~~~~~~~
/home/runner/.arduino15/packages/m5stack/hardware/esp32/3.2.5/cores/esp32/Arduino.h:143:9: warning: "NUM_ANALOG_INPUTS" redefined
  143 | #define NUM_ANALOG_INPUTS (SOC_ADC_CHANNEL_NUM(0) + SOC_ADC_CHANNEL_NUM(1))  // Depends on the SoC (ESP32, ESP32S2, ESP32S3, ESP32C3)
      |         ^~~~~~~~~~~~~~~~~
/home/runner/.arduino15/packages/m5stack/hardware/esp32/3.2.5/variants/m5stack_cardputer/pins_arduino.h:14:9: note: this is the location of the previous definition
   14 | #define NUM_ANALOG_INPUTS       15
      |         ^~~~~~~~~~~~~~~~~
/home/runner/.arduino15/packages/m5stack/hardware/esp32/3.2.5/cores/esp32/Arduino.h:145:9: warning: "EXTERNAL_NUM_INTERRUPTS" redefined
  145 | #define EXTERNAL_NUM_INTERRUPTS    NUM_DIGITAL_PINS  // All GPIOs
      |         ^~~~~~~~~~~~~~~~~~~~~~~
/home/runner/.arduino15/packages/m5stack/hardware/esp32/3.2.5/variants/m5stack_cardputer/pins_arduino.h:12:9: note: this is the location of the previous definition
   12 | #define EXTERNAL_NUM_INTERRUPTS 23
      |         ^~~~~~~~~~~~~~~~~~~~~~~
/home/runner/.arduino15/packages/m5stack/hardware/esp32/3.2.5/cores/esp32/Arduino.h:146:9: warning: "analogInputToDigitalPin" redefined
  146 | #define analogInputToDigitalPin(p) (((p) < NUM_ANALOG_INPUTS) ? (analogChannelToDigitalPin(p)) : -1)
      |         ^~~~~~~~~~~~~~~~~~~~~~~
/home/runner/.arduino15/packages/m5stack/hardware/esp32/3.2.5/variants/m5stack_cardputer/pins_arduino.h:16:9: note: this is the location of the previous definition
   16 | #define analogInputToDigitalPin(p) (((p) < 20) ? (analogChannelToDigitalPin(p)) : -1)
      |         ^~~~~~~~~~~~~~~~~~~~~~~
/home/runner/.arduino15/packages/m5stack/hardware/esp32/3.2.5/cores/esp32/Arduino.h:147:9: warning: "digitalPinToInterrupt" redefined
  147 | #define digitalPinToInterrupt(p)   ((((uint8_t)digitalPinToGPIONumber(p)) < NUM_DIGITAL_PINS) ? (p) : NOT_AN_INTERRUPT)
      |         ^~~~~~~~~~~~~~~~~~~~~
/home/runner/.arduino15/packages/m5stack/hardware/esp32/3.2.5/variants/m5stack_cardputer/pins_arduino.h:17:9: note: this is the location of the previous definition
   17 | #define digitalPinToInterrupt(p)   (((p) < 48) ? (p) : -1)
      |         ^~~~~~~~~~~~~~~~~~~~~
/home/runner/.arduino15/packages/m5stack/hardware/esp32/3.2.5/cores/esp32/Arduino.h:148:9: warning: "digitalPinHasPWM" redefined
  148 | #define digitalPinHasPWM(p)        (((uint8_t)digitalPinToGPIONumber(p)) < NUM_DIGITAL_PINS)
      |         ^~~~~~~~~~~~~~~~
/home/runner/.arduino15/packages/m5stack/hardware/esp32/3.2.5/variants/m5stack_cardputer/pins_arduino.h:18:9: note: this is the location of the previous definition
   18 | #define digitalPinHasPWM(p)        (p < 46)
      |         ^~~~~~~~~~~~~~~~
In file included from /home/runner/Arduino/libraries/M5GFX/src/lgfx/v1/platforms/esp32/../esp32/../../misc/DataWrapper.hpp:21,
                 from /home/runner/Arduino/libraries/M5GFX/src/lgfx/v1/platforms/esp32/../esp32/common.hpp:20,
                 from /home/runner/Arduino/libraries/M5GFX/src/lgfx/v1/platforms/esp32/../common.hpp:22,
                 from /home/runner/Arduino/libraries/M5GFX/src/lgfx/v1/platforms/esp32/Bus_SPI.hpp:57,
                 from /home/runner/Arduino/libraries/M5GFX/src/lgfx/v1/platforms/device.hpp:66,
                 from /home/runner/Arduino/libraries/M5GFX/src/M5GFX.h:47,
                 from /home/runner/Arduino/libraries/M5Unified/src/utility/../M5Unified.hpp:19,
                 from /home/runner/Arduino/libraries/M5Unified/src/utility/Power_Class.cpp:4:
/home/runner/.arduino15/packages/m5stack/hardware/esp32/3.2.5/cores/esp32/Arduino.h:139:9: warning: "NUM_DIGITAL_PINS" redefined
  139 | #define NUM_DIGITAL_PINS SOC_GPIO_PIN_COUNT  // All GPIOs
      |         ^~~~~~~~~~~~~~~~
In file included from /home/runner/.arduino15/packages/m5stack/hardware/esp32/3.2.5/cores/esp32/Arduino.h:43:
/home/runner/.arduino15/packages/m5stack/hardware/esp32/3.2.5/variants/m5stack_cardputer/pins_arduino.h:13:9: note: this is the location of the previous definition
   13 | #define NUM_DIGITAL_PINS        46
      |         ^~~~~~~~~~~~~~~~
/home/runner/.arduino15/packages/m5stack/hardware/esp32/3.2.5/cores/esp32/Arduino.h:143:9: warning: "NUM_ANALOG_INPUTS" redefined
  143 | #define NUM_ANALOG_INPUTS (SOC_ADC_CHANNEL_NUM(0) + SOC_ADC_CHANNEL_NUM(1))  // Depends on the SoC (ESP32, ESP32S2, ESP32S3, ESP32C3)
      |         ^~~~~~~~~~~~~~~~~
/home/runner/.arduino15/packages/m5stack/hardware/esp32/3.2.5/variants/m5stack_cardputer/pins_arduino.h:14:9: note: this is the location of the previous definition
   14 | #define NUM_ANALOG_INPUTS       15
      |         ^~~~~~~~~~~~~~~~~
/home/runner/.arduino15/packages/m5stack/hardware/esp32/3.2.5/cores/esp32/Arduino.h:145:9: warning: "EXTERNAL_NUM_INTERRUPTS" redefined
  145 | #define EXTERNAL_NUM_INTERRUPTS    NUM_DIGITAL_PINS  // All GPIOs
      |         ^~~~~~~~~~~~~~~~~~~~~~~
/home/runner/.arduino15/packages/m5stack/hardware/esp32/3.2.5/variants/m5stack_cardputer/pins_arduino.h:12:9: note: this is the location of the previous definition
   12 | #define EXTERNAL_NUM_INTERRUPTS 23
      |         ^~~~~~~~~~~~~~~~~~~~~~~
/home/runner/.arduino15/packages/m5stack/hardware/esp32/3.2.5/cores/esp32/Arduino.h:146:9: warning: "analogInputToDigitalPin" redefined
  146 | #define analogInputToDigitalPin(p) (((p) < NUM_ANALOG_INPUTS) ? (analogChannelToDigitalPin(p)) : -1)
      |         ^~~~~~~~~~~~~~~~~~~~~~~
/home/runner/.arduino15/packages/m5stack/hardware/esp32/3.2.5/variants/m5stack_cardputer/pins_arduino.h:16:9: note: this is the location of the previous definition
   16 | #define analogInputToDigitalPin(p) (((p) < 20) ? (analogChannelToDigitalPin(p)) : -1)
      |         ^~~~~~~~~~~~~~~~~~~~~~~
/home/runner/.arduino15/packages/m5stack/hardware/esp32/3.2.5/cores/esp32/Arduino.h:147:9: warning: "digitalPinToInterrupt" redefined
  147 | #define digitalPinToInterrupt(p)   ((((uint8_t)digitalPinToGPIONumber(p)) < NUM_DIGITAL_PINS) ? (p) : NOT_AN_INTERRUPT)
      |         ^~~~~~~~~~~~~~~~~~~~~
/home/runner/.arduino15/packages/m5stack/hardware/esp32/3.2.5/variants/m5stack_cardputer/pins_arduino.h:17:9: note: this is the location of the previous definition
   17 | #define digitalPinToInterrupt(p)   (((p) < 48) ? (p) : -1)
      |         ^~~~~~~~~~~~~~~~~~~~~
/home/runner/.arduino15/packages/m5stack/hardware/esp32/3.2.5/cores/esp32/Arduino.h:148:9: warning: "digitalPinHasPWM" redefined
  148 | #define digitalPinHasPWM(p)        (((uint8_t)digitalPinToGPIONumber(p)) < NUM_DIGITAL_PINS)
      |         ^~~~~~~~~~~~~~~~
/home/runner/.arduino15/packages/m5stack/hardware/esp32/3.2.5/variants/m5stack_cardputer/pins_arduino.h:18:9: note: this is the location of the previous definition
   18 | #define digitalPinHasPWM(p)        (p < 46)
      |         ^~~~~~~~~~~~~~~~
In file included from /home/runner/Arduino/libraries/M5GFX/src/lgfx/v1/platforms/esp32/../esp32/../../misc/DataWrapper.hpp:21,
                 from /home/runner/Arduino/libraries/M5GFX/src/lgfx/v1/platforms/esp32/../esp32/common.hpp:20,
                 from /home/runner/Arduino/libraries/M5GFX/src/lgfx/v1/platforms/esp32/../common.hpp:22,
                 from /home/runner/Arduino/libraries/M5GFX/src/lgfx/v1/platforms/esp32/Bus_SPI.hpp:57,
                 from /home/runner/Arduino/libraries/M5GFX/src/lgfx/v1/platforms/device.hpp:66,
                 from /home/runner/Arduino/libraries/M5GFX/src/M5GFX.h:47,
                 from /home/runner/Arduino/libraries/M5Unified/src/utility/Touch_Class.hpp:7,
                 from /home/runner/Arduino/libraries/M5Unified/src/utility/Touch_Class.cpp:4:
/home/runner/.arduino15/packages/m5stack/hardware/esp32/3.2.5/cores/esp32/Arduino.h:139:9: warning: "NUM_DIGITAL_PINS" redefined
  139 | #define NUM_DIGITAL_PINS SOC_GPIO_PIN_COUNT  // All GPIOs
      |         ^~~~~~~~~~~~~~~~
In file included from /home/runner/.arduino15/packages/m5stack/hardware/esp32/3.2.5/cores/esp32/Arduino.h:43:
/home/runner/.arduino15/packages/m5stack/hardware/esp32/3.2.5/variants/m5stack_cardputer/pins_arduino.h:13:9: note: this is the location of the previous definition
   13 | #define NUM_DIGITAL_PINS        46
      |         ^~~~~~~~~~~~~~~~
/home/runner/.arduino15/packages/m5stack/hardware/esp32/3.2.5/cores/esp32/Arduino.h:143:9: warning: "NUM_ANALOG_INPUTS" redefined
  143 | #define NUM_ANALOG_INPUTS (SOC_ADC_CHANNEL_NUM(0) + SOC_ADC_CHANNEL_NUM(1))  // Depends on the SoC (ESP32, ESP32S2, ESP32S3, ESP32C3)
      |         ^~~~~~~~~~~~~~~~~
/home/runner/.arduino15/packages/m5stack/hardware/esp32/3.2.5/variants/m5stack_cardputer/pins_arduino.h:14:9: note: this is the location of the previous definition
   14 | #define NUM_ANALOG_INPUTS       15
      |         ^~~~~~~~~~~~~~~~~
/home/runner/.arduino15/packages/m5stack/hardware/esp32/3.2.5/cores/esp32/Arduino.h:145:9: warning: "EXTERNAL_NUM_INTERRUPTS" redefined
  145 | #define EXTERNAL_NUM_INTERRUPTS    NUM_DIGITAL_PINS  // All GPIOs
      |         ^~~~~~~~~~~~~~~~~~~~~~~
/home/runner/.arduino15/packages/m5stack/hardware/esp32/3.2.5/variants/m5stack_cardputer/pins_arduino.h:12:9: note: this is the location of the previous definition
   12 | #define EXTERNAL_NUM_INTERRUPTS 23
      |         ^~~~~~~~~~~~~~~~~~~~~~~
/home/runner/.arduino15/packages/m5stack/hardware/esp32/3.2.5/cores/esp32/Arduino.h:146:9: warning: "analogInputToDigitalPin" redefined
  146 | #define analogInputToDigitalPin(p) (((p) < NUM_ANALOG_INPUTS) ? (analogChannelToDigitalPin(p)) : -1)
      |         ^~~~~~~~~~~~~~~~~~~~~~~
/home/runner/.arduino15/packages/m5stack/hardware/esp32/3.2.5/variants/m5stack_cardputer/pins_arduino.h:16:9: note: this is the location of the previous definition
   16 | #define analogInputToDigitalPin(p) (((p) < 20) ? (analogChannelToDigitalPin(p)) : -1)
      |         ^~~~~~~~~~~~~~~~~~~~~~~
/home/runner/.arduino15/packages/m5stack/hardware/esp32/3.2.5/cores/esp32/Arduino.h:147:9: warning: "digitalPinToInterrupt" redefined
  147 | #define digitalPinToInterrupt(p)   ((((uint8_t)digitalPinToGPIONumber(p)) < NUM_DIGITAL_PINS) ? (p) : NOT_AN_INTERRUPT)
      |         ^~~~~~~~~~~~~~~~~~~~~
/home/runner/.arduino15/packages/m5stack/hardware/esp32/3.2.5/variants/m5stack_cardputer/pins_arduino.h:17:9: note: this is the location of the previous definition
   17 | #define digitalPinToInterrupt(p)   (((p) < 48) ? (p) : -1)
      |         ^~~~~~~~~~~~~~~~~~~~~
/home/runner/.arduino15/packages/m5stack/hardware/esp32/3.2.5/cores/esp32/Arduino.h:148:9: warning: "digitalPinHasPWM" redefined
  148 | #define digitalPinHasPWM(p)        (((uint8_t)digitalPinToGPIONumber(p)) < NUM_DIGITAL_PINS)
      |         ^~~~~~~~~~~~~~~~
/home/runner/.arduino15/packages/m5stack/hardware/esp32/3.2.5/variants/m5stack_cardputer/pins_arduino.h:18:9: note: this is the location of the previous definition
   18 | #define digitalPinHasPWM(p)        (p < 46)
      |         ^~~~~~~~~~~~~~~~
In file included from /home/runner/Arduino/libraries/M5GFX/src/lgfx/v1/platforms/esp32/../esp32/../../misc/DataWrapper.hpp:21,
                 from /home/runner/Arduino/libraries/M5GFX/src/lgfx/v1/platforms/esp32/../esp32/common.hpp:20,
                 from /home/runner/Arduino/libraries/M5GFX/src/lgfx/v1/platforms/esp32/../common.hpp:22,
                 from /home/runner/Arduino/libraries/M5GFX/src/lgfx/v1/platforms/esp32/Bus_SPI.hpp:57,
                 from /home/runner/Arduino/libraries/M5GFX/src/lgfx/v1/platforms/device.hpp:66,
                 from /home/runner/Arduino/libraries/M5GFX/src/M5GFX.h:47,
                 from /home/runner/Arduino/libraries/M5Unified/src/utility/../M5Unified.hpp:19,
                 from /home/runner/Arduino/libraries/M5Unified/src/utility/Speaker_Class.cpp:6:
/home/runner/.arduino15/packages/m5stack/hardware/esp32/3.2.5/cores/esp32/Arduino.h:139:9: warning: "NUM_DIGITAL_PINS" redefined
  139 | #define NUM_DIGITAL_PINS SOC_GPIO_PIN_COUNT  // All GPIOs
      |         ^~~~~~~~~~~~~~~~
In file included from /home/runner/.arduino15/packages/m5stack/hardware/esp32/3.2.5/cores/esp32/Arduino.h:43:
/home/runner/.arduino15/packages/m5stack/hardware/esp32/3.2.5/variants/m5stack_cardputer/pins_arduino.h:13:9: note: this is the location of the previous definition
   13 | #define NUM_DIGITAL_PINS        46
      |         ^~~~~~~~~~~~~~~~
/home/runner/.arduino15/packages/m5stack/hardware/esp32/3.2.5/cores/esp32/Arduino.h:143:9: warning: "NUM_ANALOG_INPUTS" redefined
  143 | #define NUM_ANALOG_INPUTS (SOC_ADC_CHANNEL_NUM(0) + SOC_ADC_CHANNEL_NUM(1))  // Depends on the SoC (ESP32, ESP32S2, ESP32S3, ESP32C3)
      |         ^~~~~~~~~~~~~~~~~
/home/runner/.arduino15/packages/m5stack/hardware/esp32/3.2.5/variants/m5stack_cardputer/pins_arduino.h:14:9: note: this is the location of the previous definition
   14 | #define NUM_ANALOG_INPUTS       15
      |         ^~~~~~~~~~~~~~~~~
/home/runner/.arduino15/packages/m5stack/hardware/esp32/3.2.5/cores/esp32/Arduino.h:145:9: warning: "EXTERNAL_NUM_INTERRUPTS" redefined
  145 | #define EXTERNAL_NUM_INTERRUPTS    NUM_DIGITAL_PINS  // All GPIOs
      |         ^~~~~~~~~~~~~~~~~~~~~~~
/home/runner/.arduino15/packages/m5stack/hardware/esp32/3.2.5/variants/m5stack_cardputer/pins_arduino.h:12:9: note: this is the location of the previous definition
   12 | #define EXTERNAL_NUM_INTERRUPTS 23
      |         ^~~~~~~~~~~~~~~~~~~~~~~
/home/runner/.arduino15/packages/m5stack/hardware/esp32/3.2.5/cores/esp32/Arduino.h:146:9: warning: "analogInputToDigitalPin" redefined
  146 | #define analogInputToDigitalPin(p) (((p) < NUM_ANALOG_INPUTS) ? (analogChannelToDigitalPin(p)) : -1)
      |         ^~~~~~~~~~~~~~~~~~~~~~~
/home/runner/.arduino15/packages/m5stack/hardware/esp32/3.2.5/variants/m5stack_cardputer/pins_arduino.h:16:9: note: this is the location of the previous definition
   16 | #define analogInputToDigitalPin(p) (((p) < 20) ? (analogChannelToDigitalPin(p)) : -1)
      |         ^~~~~~~~~~~~~~~~~~~~~~~
/home/runner/.arduino15/packages/m5stack/hardware/esp32/3.2.5/cores/esp32/Arduino.h:147:9: warning: "digitalPinToInterrupt" redefined
  147 | #define digitalPinToInterrupt(p)   ((((uint8_t)digitalPinToGPIONumber(p)) < NUM_DIGITAL_PINS) ? (p) : NOT_AN_INTERRUPT)
      |         ^~~~~~~~~~~~~~~~~~~~~
/home/runner/.arduino15/packages/m5stack/hardware/esp32/3.2.5/variants/m5stack_cardputer/pins_arduino.h:17:9: note: this is the location of the previous definition
   17 | #define digitalPinToInterrupt(p)   (((p) < 48) ? (p) : -1)
      |         ^~~~~~~~~~~~~~~~~~~~~
/home/runner/.arduino15/packages/m5stack/hardware/esp32/3.2.5/cores/esp32/Arduino.h:148:9: warning: "digitalPinHasPWM" redefined
  148 | #define digitalPinHasPWM(p)        (((uint8_t)digitalPinToGPIONumber(p)) < NUM_DIGITAL_PINS)
      |         ^~~~~~~~~~~~~~~~
/home/runner/.arduino15/packages/m5stack/hardware/esp32/3.2.5/variants/m5stack_cardputer/pins_arduino.h:18:9: note: this is the location of the previous definition
   18 | #define digitalPinHasPWM(p)        (p < 46)
      |         ^~~~~~~~~~~~~~~~
In file included from /home/runner/Arduino/libraries/M5GFX/src/lgfx/v1/platforms/esp32/../esp32/../../misc/DataWrapper.hpp:21,
                 from /home/runner/Arduino/libraries/M5GFX/src/lgfx/v1/platforms/esp32/../esp32/common.hpp:20,
                 from /home/runner/Arduino/libraries/M5GFX/src/lgfx/v1/platforms/esp32/../common.hpp:22,
                 from /home/runner/Arduino/libraries/M5GFX/src/lgfx/v1/platforms/esp32/Bus_SPI.hpp:57,
                 from /home/runner/Arduino/libraries/M5GFX/src/lgfx/v1/platforms/device.hpp:66,
                 from /home/runner/Arduino/libraries/M5GFX/src/M5GFX.h:47,
                 from /home/runner/Arduino/libraries/M5Unified/src/utility/led/LED_Base.hpp:7,
                 from /home/runner/Arduino/libraries/M5Unified/src/utility/led/LED_PMIC_Class.hpp:7,
                 from /home/runner/Arduino/libraries/M5Unified/src/utility/led/LED_PMIC_Class.cpp:4:
/home/runner/.arduino15/packages/m5stack/hardware/esp32/3.2.5/cores/esp32/Arduino.h:139:9: warning: "NUM_DIGITAL_PINS" redefined
  139 | #define NUM_DIGITAL_PINS SOC_GPIO_PIN_COUNT  // All GPIOs
      |         ^~~~~~~~~~~~~~~~
In file included from /home/runner/.arduino15/packages/m5stack/hardware/esp32/3.2.5/cores/esp32/Arduino.h:43:
/home/runner/.arduino15/packages/m5stack/hardware/esp32/3.2.5/variants/m5stack_cardputer/pins_arduino.h:13:9: note: this is the location of the previous definition
   13 | #define NUM_DIGITAL_PINS        46
      |         ^~~~~~~~~~~~~~~~
/home/runner/.arduino15/packages/m5stack/hardware/esp32/3.2.5/cores/esp32/Arduino.h:143:9: warning: "NUM_ANALOG_INPUTS" redefined
  143 | #define NUM_ANALOG_INPUTS (SOC_ADC_CHANNEL_NUM(0) + SOC_ADC_CHANNEL_NUM(1))  // Depends on the SoC (ESP32, ESP32S2, ESP32S3, ESP32C3)
      |         ^~~~~~~~~~~~~~~~~
/home/runner/.arduino15/packages/m5stack/hardware/esp32/3.2.5/variants/m5stack_cardputer/pins_arduino.h:14:9: note: this is the location of the previous definition
   14 | #define NUM_ANALOG_INPUTS       15
      |         ^~~~~~~~~~~~~~~~~
/home/runner/.arduino15/packages/m5stack/hardware/esp32/3.2.5/cores/esp32/Arduino.h:145:9: warning: "EXTERNAL_NUM_INTERRUPTS" redefined
  145 | #define EXTERNAL_NUM_INTERRUPTS    NUM_DIGITAL_PINS  // All GPIOs
      |         ^~~~~~~~~~~~~~~~~~~~~~~
/home/runner/.arduino15/packages/m5stack/hardware/esp32/3.2.5/variants/m5stack_cardputer/pins_arduino.h:12:9: note: this is the location of the previous definition
   12 | #define EXTERNAL_NUM_INTERRUPTS 23
      |         ^~~~~~~~~~~~~~~~~~~~~~~
/home/runner/.arduino15/packages/m5stack/hardware/esp32/3.2.5/cores/esp32/Arduino.h:146:9: warning: "analogInputToDigitalPin" redefined
  146 | #define analogInputToDigitalPin(p) (((p) < NUM_ANALOG_INPUTS) ? (analogChannelToDigitalPin(p)) : -1)
      |         ^~~~~~~~~~~~~~~~~~~~~~~
/home/runner/.arduino15/packages/m5stack/hardware/esp32/3.2.5/variants/m5stack_cardputer/pins_arduino.h:16:9: note: this is the location of the previous definition
   16 | #define analogInputToDigitalPin(p) (((p) < 20) ? (analogChannelToDigitalPin(p)) : -1)
      |         ^~~~~~~~~~~~~~~~~~~~~~~
/home/runner/.arduino15/packages/m5stack/hardware/esp32/3.2.5/cores/esp32/Arduino.h:147:9: warning: "digitalPinToInterrupt" redefined
  147 | #define digitalPinToInterrupt(p)   ((((uint8_t)digitalPinToGPIONumber(p)) < NUM_DIGITAL_PINS) ? (p) : NOT_AN_INTERRUPT)
      |         ^~~~~~~~~~~~~~~~~~~~~
/home/runner/.arduino15/packages/m5stack/hardware/esp32/3.2.5/variants/m5stack_cardputer/pins_arduino.h:17:9: note: this is the location of the previous definition
   17 | #define digitalPinToInterrupt(p)   (((p) < 48) ? (p) : -1)
      |         ^~~~~~~~~~~~~~~~~~~~~
/home/runner/.arduino15/packages/m5stack/hardware/esp32/3.2.5/cores/esp32/Arduino.h:148:9: warning: "digitalPinHasPWM" redefined
  148 | #define digitalPinHasPWM(p)        (((uint8_t)digitalPinToGPIONumber(p)) < NUM_DIGITAL_PINS)
      |         ^~~~~~~~~~~~~~~~
/home/runner/.arduino15/packages/m5stack/hardware/esp32/3.2.5/variants/m5stack_cardputer/pins_arduino.h:18:9: note: this is the location of the previous definition
   18 | #define digitalPinHasPWM(p)        (p < 46)
      |         ^~~~~~~~~~~~~~~~
In file included from /home/runner/Arduino/libraries/M5GFX/src/lgfx/v1/platforms/esp32/../esp32/../../misc/DataWrapper.hpp:21,
                 from /home/runner/Arduino/libraries/M5GFX/src/lgfx/v1/platforms/esp32/../esp32/common.hpp:20,
                 from /home/runner/Arduino/libraries/M5GFX/src/lgfx/v1/platforms/esp32/../common.hpp:22,
                 from /home/runner/Arduino/libraries/M5GFX/src/lgfx/v1/platforms/esp32/Bus_SPI.hpp:57,
                 from /home/runner/Arduino/libraries/M5GFX/src/lgfx/v1/platforms/device.hpp:66,
                 from /home/runner/Arduino/libraries/M5GFX/src/M5GFX.h:47,
                 from /home/runner/Arduino/libraries/M5Unified/src/utility/led/LED_Base.hpp:7,
                 from /home/runner/Arduino/libraries/M5Unified/src/utility/led/LED_PowerHub_Class.hpp:7,
                 from /home/runner/Arduino/libraries/M5Unified/src/utility/led/LED_PowerHub_Class.cpp:4:
/home/runner/.arduino15/packages/m5stack/hardware/esp32/3.2.5/cores/esp32/Arduino.h:139:9: warning: "NUM_DIGITAL_PINS" redefined
  139 | #define NUM_DIGITAL_PINS SOC_GPIO_PIN_COUNT  // All GPIOs
      |         ^~~~~~~~~~~~~~~~
In file included from /home/runner/.arduino15/packages/m5stack/hardware/esp32/3.2.5/cores/esp32/Arduino.h:43:
/home/runner/.arduino15/packages/m5stack/hardware/esp32/3.2.5/variants/m5stack_cardputer/pins_arduino.h:13:9: note: this is the location of the previous definition
   13 | #define NUM_DIGITAL_PINS        46
      |         ^~~~~~~~~~~~~~~~
/home/runner/.arduino15/packages/m5stack/hardware/esp32/3.2.5/cores/esp32/Arduino.h:143:9: warning: "NUM_ANALOG_INPUTS" redefined
  143 | #define NUM_ANALOG_INPUTS (SOC_ADC_CHANNEL_NUM(0) + SOC_ADC_CHANNEL_NUM(1))  // Depends on the SoC (ESP32, ESP32S2, ESP32S3, ESP32C3)
      |         ^~~~~~~~~~~~~~~~~
/home/runner/.arduino15/packages/m5stack/hardware/esp32/3.2.5/variants/m5stack_cardputer/pins_arduino.h:14:9: note: this is the location of the previous definition
   14 | #define NUM_ANALOG_INPUTS       15
      |         ^~~~~~~~~~~~~~~~~
/home/runner/.arduino15/packages/m5stack/hardware/esp32/3.2.5/cores/esp32/Arduino.h:145:9: warning: "EXTERNAL_NUM_INTERRUPTS" redefined
  145 | #define EXTERNAL_NUM_INTERRUPTS    NUM_DIGITAL_PINS  // All GPIOs
      |         ^~~~~~~~~~~~~~~~~~~~~~~
/home/runner/.arduino15/packages/m5stack/hardware/esp32/3.2.5/variants/m5stack_cardputer/pins_arduino.h:12:9: note: this is the location of the previous definition
   12 | #define EXTERNAL_NUM_INTERRUPTS 23
      |         ^~~~~~~~~~~~~~~~~~~~~~~
/home/runner/.arduino15/packages/m5stack/hardware/esp32/3.2.5/cores/esp32/Arduino.h:146:9: warning: "analogInputToDigitalPin" redefined
  146 | #define analogInputToDigitalPin(p) (((p) < NUM_ANALOG_INPUTS) ? (analogChannelToDigitalPin(p)) : -1)
      |         ^~~~~~~~~~~~~~~~~~~~~~~
/home/runner/.arduino15/packages/m5stack/hardware/esp32/3.2.5/variants/m5stack_cardputer/pins_arduino.h:16:9: note: this is the location of the previous definition
   16 | #define analogInputToDigitalPin(p) (((p) < 20) ? (analogChannelToDigitalPin(p)) : -1)
      |         ^~~~~~~~~~~~~~~~~~~~~~~
/home/runner/.arduino15/packages/m5stack/hardware/esp32/3.2.5/cores/esp32/Arduino.h:147:9: warning: "digitalPinToInterrupt" redefined
  147 | #define digitalPinToInterrupt(p)   ((((uint8_t)digitalPinToGPIONumber(p)) < NUM_DIGITAL_PINS) ? (p) : NOT_AN_INTERRUPT)
      |         ^~~~~~~~~~~~~~~~~~~~~
/home/runner/.arduino15/packages/m5stack/hardware/esp32/3.2.5/variants/m5stack_cardputer/pins_arduino.h:17:9: note: this is the location of the previous definition
   17 | #define digitalPinToInterrupt(p)   (((p) < 48) ? (p) : -1)
      |         ^~~~~~~~~~~~~~~~~~~~~
/home/runner/.arduino15/packages/m5stack/hardware/esp32/3.2.5/cores/esp32/Arduino.h:148:9: warning: "digitalPinHasPWM" redefined
  148 | #define digitalPinHasPWM(p)        (((uint8_t)digitalPinToGPIONumber(p)) < NUM_DIGITAL_PINS)
      |         ^~~~~~~~~~~~~~~~
/home/runner/.arduino15/packages/m5stack/hardware/esp32/3.2.5/variants/m5stack_cardputer/pins_arduino.h:18:9: note: this is the location of the previous definition
   18 | #define digitalPinHasPWM(p)        (p < 46)
      |         ^~~~~~~~~~~~~~~~
In file included from /home/runner/Arduino/libraries/M5GFX/src/lgfx/v1/platforms/esp32/../esp32/../../misc/DataWrapper.hpp:21,
                 from /home/runner/Arduino/libraries/M5GFX/src/lgfx/v1/platforms/esp32/../esp32/common.hpp:20,
                 from /home/runner/Arduino/libraries/M5GFX/src/lgfx/v1/platforms/esp32/../common.hpp:22,
                 from /home/runner/Arduino/libraries/M5GFX/src/lgfx/v1/platforms/esp32/Bus_SPI.hpp:57,
                 from /home/runner/Arduino/libraries/M5GFX/src/lgfx/v1/platforms/device.hpp:66,
                 from /home/runner/Arduino/libraries/M5GFX/src/M5GFX.h:47,
                 from /home/runner/Arduino/libraries/M5Unified/src/utility/led/LED_Base.hpp:7,
                 from /home/runner/Arduino/libraries/M5Unified/src/utility/led/LED_PaperMono_Class.hpp:7,
                 from /home/runner/Arduino/libraries/M5Unified/src/utility/led/LED_PaperMono_Class.cpp:4:
/home/runner/.arduino15/packages/m5stack/hardware/esp32/3.2.5/cores/esp32/Arduino.h:139:9: warning: "NUM_DIGITAL_PINS" redefined
  139 | #define NUM_DIGITAL_PINS SOC_GPIO_PIN_COUNT  // All GPIOs
      |         ^~~~~~~~~~~~~~~~
In file included from /home/runner/.arduino15/packages/m5stack/hardware/esp32/3.2.5/cores/esp32/Arduino.h:43:
/home/runner/.arduino15/packages/m5stack/hardware/esp32/3.2.5/variants/m5stack_cardputer/pins_arduino.h:13:9: note: this is the location of the previous definition
   13 | #define NUM_DIGITAL_PINS        46
      |         ^~~~~~~~~~~~~~~~
/home/runner/.arduino15/packages/m5stack/hardware/esp32/3.2.5/cores/esp32/Arduino.h:143:9: warning: "NUM_ANALOG_INPUTS" redefined
  143 | #define NUM_ANALOG_INPUTS (SOC_ADC_CHANNEL_NUM(0) + SOC_ADC_CHANNEL_NUM(1))  // Depends on the SoC (ESP32, ESP32S2, ESP32S3, ESP32C3)
      |         ^~~~~~~~~~~~~~~~~
/home/runner/.arduino15/packages/m5stack/hardware/esp32/3.2.5/variants/m5stack_cardputer/pins_arduino.h:14:9: note: this is the location of the previous definition
   14 | #define NUM_ANALOG_INPUTS       15
      |         ^~~~~~~~~~~~~~~~~
/home/runner/.arduino15/packages/m5stack/hardware/esp32/3.2.5/cores/esp32/Arduino.h:145:9: warning: "EXTERNAL_NUM_INTERRUPTS" redefined
  145 | #define EXTERNAL_NUM_INTERRUPTS    NUM_DIGITAL_PINS  // All GPIOs
      |         ^~~~~~~~~~~~~~~~~~~~~~~
/home/runner/.arduino15/packages/m5stack/hardware/esp32/3.2.5/variants/m5stack_cardputer/pins_arduino.h:12:9: note: this is the location of the previous definition
   12 | #define EXTERNAL_NUM_INTERRUPTS 23
      |         ^~~~~~~~~~~~~~~~~~~~~~~
/home/runner/.arduino15/packages/m5stack/hardware/esp32/3.2.5/cores/esp32/Arduino.h:146:9: warning: "analogInputToDigitalPin" redefined
  146 | #define analogInputToDigitalPin(p) (((p) < NUM_ANALOG_INPUTS) ? (analogChannelToDigitalPin(p)) : -1)
      |         ^~~~~~~~~~~~~~~~~~~~~~~
/home/runner/.arduino15/packages/m5stack/hardware/esp32/3.2.5/variants/m5stack_cardputer/pins_arduino.h:16:9: note: this is the location of the previous definition
   16 | #define analogInputToDigitalPin(p) (((p) < 20) ? (analogChannelToDigitalPin(p)) : -1)
      |         ^~~~~~~~~~~~~~~~~~~~~~~
/home/runner/.arduino15/packages/m5stack/hardware/esp32/3.2.5/cores/esp32/Arduino.h:147:9: warning: "digitalPinToInterrupt" redefined
  147 | #define digitalPinToInterrupt(p)   ((((uint8_t)digitalPinToGPIONumber(p)) < NUM_DIGITAL_PINS) ? (p) : NOT_AN_INTERRUPT)
      |         ^~~~~~~~~~~~~~~~~~~~~
/home/runner/.arduino15/packages/m5stack/hardware/esp32/3.2.5/variants/m5stack_cardputer/pins_arduino.h:17:9: note: this is the location of the previous definition
   17 | #define digitalPinToInterrupt(p)   (((p) < 48) ? (p) : -1)
      |         ^~~~~~~~~~~~~~~~~~~~~
/home/runner/.arduino15/packages/m5stack/hardware/esp32/3.2.5/cores/esp32/Arduino.h:148:9: warning: "digitalPinHasPWM" redefined
  148 | #define digitalPinHasPWM(p)        (((uint8_t)digitalPinToGPIONumber(p)) < NUM_DIGITAL_PINS)
      |         ^~~~~~~~~~~~~~~~
/home/runner/.arduino15/packages/m5stack/hardware/esp32/3.2.5/variants/m5stack_cardputer/pins_arduino.h:18:9: note: this is the location of the previous definition
   18 | #define digitalPinHasPWM(p)        (p < 46)
      |         ^~~~~~~~~~~~~~~~
In file included from /home/runner/Arduino/libraries/M5GFX/src/lgfx/v1/platforms/esp32/../esp32/../../misc/DataWrapper.hpp:21,
                 from /home/runner/Arduino/libraries/M5GFX/src/lgfx/v1/platforms/esp32/../esp32/common.hpp:20,
                 from /home/runner/Arduino/libraries/M5GFX/src/lgfx/v1/platforms/esp32/../common.hpp:22,
                 from /home/runner/Arduino/libraries/M5GFX/src/lgfx/v1/platforms/esp32/Bus_SPI.hpp:57,
                 from /home/runner/Arduino/libraries/M5GFX/src/lgfx/v1/platforms/device.hpp:66,
                 from /home/runner/Arduino/libraries/M5GFX/src/M5GFX.h:47,
                 from /home/runner/Arduino/libraries/M5Unified/src/utility/led/LED_Base.hpp:7,
                 from /home/runner/Arduino/libraries/M5Unified/src/utility/led/LED_Strip_Class.hpp:7,
                 from /home/runner/Arduino/libraries/M5Unified/src/utility/led/LED_Strip_Class.cpp:4:
/home/runner/.arduino15/packages/m5stack/hardware/esp32/3.2.5/cores/esp32/Arduino.h:139:9: warning: "NUM_DIGITAL_PINS" redefined
  139 | #define NUM_DIGITAL_PINS SOC_GPIO_PIN_COUNT  // All GPIOs
      |         ^~~~~~~~~~~~~~~~
In file included from /home/runner/.arduino15/packages/m5stack/hardware/esp32/3.2.5/cores/esp32/Arduino.h:43:
/home/runner/.arduino15/packages/m5stack/hardware/esp32/3.2.5/variants/m5stack_cardputer/pins_arduino.h:13:9: note: this is the location of the previous definition
   13 | #define NUM_DIGITAL_PINS        46
      |         ^~~~~~~~~~~~~~~~
/home/runner/.arduino15/packages/m5stack/hardware/esp32/3.2.5/cores/esp32/Arduino.h:143:9: warning: "NUM_ANALOG_INPUTS" redefined
  143 | #define NUM_ANALOG_INPUTS (SOC_ADC_CHANNEL_NUM(0) + SOC_ADC_CHANNEL_NUM(1))  // Depends on the SoC (ESP32, ESP32S2, ESP32S3, ESP32C3)
      |         ^~~~~~~~~~~~~~~~~
/home/runner/.arduino15/packages/m5stack/hardware/esp32/3.2.5/variants/m5stack_cardputer/pins_arduino.h:14:9: note: this is the location of the previous definition
   14 | #define NUM_ANALOG_INPUTS       15
      |         ^~~~~~~~~~~~~~~~~
/home/runner/.arduino15/packages/m5stack/hardware/esp32/3.2.5/cores/esp32/Arduino.h:145:9: warning: "EXTERNAL_NUM_INTERRUPTS" redefined
  145 | #define EXTERNAL_NUM_INTERRUPTS    NUM_DIGITAL_PINS  // All GPIOs
      |         ^~~~~~~~~~~~~~~~~~~~~~~
/home/runner/.arduino15/packages/m5stack/hardware/esp32/3.2.5/variants/m5stack_cardputer/pins_arduino.h:12:9: note: this is the location of the previous definition
   12 | #define EXTERNAL_NUM_INTERRUPTS 23
      |         ^~~~~~~~~~~~~~~~~~~~~~~
/home/runner/.arduino15/packages/m5stack/hardware/esp32/3.2.5/cores/esp32/Arduino.h:146:9: warning: "analogInputToDigitalPin" redefined
  146 | #define analogInputToDigitalPin(p) (((p) < NUM_ANALOG_INPUTS) ? (analogChannelToDigitalPin(p)) : -1)
      |         ^~~~~~~~~~~~~~~~~~~~~~~
/home/runner/.arduino15/packages/m5stack/hardware/esp32/3.2.5/variants/m5stack_cardputer/pins_arduino.h:16:9: note: this is the location of the previous definition
   16 | #define analogInputToDigitalPin(p) (((p) < 20) ? (analogChannelToDigitalPin(p)) : -1)
      |         ^~~~~~~~~~~~~~~~~~~~~~~
/home/runner/.arduino15/packages/m5stack/hardware/esp32/3.2.5/cores/esp32/Arduino.h:147:9: warning: "digitalPinToInterrupt" redefined
  147 | #define digitalPinToInterrupt(p)   ((((uint8_t)digitalPinToGPIONumber(p)) < NUM_DIGITAL_PINS) ? (p) : NOT_AN_INTERRUPT)
      |         ^~~~~~~~~~~~~~~~~~~~~
/home/runner/.arduino15/packages/m5stack/hardware/esp32/3.2.5/variants/m5stack_cardputer/pins_arduino.h:17:9: note: this is the location of the previous definition
   17 | #define digitalPinToInterrupt(p)   (((p) < 48) ? (p) : -1)
      |         ^~~~~~~~~~~~~~~~~~~~~
/home/runner/.arduino15/packages/m5stack/hardware/esp32/3.2.5/cores/esp32/Arduino.h:148:9: warning: "digitalPinHasPWM" redefined
  148 | #define digitalPinHasPWM(p)        (((uint8_t)digitalPinToGPIONumber(p)) < NUM_DIGITAL_PINS)
      |         ^~~~~~~~~~~~~~~~
/home/runner/.arduino15/packages/m5stack/hardware/esp32/3.2.5/variants/m5stack_cardputer/pins_arduino.h:18:9: note: this is the location of the previous definition
   18 | #define digitalPinHasPWM(p)        (p < 46)
      |         ^~~~~~~~~~~~~~~~
In file included from /home/runner/Arduino/libraries/M5GFX/src/lgfx/v1/platforms/esp32/../esp32/../../misc/DataWrapper.hpp:21,
                 from /home/runner/Arduino/libraries/M5GFX/src/lgfx/v1/platforms/esp32/../esp32/common.hpp:20,
                 from /home/runner/Arduino/libraries/M5GFX/src/lgfx/v1/platforms/esp32/../common.hpp:22,
                 from /home/runner/Arduino/libraries/M5GFX/src/lgfx/v1/platforms/esp32/Bus_SPI.hpp:57,
                 from /home/runner/Arduino/libraries/M5GFX/src/lgfx/v1/platforms/device.hpp:66,
                 from /home/runner/Arduino/libraries/M5GFX/src/M5GFX.h:47,
                 from /home/runner/Arduino/libraries/M5Unified/src/utility/power/BQ27220_Class.cpp:6:
/home/runner/.arduino15/packages/m5stack/hardware/esp32/3.2.5/cores/esp32/Arduino.h:139:9: warning: "NUM_DIGITAL_PINS" redefined
  139 | #define NUM_DIGITAL_PINS SOC_GPIO_PIN_COUNT  // All GPIOs
      |         ^~~~~~~~~~~~~~~~
In file included from /home/runner/.arduino15/packages/m5stack/hardware/esp32/3.2.5/cores/esp32/Arduino.h:43:
/home/runner/.arduino15/packages/m5stack/hardware/esp32/3.2.5/variants/m5stack_cardputer/pins_arduino.h:13:9: note: this is the location of the previous definition
   13 | #define NUM_DIGITAL_PINS        46
      |         ^~~~~~~~~~~~~~~~
/home/runner/.arduino15/packages/m5stack/hardware/esp32/3.2.5/cores/esp32/Arduino.h:143:9: warning: "NUM_ANALOG_INPUTS" redefined
  143 | #define NUM_ANALOG_INPUTS (SOC_ADC_CHANNEL_NUM(0) + SOC_ADC_CHANNEL_NUM(1))  // Depends on the SoC (ESP32, ESP32S2, ESP32S3, ESP32C3)
      |         ^~~~~~~~~~~~~~~~~
/home/runner/.arduino15/packages/m5stack/hardware/esp32/3.2.5/variants/m5stack_cardputer/pins_arduino.h:14:9: note: this is the location of the previous definition
   14 | #define NUM_ANALOG_INPUTS       15
      |         ^~~~~~~~~~~~~~~~~
/home/runner/.arduino15/packages/m5stack/hardware/esp32/3.2.5/cores/esp32/Arduino.h:145:9: warning: "EXTERNAL_NUM_INTERRUPTS" redefined
  145 | #define EXTERNAL_NUM_INTERRUPTS    NUM_DIGITAL_PINS  // All GPIOs
      |         ^~~~~~~~~~~~~~~~~~~~~~~
/home/runner/.arduino15/packages/m5stack/hardware/esp32/3.2.5/variants/m5stack_cardputer/pins_arduino.h:12:9: note: this is the location of the previous definition
   12 | #define EXTERNAL_NUM_INTERRUPTS 23
      |         ^~~~~~~~~~~~~~~~~~~~~~~
/home/runner/.arduino15/packages/m5stack/hardware/esp32/3.2.5/cores/esp32/Arduino.h:146:9: warning: "analogInputToDigitalPin" redefined
  146 | #define analogInputToDigitalPin(p) (((p) < NUM_ANALOG_INPUTS) ? (analogChannelToDigitalPin(p)) : -1)
      |         ^~~~~~~~~~~~~~~~~~~~~~~
/home/runner/.arduino15/packages/m5stack/hardware/esp32/3.2.5/variants/m5stack_cardputer/pins_arduino.h:16:9: note: this is the location of the previous definition
   16 | #define analogInputToDigitalPin(p) (((p) < 20) ? (analogChannelToDigitalPin(p)) : -1)
      |         ^~~~~~~~~~~~~~~~~~~~~~~
/home/runner/.arduino15/packages/m5stack/hardware/esp32/3.2.5/cores/esp32/Arduino.h:147:9: warning: "digitalPinToInterrupt" redefined
  147 | #define digitalPinToInterrupt(p)   ((((uint8_t)digitalPinToGPIONumber(p)) < NUM_DIGITAL_PINS) ? (p) : NOT_AN_INTERRUPT)
      |         ^~~~~~~~~~~~~~~~~~~~~
/home/runner/.arduino15/packages/m5stack/hardware/esp32/3.2.5/variants/m5stack_cardputer/pins_arduino.h:17:9: note: this is the location of the previous definition
   17 | #define digitalPinToInterrupt(p)   (((p) < 48) ? (p) : -1)
      |         ^~~~~~~~~~~~~~~~~~~~~
/home/runner/.arduino15/packages/m5stack/hardware/esp32/3.2.5/cores/esp32/Arduino.h:148:9: warning: "digitalPinHasPWM" redefined
  148 | #define digitalPinHasPWM(p)        (((uint8_t)digitalPinToGPIONumber(p)) < NUM_DIGITAL_PINS)
      |         ^~~~~~~~~~~~~~~~
/home/runner/.arduino15/packages/m5stack/hardware/esp32/3.2.5/variants/m5stack_cardputer/pins_arduino.h:18:9: note: this is the location of the previous definition
   18 | #define digitalPinHasPWM(p)        (p < 46)
      |         ^~~~~~~~~~~~~~~~
In file included from /home/runner/Arduino/libraries/M5GFX/src/lgfx/v1/platforms/esp32/../esp32/../../misc/DataWrapper.hpp:21,
                 from /home/runner/Arduino/libraries/M5GFX/src/lgfx/v1/platforms/esp32/../esp32/common.hpp:20,
                 from /home/runner/Arduino/libraries/M5GFX/src/lgfx/v1/platforms/esp32/../common.hpp:22,
                 from /home/runner/Arduino/libraries/M5GFX/src/lgfx/v1/platforms/esp32/Bus_SPI.hpp:57,
                 from /home/runner/Arduino/libraries/M5GFX/src/lgfx/v1/platforms/device.hpp:66,
                 from /home/runner/Arduino/libraries/M5GFX/src/M5GFX.h:47,
                 from /home/runner/Arduino/libraries/M5GFX/src/M5GFX.cpp:4:
/home/runner/.arduino15/packages/m5stack/hardware/esp32/3.2.5/cores/esp32/Arduino.h:139:9: warning: "NUM_DIGITAL_PINS" redefined
  139 | #define NUM_DIGITAL_PINS SOC_GPIO_PIN_COUNT  // All GPIOs
      |         ^~~~~~~~~~~~~~~~
In file included from /home/runner/.arduino15/packages/m5stack/hardware/esp32/3.2.5/cores/esp32/Arduino.h:43:
/home/runner/.arduino15/packages/m5stack/hardware/esp32/3.2.5/variants/m5stack_cardputer/pins_arduino.h:13:9: note: this is the location of the previous definition
   13 | #define NUM_DIGITAL_PINS        46
      |         ^~~~~~~~~~~~~~~~
/home/runner/.arduino15/packages/m5stack/hardware/esp32/3.2.5/cores/esp32/Arduino.h:143:9: warning: "NUM_ANALOG_INPUTS" redefined
  143 | #define NUM_ANALOG_INPUTS (SOC_ADC_CHANNEL_NUM(0) + SOC_ADC_CHANNEL_NUM(1))  // Depends on the SoC (ESP32, ESP32S2, ESP32S3, ESP32C3)
      |         ^~~~~~~~~~~~~~~~~
/home/runner/.arduino15/packages/m5stack/hardware/esp32/3.2.5/variants/m5stack_cardputer/pins_arduino.h:14:9: note: this is the location of the previous definition
   14 | #define NUM_ANALOG_INPUTS       15
      |         ^~~~~~~~~~~~~~~~~
/home/runner/.arduino15/packages/m5stack/hardware/esp32/3.2.5/cores/esp32/Arduino.h:145:9: warning: "EXTERNAL_NUM_INTERRUPTS" redefined
  145 | #define EXTERNAL_NUM_INTERRUPTS    NUM_DIGITAL_PINS  // All GPIOs
      |         ^~~~~~~~~~~~~~~~~~~~~~~
/home/runner/.arduino15/packages/m5stack/hardware/esp32/3.2.5/variants/m5stack_cardputer/pins_arduino.h:12:9: note: this is the location of the previous definition
   12 | #define EXTERNAL_NUM_INTERRUPTS 23
      |         ^~~~~~~~~~~~~~~~~~~~~~~
/home/runner/.arduino15/packages/m5stack/hardware/esp32/3.2.5/cores/esp32/Arduino.h:146:9: warning: "analogInputToDigitalPin" redefined
  146 | #define analogInputToDigitalPin(p) (((p) < NUM_ANALOG_INPUTS) ? (analogChannelToDigitalPin(p)) : -1)
      |         ^~~~~~~~~~~~~~~~~~~~~~~
/home/runner/.arduino15/packages/m5stack/hardware/esp32/3.2.5/variants/m5stack_cardputer/pins_arduino.h:16:9: note: this is the location of the previous definition
   16 | #define analogInputToDigitalPin(p) (((p) < 20) ? (analogChannelToDigitalPin(p)) : -1)
      |         ^~~~~~~~~~~~~~~~~~~~~~~
/home/runner/.arduino15/packages/m5stack/hardware/esp32/3.2.5/cores/esp32/Arduino.h:147:9: warning: "digitalPinToInterrupt" redefined
  147 | #define digitalPinToInterrupt(p)   ((((uint8_t)digitalPinToGPIONumber(p)) < NUM_DIGITAL_PINS) ? (p) : NOT_AN_INTERRUPT)
      |         ^~~~~~~~~~~~~~~~~~~~~
/home/runner/.arduino15/packages/m5stack/hardware/esp32/3.2.5/variants/m5stack_cardputer/pins_arduino.h:17:9: note: this is the location of the previous definition
   17 | #define digitalPinToInterrupt(p)   (((p) < 48) ? (p) : -1)
      |         ^~~~~~~~~~~~~~~~~~~~~
/home/runner/.arduino15/packages/m5stack/hardware/esp32/3.2.5/cores/esp32/Arduino.h:148:9: warning: "digitalPinHasPWM" redefined
  148 | #define digitalPinHasPWM(p)        (((uint8_t)digitalPinToGPIONumber(p)) < NUM_DIGITAL_PINS)
      |         ^~~~~~~~~~~~~~~~
/home/runner/.arduino15/packages/m5stack/hardware/esp32/3.2.5/variants/m5stack_cardputer/pins_arduino.h:18:9: note: this is the location of the previous definition
   18 | #define digitalPinHasPWM(p)        (p < 46)
      |         ^~~~~~~~~~~~~~~~
/home/runner/Arduino/libraries/M5GFX/src/M5GFX.cpp: In member function 'void m5gfx::Panel_M5StackCoreS3::initPanelByTouchVersion()':
/home/runner/Arduino/libraries/M5GFX/src/M5GFX.cpp:561:15: warning: variable 'touch_cipher' set but not used [-Wunused-but-set-variable]
  561 |       uint8_t touch_cipher = 0;
      |               ^~~~~~~~~~~~
In file included from /home/runner/Arduino/libraries/M5GFX/src/lgfx/v1/platforms/esp32/../../misc/DataWrapper.hpp:21,
                 from /home/runner/Arduino/libraries/M5GFX/src/lgfx/v1/platforms/esp32/common.hpp:20,
                 from /home/runner/Arduino/libraries/M5GFX/src/lgfx/v1/platforms/common.hpp:22,
                 from /home/runner/Arduino/libraries/M5GFX/src/lgfx/v1/LGFXBase.hpp:27,
                 from /home/runner/Arduino/libraries/M5GFX/src/lgfx/v1/LGFX_Button.cpp:21:
/home/runner/.arduino15/packages/m5stack/hardware/esp32/3.2.5/cores/esp32/Arduino.h:139:9: warning: "NUM_DIGITAL_PINS" redefined
  139 | #define NUM_DIGITAL_PINS SOC_GPIO_PIN_COUNT  // All GPIOs
      |         ^~~~~~~~~~~~~~~~
In file included from /home/runner/.arduino15/packages/m5stack/hardware/esp32/3.2.5/cores/esp32/Arduino.h:43:
/home/runner/.arduino15/packages/m5stack/hardware/esp32/3.2.5/variants/m5stack_cardputer/pins_arduino.h:13:9: note: this is the location of the previous definition
   13 | #define NUM_DIGITAL_PINS        46
      |         ^~~~~~~~~~~~~~~~
/home/runner/.arduino15/packages/m5stack/hardware/esp32/3.2.5/cores/esp32/Arduino.h:143:9: warning: "NUM_ANALOG_INPUTS" redefined
  143 | #define NUM_ANALOG_INPUTS (SOC_ADC_CHANNEL_NUM(0) + SOC_ADC_CHANNEL_NUM(1))  // Depends on the SoC (ESP32, ESP32S2, ESP32S3, ESP32C3)
      |         ^~~~~~~~~~~~~~~~~
/home/runner/.arduino15/packages/m5stack/hardware/esp32/3.2.5/variants/m5stack_cardputer/pins_arduino.h:14:9: note: this is the location of the previous definition
   14 | #define NUM_ANALOG_INPUTS       15
      |         ^~~~~~~~~~~~~~~~~
/home/runner/.arduino15/packages/m5stack/hardware/esp32/3.2.5/cores/esp32/Arduino.h:145:9: warning: "EXTERNAL_NUM_INTERRUPTS" redefined
  145 | #define EXTERNAL_NUM_INTERRUPTS    NUM_DIGITAL_PINS  // All GPIOs
      |         ^~~~~~~~~~~~~~~~~~~~~~~
/home/runner/.arduino15/packages/m5stack/hardware/esp32/3.2.5/variants/m5stack_cardputer/pins_arduino.h:12:9: note: this is the location of the previous definition
   12 | #define EXTERNAL_NUM_INTERRUPTS 23
      |         ^~~~~~~~~~~~~~~~~~~~~~~
/home/runner/.arduino15/packages/m5stack/hardware/esp32/3.2.5/cores/esp32/Arduino.h:146:9: warning: "analogInputToDigitalPin" redefined
  146 | #define analogInputToDigitalPin(p) (((p) < NUM_ANALOG_INPUTS) ? (analogChannelToDigitalPin(p)) : -1)
      |         ^~~~~~~~~~~~~~~~~~~~~~~
/home/runner/.arduino15/packages/m5stack/hardware/esp32/3.2.5/variants/m5stack_cardputer/pins_arduino.h:16:9: note: this is the location of the previous definition
   16 | #define analogInputToDigitalPin(p) (((p) < 20) ? (analogChannelToDigitalPin(p)) : -1)
      |         ^~~~~~~~~~~~~~~~~~~~~~~
/home/runner/.arduino15/packages/m5stack/hardware/esp32/3.2.5/cores/esp32/Arduino.h:147:9: warning: "digitalPinToInterrupt" redefined
  147 | #define digitalPinToInterrupt(p)   ((((uint8_t)digitalPinToGPIONumber(p)) < NUM_DIGITAL_PINS) ? (p) : NOT_AN_INTERRUPT)
      |         ^~~~~~~~~~~~~~~~~~~~~
/home/runner/.arduino15/packages/m5stack/hardware/esp32/3.2.5/variants/m5stack_cardputer/pins_arduino.h:17:9: note: this is the location of the previous definition
   17 | #define digitalPinToInterrupt(p)   (((p) < 48) ? (p) : -1)
      |         ^~~~~~~~~~~~~~~~~~~~~
/home/runner/.arduino15/packages/m5stack/hardware/esp32/3.2.5/cores/esp32/Arduino.h:148:9: warning: "digitalPinHasPWM" redefined
  148 | #define digitalPinHasPWM(p)        (((uint8_t)digitalPinToGPIONumber(p)) < NUM_DIGITAL_PINS)
      |         ^~~~~~~~~~~~~~~~
/home/runner/.arduino15/packages/m5stack/hardware/esp32/3.2.5/variants/m5stack_cardputer/pins_arduino.h:18:9: note: this is the location of the previous definition
   18 | #define digitalPinHasPWM(p)        (p < 46)
      |         ^~~~~~~~~~~~~~~~
In file included from /home/runner/Arduino/libraries/M5GFX/src/lgfx/v1/platforms/esp32/../../misc/DataWrapper.hpp:21,
                 from /home/runner/Arduino/libraries/M5GFX/src/lgfx/v1/platforms/esp32/common.hpp:20,
                 from /home/runner/Arduino/libraries/M5GFX/src/lgfx/v1/platforms/common.hpp:22,
                 from /home/runner/Arduino/libraries/M5GFX/src/lgfx/v1/LGFXBase.hpp:27,
                 from /home/runner/Arduino/libraries/M5GFX/src/lgfx/v1/LGFX_Sprite.hpp:22,
                 from /home/runner/Arduino/libraries/M5GFX/src/lgfx/v1/LGFX_Sprite.cpp:19:
/home/runner/.arduino15/packages/m5stack/hardware/esp32/3.2.5/cores/esp32/Arduino.h:139:9: warning: "NUM_DIGITAL_PINS" redefined
  139 | #define NUM_DIGITAL_PINS SOC_GPIO_PIN_COUNT  // All GPIOs
      |         ^~~~~~~~~~~~~~~~
In file included from /home/runner/.arduino15/packages/m5stack/hardware/esp32/3.2.5/cores/esp32/Arduino.h:43:
/home/runner/.arduino15/packages/m5stack/hardware/esp32/3.2.5/variants/m5stack_cardputer/pins_arduino.h:13:9: note: this is the location of the previous definition
   13 | #define NUM_DIGITAL_PINS        46
      |         ^~~~~~~~~~~~~~~~
/home/runner/.arduino15/packages/m5stack/hardware/esp32/3.2.5/cores/esp32/Arduino.h:143:9: warning: "NUM_ANALOG_INPUTS" redefined
  143 | #define NUM_ANALOG_INPUTS (SOC_ADC_CHANNEL_NUM(0) + SOC_ADC_CHANNEL_NUM(1))  // Depends on the SoC (ESP32, ESP32S2, ESP32S3, ESP32C3)
      |         ^~~~~~~~~~~~~~~~~
/home/runner/.arduino15/packages/m5stack/hardware/esp32/3.2.5/variants/m5stack_cardputer/pins_arduino.h:14:9: note: this is the location of the previous definition
   14 | #define NUM_ANALOG_INPUTS       15
      |         ^~~~~~~~~~~~~~~~~
/home/runner/.arduino15/packages/m5stack/hardware/esp32/3.2.5/cores/esp32/Arduino.h:145:9: warning: "EXTERNAL_NUM_INTERRUPTS" redefined
  145 | #define EXTERNAL_NUM_INTERRUPTS    NUM_DIGITAL_PINS  // All GPIOs
      |         ^~~~~~~~~~~~~~~~~~~~~~~
/home/runner/.arduino15/packages/m5stack/hardware/esp32/3.2.5/variants/m5stack_cardputer/pins_arduino.h:12:9: note: this is the location of the previous definition
   12 | #define EXTERNAL_NUM_INTERRUPTS 23
      |         ^~~~~~~~~~~~~~~~~~~~~~~
/home/runner/.arduino15/packages/m5stack/hardware/esp32/3.2.5/cores/esp32/Arduino.h:146:9: warning: "analogInputToDigitalPin" redefined
  146 | #define analogInputToDigitalPin(p) (((p) < NUM_ANALOG_INPUTS) ? (analogChannelToDigitalPin(p)) : -1)
      |         ^~~~~~~~~~~~~~~~~~~~~~~
/home/runner/.arduino15/packages/m5stack/hardware/esp32/3.2.5/variants/m5stack_cardputer/pins_arduino.h:16:9: note: this is the location of the previous definition
   16 | #define analogInputToDigitalPin(p) (((p) < 20) ? (analogChannelToDigitalPin(p)) : -1)
      |         ^~~~~~~~~~~~~~~~~~~~~~~
/home/runner/.arduino15/packages/m5stack/hardware/esp32/3.2.5/cores/esp32/Arduino.h:147:9: warning: "digitalPinToInterrupt" redefined
  147 | #define digitalPinToInterrupt(p)   ((((uint8_t)digitalPinToGPIONumber(p)) < NUM_DIGITAL_PINS) ? (p) : NOT_AN_INTERRUPT)
      |         ^~~~~~~~~~~~~~~~~~~~~
/home/runner/.arduino15/packages/m5stack/hardware/esp32/3.2.5/variants/m5stack_cardputer/pins_arduino.h:17:9: note: this is the location of the previous definition
   17 | #define digitalPinToInterrupt(p)   (((p) < 48) ? (p) : -1)
      |         ^~~~~~~~~~~~~~~~~~~~~
/home/runner/.arduino15/packages/m5stack/hardware/esp32/3.2.5/cores/esp32/Arduino.h:148:9: warning: "digitalPinHasPWM" redefined
  148 | #define digitalPinHasPWM(p)        (((uint8_t)digitalPinToGPIONumber(p)) < NUM_DIGITAL_PINS)
      |         ^~~~~~~~~~~~~~~~
/home/runner/.arduino15/packages/m5stack/hardware/esp32/3.2.5/variants/m5stack_cardputer/pins_arduino.h:18:9: note: this is the location of the previous definition
   18 | #define digitalPinHasPWM(p)        (p < 46)
      |         ^~~~~~~~~~~~~~~~
In file included from /home/runner/Arduino/libraries/M5GFX/src/lgfx/v1/misc/../platforms/esp32/../../misc/DataWrapper.hpp:21,
                 from /home/runner/Arduino/libraries/M5GFX/src/lgfx/v1/misc/../platforms/esp32/common.hpp:20,
                 from /home/runner/Arduino/libraries/M5GFX/src/lgfx/v1/misc/../platforms/common.hpp:22,
                 from /home/runner/Arduino/libraries/M5GFX/src/lgfx/v1/misc/DividedFrameBuffer.cpp:22:
/home/runner/.arduino15/packages/m5stack/hardware/esp32/3.2.5/cores/esp32/Arduino.h:139:9: warning: "NUM_DIGITAL_PINS" redefined
  139 | #define NUM_DIGITAL_PINS SOC_GPIO_PIN_COUNT  // All GPIOs
      |         ^~~~~~~~~~~~~~~~
In file included from /home/runner/.arduino15/packages/m5stack/hardware/esp32/3.2.5/cores/esp32/Arduino.h:43:
/home/runner/.arduino15/packages/m5stack/hardware/esp32/3.2.5/variants/m5stack_cardputer/pins_arduino.h:13:9: note: this is the location of the previous definition
   13 | #define NUM_DIGITAL_PINS        46
      |         ^~~~~~~~~~~~~~~~
/home/runner/.arduino15/packages/m5stack/hardware/esp32/3.2.5/cores/esp32/Arduino.h:143:9: warning: "NUM_ANALOG_INPUTS" redefined
  143 | #define NUM_ANALOG_INPUTS (SOC_ADC_CHANNEL_NUM(0) + SOC_ADC_CHANNEL_NUM(1))  // Depends on the SoC (ESP32, ESP32S2, ESP32S3, ESP32C3)
      |         ^~~~~~~~~~~~~~~~~
/home/runner/.arduino15/packages/m5stack/hardware/esp32/3.2.5/variants/m5stack_cardputer/pins_arduino.h:14:9: note: this is the location of the previous definition
   14 | #define NUM_ANALOG_INPUTS       15
      |         ^~~~~~~~~~~~~~~~~
/home/runner/.arduino15/packages/m5stack/hardware/esp32/3.2.5/cores/esp32/Arduino.h:145:9: warning: "EXTERNAL_NUM_INTERRUPTS" redefined
  145 | #define EXTERNAL_NUM_INTERRUPTS    NUM_DIGITAL_PINS  // All GPIOs
      |         ^~~~~~~~~~~~~~~~~~~~~~~
/home/runner/.arduino15/packages/m5stack/hardware/esp32/3.2.5/variants/m5stack_cardputer/pins_arduino.h:12:9: note: this is the location of the previous definition
   12 | #define EXTERNAL_NUM_INTERRUPTS 23
      |         ^~~~~~~~~~~~~~~~~~~~~~~
/home/runner/.arduino15/packages/m5stack/hardware/esp32/3.2.5/cores/esp32/Arduino.h:146:9: warning: "analogInputToDigitalPin" redefined
  146 | #define analogInputToDigitalPin(p) (((p) < NUM_ANALOG_INPUTS) ? (analogChannelToDigitalPin(p)) : -1)
      |         ^~~~~~~~~~~~~~~~~~~~~~~
/home/runner/.arduino15/packages/m5stack/hardware/esp32/3.2.5/variants/m5stack_cardputer/pins_arduino.h:16:9: note: this is the location of the previous definition
   16 | #define analogInputToDigitalPin(p) (((p) < 20) ? (analogChannelToDigitalPin(p)) : -1)
      |         ^~~~~~~~~~~~~~~~~~~~~~~
/home/runner/.arduino15/packages/m5stack/hardware/esp32/3.2.5/cores/esp32/Arduino.h:147:9: warning: "digitalPinToInterrupt" redefined
  147 | #define digitalPinToInterrupt(p)   ((((uint8_t)digitalPinToGPIONumber(p)) < NUM_DIGITAL_PINS) ? (p) : NOT_AN_INTERRUPT)
      |         ^~~~~~~~~~~~~~~~~~~~~
/home/runner/.arduino15/packages/m5stack/hardware/esp32/3.2.5/variants/m5stack_cardputer/pins_arduino.h:17:9: note: this is the location of the previous definition
   17 | #define digitalPinToInterrupt(p)   (((p) < 48) ? (p) : -1)
      |         ^~~~~~~~~~~~~~~~~~~~~
/home/runner/.arduino15/packages/m5stack/hardware/esp32/3.2.5/cores/esp32/Arduino.h:148:9: warning: "digitalPinHasPWM" redefined
  148 | #define digitalPinHasPWM(p)        (((uint8_t)digitalPinToGPIONumber(p)) < NUM_DIGITAL_PINS)
      |         ^~~~~~~~~~~~~~~~
/home/runner/.arduino15/packages/m5stack/hardware/esp32/3.2.5/variants/m5stack_cardputer/pins_arduino.h:18:9: note: this is the location of the previous definition
   18 | #define digitalPinHasPWM(p)        (p < 46)
      |         ^~~~~~~~~~~~~~~~
In file included from /home/runner/Arduino/libraries/M5GFX/src/lgfx/v1/platforms/esp32/../../misc/DataWrapper.hpp:21,
                 from /home/runner/Arduino/libraries/M5GFX/src/lgfx/v1/platforms/esp32/common.hpp:20,
                 from /home/runner/Arduino/libraries/M5GFX/src/lgfx/v1/platforms/common.hpp:22,
                 from /home/runner/Arduino/libraries/M5GFX/src/lgfx/v1/lgfx_fonts.cpp:3:
/home/runner/.arduino15/packages/m5stack/hardware/esp32/3.2.5/cores/esp32/Arduino.h:139:9: warning: "NUM_DIGITAL_PINS" redefined
  139 | #define NUM_DIGITAL_PINS SOC_GPIO_PIN_COUNT  // All GPIOs
      |         ^~~~~~~~~~~~~~~~
In file included from /home/runner/.arduino15/packages/m5stack/hardware/esp32/3.2.5/cores/esp32/Arduino.h:43:
/home/runner/.arduino15/packages/m5stack/hardware/esp32/3.2.5/variants/m5stack_cardputer/pins_arduino.h:13:9: note: this is the location of the previous definition
   13 | #define NUM_DIGITAL_PINS        46
      |         ^~~~~~~~~~~~~~~~
/home/runner/.arduino15/packages/m5stack/hardware/esp32/3.2.5/cores/esp32/Arduino.h:143:9: warning: "NUM_ANALOG_INPUTS" redefined
  143 | #define NUM_ANALOG_INPUTS (SOC_ADC_CHANNEL_NUM(0) + SOC_ADC_CHANNEL_NUM(1))  // Depends on the SoC (ESP32, ESP32S2, ESP32S3, ESP32C3)
      |         ^~~~~~~~~~~~~~~~~
/home/runner/.arduino15/packages/m5stack/hardware/esp32/3.2.5/variants/m5stack_cardputer/pins_arduino.h:14:9: note: this is the location of the previous definition
   14 | #define NUM_ANALOG_INPUTS       15
      |         ^~~~~~~~~~~~~~~~~
/home/runner/.arduino15/packages/m5stack/hardware/esp32/3.2.5/cores/esp32/Arduino.h:145:9: warning: "EXTERNAL_NUM_INTERRUPTS" redefined
  145 | #define EXTERNAL_NUM_INTERRUPTS    NUM_DIGITAL_PINS  // All GPIOs
      |         ^~~~~~~~~~~~~~~~~~~~~~~
/home/runner/.arduino15/packages/m5stack/hardware/esp32/3.2.5/variants/m5stack_cardputer/pins_arduino.h:12:9: note: this is the location of the previous definition
   12 | #define EXTERNAL_NUM_INTERRUPTS 23
      |         ^~~~~~~~~~~~~~~~~~~~~~~
/home/runner/.arduino15/packages/m5stack/hardware/esp32/3.2.5/cores/esp32/Arduino.h:146:9: warning: "analogInputToDigitalPin" redefined
  146 | #define analogInputToDigitalPin(p) (((p) < NUM_ANALOG_INPUTS) ? (analogChannelToDigitalPin(p)) : -1)
      |         ^~~~~~~~~~~~~~~~~~~~~~~
/home/runner/.arduino15/packages/m5stack/hardware/esp32/3.2.5/variants/m5stack_cardputer/pins_arduino.h:16:9: note: this is the location of the previous definition
   16 | #define analogInputToDigitalPin(p) (((p) < 20) ? (analogChannelToDigitalPin(p)) : -1)
      |         ^~~~~~~~~~~~~~~~~~~~~~~
/home/runner/.arduino15/packages/m5stack/hardware/esp32/3.2.5/cores/esp32/Arduino.h:147:9: warning: "digitalPinToInterrupt" redefined
  147 | #define digitalPinToInterrupt(p)   ((((uint8_t)digitalPinToGPIONumber(p)) < NUM_DIGITAL_PINS) ? (p) : NOT_AN_INTERRUPT)
      |         ^~~~~~~~~~~~~~~~~~~~~
/home/runner/.arduino15/packages/m5stack/hardware/esp32/3.2.5/variants/m5stack_cardputer/pins_arduino.h:17:9: note: this is the location of the previous definition
   17 | #define digitalPinToInterrupt(p)   (((p) < 48) ? (p) : -1)
      |         ^~~~~~~~~~~~~~~~~~~~~
/home/runner/.arduino15/packages/m5stack/hardware/esp32/3.2.5/cores/esp32/Arduino.h:148:9: warning: "digitalPinHasPWM" redefined
  148 | #define digitalPinHasPWM(p)        (((uint8_t)digitalPinToGPIONumber(p)) < NUM_DIGITAL_PINS)
      |         ^~~~~~~~~~~~~~~~
/home/runner/.arduino15/packages/m5stack/hardware/esp32/3.2.5/variants/m5stack_cardputer/pins_arduino.h:18:9: note: this is the location of the previous definition
   18 | #define digitalPinHasPWM(p)        (p < 46)
      |         ^~~~~~~~~~~~~~~~
In file included from /home/runner/Arduino/libraries/M5GFX/src/lgfx/v1/misc/../platforms/esp32/../../misc/DataWrapper.hpp:21,
                 from /home/runner/Arduino/libraries/M5GFX/src/lgfx/v1/misc/../platforms/esp32/common.hpp:20,
                 from /home/runner/Arduino/libraries/M5GFX/src/lgfx/v1/misc/../platforms/common.hpp:22,
                 from /home/runner/Arduino/libraries/M5GFX/src/lgfx/v1/misc/SpriteBuffer.cpp:22:
/home/runner/.arduino15/packages/m5stack/hardware/esp32/3.2.5/cores/esp32/Arduino.h:139:9: warning: "NUM_DIGITAL_PINS" redefined
  139 | #define NUM_DIGITAL_PINS SOC_GPIO_PIN_COUNT  // All GPIOs
      |         ^~~~~~~~~~~~~~~~
In file included from /home/runner/.arduino15/packages/m5stack/hardware/esp32/3.2.5/cores/esp32/Arduino.h:43:
/home/runner/.arduino15/packages/m5stack/hardware/esp32/3.2.5/variants/m5stack_cardputer/pins_arduino.h:13:9: note: this is the location of the previous definition
   13 | #define NUM_DIGITAL_PINS        46
      |         ^~~~~~~~~~~~~~~~
/home/runner/.arduino15/packages/m5stack/hardware/esp32/3.2.5/cores/esp32/Arduino.h:143:9: warning: "NUM_ANALOG_INPUTS" redefined
  143 | #define NUM_ANALOG_INPUTS (SOC_ADC_CHANNEL_NUM(0) + SOC_ADC_CHANNEL_NUM(1))  // Depends on the SoC (ESP32, ESP32S2, ESP32S3, ESP32C3)
      |         ^~~~~~~~~~~~~~~~~
/home/runner/.arduino15/packages/m5stack/hardware/esp32/3.2.5/variants/m5stack_cardputer/pins_arduino.h:14:9: note: this is the location of the previous definition
   14 | #define NUM_ANALOG_INPUTS       15
      |         ^~~~~~~~~~~~~~~~~
/home/runner/.arduino15/packages/m5stack/hardware/esp32/3.2.5/cores/esp32/Arduino.h:145:9: warning: "EXTERNAL_NUM_INTERRUPTS" redefined
  145 | #define EXTERNAL_NUM_INTERRUPTS    NUM_DIGITAL_PINS  // All GPIOs
      |         ^~~~~~~~~~~~~~~~~~~~~~~
/home/runner/.arduino15/packages/m5stack/hardware/esp32/3.2.5/variants/m5stack_cardputer/pins_arduino.h:12:9: note: this is the location of the previous definition
   12 | #define EXTERNAL_NUM_INTERRUPTS 23
      |         ^~~~~~~~~~~~~~~~~~~~~~~
/home/runner/.arduino15/packages/m5stack/hardware/esp32/3.2.5/cores/esp32/Arduino.h:146:9: warning: "analogInputToDigitalPin" redefined
  146 | #define analogInputToDigitalPin(p) (((p) < NUM_ANALOG_INPUTS) ? (analogChannelToDigitalPin(p)) : -1)
      |         ^~~~~~~~~~~~~~~~~~~~~~~
/home/runner/.arduino15/packages/m5stack/hardware/esp32/3.2.5/variants/m5stack_cardputer/pins_arduino.h:16:9: note: this is the location of the previous definition
   16 | #define analogInputToDigitalPin(p) (((p) < 20) ? (analogChannelToDigitalPin(p)) : -1)
      |         ^~~~~~~~~~~~~~~~~~~~~~~
/home/runner/.arduino15/packages/m5stack/hardware/esp32/3.2.5/cores/esp32/Arduino.h:147:9: warning: "digitalPinToInterrupt" redefined
  147 | #define digitalPinToInterrupt(p)   ((((uint8_t)digitalPinToGPIONumber(p)) < NUM_DIGITAL_PINS) ? (p) : NOT_AN_INTERRUPT)
      |         ^~~~~~~~~~~~~~~~~~~~~
/home/runner/.arduino15/packages/m5stack/hardware/esp32/3.2.5/variants/m5stack_cardputer/pins_arduino.h:17:9: note: this is the location of the previous definition
   17 | #define digitalPinToInterrupt(p)   (((p) < 48) ? (p) : -1)
      |         ^~~~~~~~~~~~~~~~~~~~~
/home/runner/.arduino15/packages/m5stack/hardware/esp32/3.2.5/cores/esp32/Arduino.h:148:9: warning: "digitalPinHasPWM" redefined
  148 | #define digitalPinHasPWM(p)        (((uint8_t)digitalPinToGPIONumber(p)) < NUM_DIGITAL_PINS)
      |         ^~~~~~~~~~~~~~~~
/home/runner/.arduino15/packages/m5stack/hardware/esp32/3.2.5/variants/m5stack_cardputer/pins_arduino.h:18:9: note: this is the location of the previous definition
   18 | #define digitalPinHasPWM(p)        (p < 46)
      |         ^~~~~~~~~~~~~~~~
In file included from /home/runner/Arduino/libraries/M5GFX/src/lgfx/v1/platforms/esp32/../../misc/DataWrapper.hpp:21,
                 from /home/runner/Arduino/libraries/M5GFX/src/lgfx/v1/platforms/esp32/common.hpp:20,
                 from /home/runner/Arduino/libraries/M5GFX/src/lgfx/v1/platforms/common.hpp:22,
                 from /home/runner/Arduino/libraries/M5GFX/src/lgfx/v1/LGFXBase.hpp:27,
                 from /home/runner/Arduino/libraries/M5GFX/src/lgfx/v1/LGFXBase.cpp:19:
/home/runner/.arduino15/packages/m5stack/hardware/esp32/3.2.5/cores/esp32/Arduino.h:139:9: warning: "NUM_DIGITAL_PINS" redefined
  139 | #define NUM_DIGITAL_PINS SOC_GPIO_PIN_COUNT  // All GPIOs
      |         ^~~~~~~~~~~~~~~~
In file included from /home/runner/.arduino15/packages/m5stack/hardware/esp32/3.2.5/cores/esp32/Arduino.h:43:
/home/runner/.arduino15/packages/m5stack/hardware/esp32/3.2.5/variants/m5stack_cardputer/pins_arduino.h:13:9: note: this is the location of the previous definition
   13 | #define NUM_DIGITAL_PINS        46
      |         ^~~~~~~~~~~~~~~~
/home/runner/.arduino15/packages/m5stack/hardware/esp32/3.2.5/cores/esp32/Arduino.h:143:9: warning: "NUM_ANALOG_INPUTS" redefined
  143 | #define NUM_ANALOG_INPUTS (SOC_ADC_CHANNEL_NUM(0) + SOC_ADC_CHANNEL_NUM(1))  // Depends on the SoC (ESP32, ESP32S2, ESP32S3, ESP32C3)
      |         ^~~~~~~~~~~~~~~~~
/home/runner/.arduino15/packages/m5stack/hardware/esp32/3.2.5/variants/m5stack_cardputer/pins_arduino.h:14:9: note: this is the location of the previous definition
   14 | #define NUM_ANALOG_INPUTS       15
      |         ^~~~~~~~~~~~~~~~~
/home/runner/.arduino15/packages/m5stack/hardware/esp32/3.2.5/cores/esp32/Arduino.h:145:9: warning: "EXTERNAL_NUM_INTERRUPTS" redefined
  145 | #define EXTERNAL_NUM_INTERRUPTS    NUM_DIGITAL_PINS  // All GPIOs
      |         ^~~~~~~~~~~~~~~~~~~~~~~
/home/runner/.arduino15/packages/m5stack/hardware/esp32/3.2.5/variants/m5stack_cardputer/pins_arduino.h:12:9: note: this is the location of the previous definition
   12 | #define EXTERNAL_NUM_INTERRUPTS 23
      |         ^~~~~~~~~~~~~~~~~~~~~~~
/home/runner/.arduino15/packages/m5stack/hardware/esp32/3.2.5/cores/esp32/Arduino.h:146:9: warning: "analogInputToDigitalPin" redefined
  146 | #define analogInputToDigitalPin(p) (((p) < NUM_ANALOG_INPUTS) ? (analogChannelToDigitalPin(p)) : -1)
      |         ^~~~~~~~~~~~~~~~~~~~~~~
/home/runner/.arduino15/packages/m5stack/hardware/esp32/3.2.5/variants/m5stack_cardputer/pins_arduino.h:16:9: note: this is the location of the previous definition
   16 | #define analogInputToDigitalPin(p) (((p) < 20) ? (analogChannelToDigitalPin(p)) : -1)
      |         ^~~~~~~~~~~~~~~~~~~~~~~
/home/runner/.arduino15/packages/m5stack/hardware/esp32/3.2.5/cores/esp32/Arduino.h:147:9: warning: "digitalPinToInterrupt" redefined
  147 | #define digitalPinToInterrupt(p)   ((((uint8_t)digitalPinToGPIONumber(p)) < NUM_DIGITAL_PINS) ? (p) : NOT_AN_INTERRUPT)
      |         ^~~~~~~~~~~~~~~~~~~~~
/home/runner/.arduino15/packages/m5stack/hardware/esp32/3.2.5/variants/m5stack_cardputer/pins_arduino.h:17:9: note: this is the location of the previous definition
   17 | #define digitalPinToInterrupt(p)   (((p) < 48) ? (p) : -1)
      |         ^~~~~~~~~~~~~~~~~~~~~
/home/runner/.arduino15/packages/m5stack/hardware/esp32/3.2.5/cores/esp32/Arduino.h:148:9: warning: "digitalPinHasPWM" redefined
  148 | #define digitalPinHasPWM(p)        (((uint8_t)digitalPinToGPIONumber(p)) < NUM_DIGITAL_PINS)
      |         ^~~~~~~~~~~~~~~~
/home/runner/.arduino15/packages/m5stack/hardware/esp32/3.2.5/variants/m5stack_cardputer/pins_arduino.h:18:9: note: this is the location of the previous definition
   18 | #define digitalPinHasPWM(p)        (p < 46)
      |         ^~~~~~~~~~~~~~~~
In file included from /home/runner/Arduino/libraries/M5GFX/src/lgfx/v1/panel/../platforms/esp32/../../misc/DataWrapper.hpp:21,
                 from /home/runner/Arduino/libraries/M5GFX/src/lgfx/v1/panel/../platforms/esp32/common.hpp:20,
                 from /home/runner/Arduino/libraries/M5GFX/src/lgfx/v1/panel/../platforms/common.hpp:22,
                 from /home/runner/Arduino/libraries/M5GFX/src/lgfx/v1/panel/Panel_AMOLED.hpp:24,
                 from /home/runner/Arduino/libraries/M5GFX/src/lgfx/v1/panel/Panel_AMOLED.cpp:21:
/home/runner/.arduino15/packages/m5stack/hardware/esp32/3.2.5/cores/esp32/Arduino.h:139:9: warning: "NUM_DIGITAL_PINS" redefined
  139 | #define NUM_DIGITAL_PINS SOC_GPIO_PIN_COUNT  // All GPIOs
      |         ^~~~~~~~~~~~~~~~
In file included from /home/runner/.arduino15/packages/m5stack/hardware/esp32/3.2.5/cores/esp32/Arduino.h:43:
/home/runner/.arduino15/packages/m5stack/hardware/esp32/3.2.5/variants/m5stack_cardputer/pins_arduino.h:13:9: note: this is the location of the previous definition
   13 | #define NUM_DIGITAL_PINS        46
      |         ^~~~~~~~~~~~~~~~
/home/runner/.arduino15/packages/m5stack/hardware/esp32/3.2.5/cores/esp32/Arduino.h:143:9: warning: "NUM_ANALOG_INPUTS" redefined
  143 | #define NUM_ANALOG_INPUTS (SOC_ADC_CHANNEL_NUM(0) + SOC_ADC_CHANNEL_NUM(1))  // Depends on the SoC (ESP32, ESP32S2, ESP32S3, ESP32C3)
      |         ^~~~~~~~~~~~~~~~~
/home/runner/.arduino15/packages/m5stack/hardware/esp32/3.2.5/variants/m5stack_cardputer/pins_arduino.h:14:9: note: this is the location of the previous definition
   14 | #define NUM_ANALOG_INPUTS       15
      |         ^~~~~~~~~~~~~~~~~
/home/runner/.arduino15/packages/m5stack/hardware/esp32/3.2.5/cores/esp32/Arduino.h:145:9: warning: "EXTERNAL_NUM_INTERRUPTS" redefined
  145 | #define EXTERNAL_NUM_INTERRUPTS    NUM_DIGITAL_PINS  // All GPIOs
      |         ^~~~~~~~~~~~~~~~~~~~~~~
/home/runner/.arduino15/packages/m5stack/hardware/esp32/3.2.5/variants/m5stack_cardputer/pins_arduino.h:12:9: note: this is the location of the previous definition
   12 | #define EXTERNAL_NUM_INTERRUPTS 23
      |         ^~~~~~~~~~~~~~~~~~~~~~~
/home/runner/.arduino15/packages/m5stack/hardware/esp32/3.2.5/cores/esp32/Arduino.h:146:9: warning: "analogInputToDigitalPin" redefined
  146 | #define analogInputToDigitalPin(p) (((p) < NUM_ANALOG_INPUTS) ? (analogChannelToDigitalPin(p)) : -1)
      |         ^~~~~~~~~~~~~~~~~~~~~~~
/home/runner/.arduino15/packages/m5stack/hardware/esp32/3.2.5/variants/m5stack_cardputer/pins_arduino.h:16:9: note: this is the location of the previous definition
   16 | #define analogInputToDigitalPin(p) (((p) < 20) ? (analogChannelToDigitalPin(p)) : -1)
      |         ^~~~~~~~~~~~~~~~~~~~~~~
/home/runner/.arduino15/packages/m5stack/hardware/esp32/3.2.5/cores/esp32/Arduino.h:147:9: warning: "digitalPinToInterrupt" redefined
  147 | #define digitalPinToInterrupt(p)   ((((uint8_t)digitalPinToGPIONumber(p)) < NUM_DIGITAL_PINS) ? (p) : NOT_AN_INTERRUPT)
      |         ^~~~~~~~~~~~~~~~~~~~~
/home/runner/.arduino15/packages/m5stack/hardware/esp32/3.2.5/variants/m5stack_cardputer/pins_arduino.h:17:9: note: this is the location of the previous definition
   17 | #define digitalPinToInterrupt(p)   (((p) < 48) ? (p) : -1)
      |         ^~~~~~~~~~~~~~~~~~~~~
/home/runner/.arduino15/packages/m5stack/hardware/esp32/3.2.5/cores/esp32/Arduino.h:148:9: warning: "digitalPinHasPWM" redefined
  148 | #define digitalPinHasPWM(p)        (((uint8_t)digitalPinToGPIONumber(p)) < NUM_DIGITAL_PINS)
      |         ^~~~~~~~~~~~~~~~
/home/runner/.arduino15/packages/m5stack/hardware/esp32/3.2.5/variants/m5stack_cardputer/pins_arduino.h:18:9: note: this is the location of the previous definition
   18 | #define digitalPinHasPWM(p)        (p < 46)
      |         ^~~~~~~~~~~~~~~~
In file included from /home/runner/Arduino/libraries/M5GFX/src/lgfx/v1/panel/../platforms/esp32/../../misc/DataWrapper.hpp:21,
                 from /home/runner/Arduino/libraries/M5GFX/src/lgfx/v1/panel/../platforms/esp32/common.hpp:20,
                 from /home/runner/Arduino/libraries/M5GFX/src/lgfx/v1/panel/../platforms/common.hpp:22,
                 from /home/runner/Arduino/libraries/M5GFX/src/lgfx/v1/panel/Panel_Device.cpp:22:
/home/runner/.arduino15/packages/m5stack/hardware/esp32/3.2.5/cores/esp32/Arduino.h:139:9: warning: "NUM_DIGITAL_PINS" redefined
  139 | #define NUM_DIGITAL_PINS SOC_GPIO_PIN_COUNT  // All GPIOs
      |         ^~~~~~~~~~~~~~~~
In file included from /home/runner/.arduino15/packages/m5stack/hardware/esp32/3.2.5/cores/esp32/Arduino.h:43:
/home/runner/.arduino15/packages/m5stack/hardware/esp32/3.2.5/variants/m5stack_cardputer/pins_arduino.h:13:9: note: this is the location of the previous definition
   13 | #define NUM_DIGITAL_PINS        46
      |         ^~~~~~~~~~~~~~~~
/home/runner/.arduino15/packages/m5stack/hardware/esp32/3.2.5/cores/esp32/Arduino.h:143:9: warning: "NUM_ANALOG_INPUTS" redefined
  143 | #define NUM_ANALOG_INPUTS (SOC_ADC_CHANNEL_NUM(0) + SOC_ADC_CHANNEL_NUM(1))  // Depends on the SoC (ESP32, ESP32S2, ESP32S3, ESP32C3)
      |         ^~~~~~~~~~~~~~~~~
/home/runner/.arduino15/packages/m5stack/hardware/esp32/3.2.5/variants/m5stack_cardputer/pins_arduino.h:14:9: note: this is the location of the previous definition
   14 | #define NUM_ANALOG_INPUTS       15
      |         ^~~~~~~~~~~~~~~~~
/home/runner/.arduino15/packages/m5stack/hardware/esp32/3.2.5/cores/esp32/Arduino.h:145:9: warning: "EXTERNAL_NUM_INTERRUPTS" redefined
  145 | #define EXTERNAL_NUM_INTERRUPTS    NUM_DIGITAL_PINS  // All GPIOs
      |         ^~~~~~~~~~~~~~~~~~~~~~~
/home/runner/.arduino15/packages/m5stack/hardware/esp32/3.2.5/variants/m5stack_cardputer/pins_arduino.h:12:9: note: this is the location of the previous definition
   12 | #define EXTERNAL_NUM_INTERRUPTS 23
      |         ^~~~~~~~~~~~~~~~~~~~~~~
/home/runner/.arduino15/packages/m5stack/hardware/esp32/3.2.5/cores/esp32/Arduino.h:146:9: warning: "analogInputToDigitalPin" redefined
  146 | #define analogInputToDigitalPin(p) (((p) < NUM_ANALOG_INPUTS) ? (analogChannelToDigitalPin(p)) : -1)
      |         ^~~~~~~~~~~~~~~~~~~~~~~
/home/runner/.arduino15/packages/m5stack/hardware/esp32/3.2.5/variants/m5stack_cardputer/pins_arduino.h:16:9: note: this is the location of the previous definition
   16 | #define analogInputToDigitalPin(p) (((p) < 20) ? (analogChannelToDigitalPin(p)) : -1)
      |         ^~~~~~~~~~~~~~~~~~~~~~~
/home/runner/.arduino15/packages/m5stack/hardware/esp32/3.2.5/cores/esp32/Arduino.h:147:9: warning: "digitalPinToInterrupt" redefined
  147 | #define digitalPinToInterrupt(p)   ((((uint8_t)digitalPinToGPIONumber(p)) < NUM_DIGITAL_PINS) ? (p) : NOT_AN_INTERRUPT)
      |         ^~~~~~~~~~~~~~~~~~~~~
/home/runner/.arduino15/packages/m5stack/hardware/esp32/3.2.5/variants/m5stack_cardputer/pins_arduino.h:17:9: note: this is the location of the previous definition
   17 | #define digitalPinToInterrupt(p)   (((p) < 48) ? (p) : -1)
      |         ^~~~~~~~~~~~~~~~~~~~~
/home/runner/.arduino15/packages/m5stack/hardware/esp32/3.2.5/cores/esp32/Arduino.h:148:9: warning: "digitalPinHasPWM" redefined
  148 | #define digitalPinHasPWM(p)        (((uint8_t)digitalPinToGPIONumber(p)) < NUM_DIGITAL_PINS)
      |         ^~~~~~~~~~~~~~~~
/home/runner/.arduino15/packages/m5stack/hardware/esp32/3.2.5/variants/m5stack_cardputer/pins_arduino.h:18:9: note: this is the location of the previous definition
   18 | #define digitalPinHasPWM(p)        (p < 46)
      |         ^~~~~~~~~~~~~~~~
In file included from /home/runner/Arduino/libraries/M5GFX/src/lgfx/v1/platforms/esp32/../../misc/DataWrapper.hpp:21,
                 from /home/runner/Arduino/libraries/M5GFX/src/lgfx/v1/platforms/esp32/common.hpp:20,
                 from /home/runner/Arduino/libraries/M5GFX/src/lgfx/v1/platforms/common.hpp:22,
                 from /home/runner/Arduino/libraries/M5GFX/src/lgfx/v1/panel/Panel_ED2208.cpp:15:
/home/runner/.arduino15/packages/m5stack/hardware/esp32/3.2.5/cores/esp32/Arduino.h:139:9: warning: "NUM_DIGITAL_PINS" redefined
  139 | #define NUM_DIGITAL_PINS SOC_GPIO_PIN_COUNT  // All GPIOs
      |         ^~~~~~~~~~~~~~~~
In file included from /home/runner/.arduino15/packages/m5stack/hardware/esp32/3.2.5/cores/esp32/Arduino.h:43:
/home/runner/.arduino15/packages/m5stack/hardware/esp32/3.2.5/variants/m5stack_cardputer/pins_arduino.h:13:9: note: this is the location of the previous definition
   13 | #define NUM_DIGITAL_PINS        46
      |         ^~~~~~~~~~~~~~~~
/home/runner/.arduino15/packages/m5stack/hardware/esp32/3.2.5/cores/esp32/Arduino.h:143:9: warning: "NUM_ANALOG_INPUTS" redefined
  143 | #define NUM_ANALOG_INPUTS (SOC_ADC_CHANNEL_NUM(0) + SOC_ADC_CHANNEL_NUM(1))  // Depends on the SoC (ESP32, ESP32S2, ESP32S3, ESP32C3)
      |         ^~~~~~~~~~~~~~~~~
/home/runner/.arduino15/packages/m5stack/hardware/esp32/3.2.5/variants/m5stack_cardputer/pins_arduino.h:14:9: note: this is the location of the previous definition
   14 | #define NUM_ANALOG_INPUTS       15
      |         ^~~~~~~~~~~~~~~~~
/home/runner/.arduino15/packages/m5stack/hardware/esp32/3.2.5/cores/esp32/Arduino.h:145:9: warning: "EXTERNAL_NUM_INTERRUPTS" redefined
  145 | #define EXTERNAL_NUM_INTERRUPTS    NUM_DIGITAL_PINS  // All GPIOs
      |         ^~~~~~~~~~~~~~~~~~~~~~~
/home/runner/.arduino15/packages/m5stack/hardware/esp32/3.2.5/variants/m5stack_cardputer/pins_arduino.h:12:9: note: this is the location of the previous definition
   12 | #define EXTERNAL_NUM_INTERRUPTS 23
      |         ^~~~~~~~~~~~~~~~~~~~~~~
/home/runner/.arduino15/packages/m5stack/hardware/esp32/3.2.5/cores/esp32/Arduino.h:146:9: warning: "analogInputToDigitalPin" redefined
  146 | #define analogInputToDigitalPin(p) (((p) < NUM_ANALOG_INPUTS) ? (analogChannelToDigitalPin(p)) : -1)
      |         ^~~~~~~~~~~~~~~~~~~~~~~
/home/runner/.arduino15/packages/m5stack/hardware/esp32/3.2.5/variants/m5stack_cardputer/pins_arduino.h:16:9: note: this is the location of the previous definition
   16 | #define analogInputToDigitalPin(p) (((p) < 20) ? (analogChannelToDigitalPin(p)) : -1)
      |         ^~~~~~~~~~~~~~~~~~~~~~~
/home/runner/.arduino15/packages/m5stack/hardware/esp32/3.2.5/cores/esp32/Arduino.h:147:9: warning: "digitalPinToInterrupt" redefined
  147 | #define digitalPinToInterrupt(p)   ((((uint8_t)digitalPinToGPIONumber(p)) < NUM_DIGITAL_PINS) ? (p) : NOT_AN_INTERRUPT)
      |         ^~~~~~~~~~~~~~~~~~~~~
/home/runner/.arduino15/packages/m5stack/hardware/esp32/3.2.5/variants/m5stack_cardputer/pins_arduino.h:17:9: note: this is the location of the previous definition
   17 | #define digitalPinToInterrupt(p)   (((p) < 48) ? (p) : -1)
      |         ^~~~~~~~~~~~~~~~~~~~~
/home/runner/.arduino15/packages/m5stack/hardware/esp32/3.2.5/cores/esp32/Arduino.h:148:9: warning: "digitalPinHasPWM" redefined
  148 | #define digitalPinHasPWM(p)        (((uint8_t)digitalPinToGPIONumber(p)) < NUM_DIGITAL_PINS)
      |         ^~~~~~~~~~~~~~~~
/home/runner/.arduino15/packages/m5stack/hardware/esp32/3.2.5/variants/m5stack_cardputer/pins_arduino.h:18:9: note: this is the location of the previous definition
   18 | #define digitalPinHasPWM(p)        (p < 46)
      |         ^~~~~~~~~~~~~~~~
In file included from /home/runner/Arduino/libraries/M5GFX/src/lgfx/v1/panel/../platforms/esp32/../../misc/DataWrapper.hpp:21,
                 from /home/runner/Arduino/libraries/M5GFX/src/lgfx/v1/panel/../platforms/esp32/common.hpp:20,
                 from /home/runner/Arduino/libraries/M5GFX/src/lgfx/v1/panel/../platforms/common.hpp:22,
                 from /home/runner/Arduino/libraries/M5GFX/src/lgfx/v1/panel/Panel_FrameBufferBase.cpp:20:
/home/runner/.arduino15/packages/m5stack/hardware/esp32/3.2.5/cores/esp32/Arduino.h:139:9: warning: "NUM_DIGITAL_PINS" redefined
  139 | #define NUM_DIGITAL_PINS SOC_GPIO_PIN_COUNT  // All GPIOs
      |         ^~~~~~~~~~~~~~~~
In file included from /home/runner/.arduino15/packages/m5stack/hardware/esp32/3.2.5/cores/esp32/Arduino.h:43:
/home/runner/.arduino15/packages/m5stack/hardware/esp32/3.2.5/variants/m5stack_cardputer/pins_arduino.h:13:9: note: this is the location of the previous definition
   13 | #define NUM_DIGITAL_PINS        46
      |         ^~~~~~~~~~~~~~~~
/home/runner/.arduino15/packages/m5stack/hardware/esp32/3.2.5/cores/esp32/Arduino.h:143:9: warning: "NUM_ANALOG_INPUTS" redefined
  143 | #define NUM_ANALOG_INPUTS (SOC_ADC_CHANNEL_NUM(0) + SOC_ADC_CHANNEL_NUM(1))  // Depends on the SoC (ESP32, ESP32S2, ESP32S3, ESP32C3)
      |         ^~~~~~~~~~~~~~~~~
/home/runner/.arduino15/packages/m5stack/hardware/esp32/3.2.5/variants/m5stack_cardputer/pins_arduino.h:14:9: note: this is the location of the previous definition
   14 | #define NUM_ANALOG_INPUTS       15
      |         ^~~~~~~~~~~~~~~~~
/home/runner/.arduino15/packages/m5stack/hardware/esp32/3.2.5/cores/esp32/Arduino.h:145:9: warning: "EXTERNAL_NUM_INTERRUPTS" redefined
  145 | #define EXTERNAL_NUM_INTERRUPTS    NUM_DIGITAL_PINS  // All GPIOs
      |         ^~~~~~~~~~~~~~~~~~~~~~~
/home/runner/.arduino15/packages/m5stack/hardware/esp32/3.2.5/variants/m5stack_cardputer/pins_arduino.h:12:9: note: this is the location of the previous definition
   12 | #define EXTERNAL_NUM_INTERRUPTS 23
      |         ^~~~~~~~~~~~~~~~~~~~~~~
/home/runner/.arduino15/packages/m5stack/hardware/esp32/3.2.5/cores/esp32/Arduino.h:146:9: warning: "analogInputToDigitalPin" redefined
  146 | #define analogInputToDigitalPin(p) (((p) < NUM_ANALOG_INPUTS) ? (analogChannelToDigitalPin(p)) : -1)
      |         ^~~~~~~~~~~~~~~~~~~~~~~
/home/runner/.arduino15/packages/m5stack/hardware/esp32/3.2.5/variants/m5stack_cardputer/pins_arduino.h:16:9: note: this is the location of the previous definition
   16 | #define analogInputToDigitalPin(p) (((p) < 20) ? (analogChannelToDigitalPin(p)) : -1)
      |         ^~~~~~~~~~~~~~~~~~~~~~~
/home/runner/.arduino15/packages/m5stack/hardware/esp32/3.2.5/cores/esp32/Arduino.h:147:9: warning: "digitalPinToInterrupt" redefined
  147 | #define digitalPinToInterrupt(p)   ((((uint8_t)digitalPinToGPIONumber(p)) < NUM_DIGITAL_PINS) ? (p) : NOT_AN_INTERRUPT)
      |         ^~~~~~~~~~~~~~~~~~~~~
/home/runner/.arduino15/packages/m5stack/hardware/esp32/3.2.5/variants/m5stack_cardputer/pins_arduino.h:17:9: note: this is the location of the previous definition
   17 | #define digitalPinToInterrupt(p)   (((p) < 48) ? (p) : -1)
      |         ^~~~~~~~~~~~~~~~~~~~~
/home/runner/.arduino15/packages/m5stack/hardware/esp32/3.2.5/cores/esp32/Arduino.h:148:9: warning: "digitalPinHasPWM" redefined
  148 | #define digitalPinHasPWM(p)        (((uint8_t)digitalPinToGPIONumber(p)) < NUM_DIGITAL_PINS)
      |         ^~~~~~~~~~~~~~~~
/home/runner/.arduino15/packages/m5stack/hardware/esp32/3.2.5/variants/m5stack_cardputer/pins_arduino.h:18:9: note: this is the location of the previous definition
   18 | #define digitalPinHasPWM(p)        (p < 46)
      |         ^~~~~~~~~~~~~~~~
In file included from /home/runner/Arduino/libraries/M5GFX/src/lgfx/v1/panel/../platforms/esp32/../../misc/DataWrapper.hpp:21,
                 from /home/runner/Arduino/libraries/M5GFX/src/lgfx/v1/panel/../platforms/esp32/common.hpp:20,
                 from /home/runner/Arduino/libraries/M5GFX/src/lgfx/v1/panel/../platforms/common.hpp:22,
                 from /home/runner/Arduino/libraries/M5GFX/src/lgfx/v1/panel/Panel_GDEW0154D67.cpp:20:
/home/runner/.arduino15/packages/m5stack/hardware/esp32/3.2.5/cores/esp32/Arduino.h:139:9: warning: "NUM_DIGITAL_PINS" redefined
  139 | #define NUM_DIGITAL_PINS SOC_GPIO_PIN_COUNT  // All GPIOs
      |         ^~~~~~~~~~~~~~~~
In file included from /home/runner/.arduino15/packages/m5stack/hardware/esp32/3.2.5/cores/esp32/Arduino.h:43:
/home/runner/.arduino15/packages/m5stack/hardware/esp32/3.2.5/variants/m5stack_cardputer/pins_arduino.h:13:9: note: this is the location of the previous definition
   13 | #define NUM_DIGITAL_PINS        46
      |         ^~~~~~~~~~~~~~~~
/home/runner/.arduino15/packages/m5stack/hardware/esp32/3.2.5/cores/esp32/Arduino.h:143:9: warning: "NUM_ANALOG_INPUTS" redefined
  143 | #define NUM_ANALOG_INPUTS (SOC_ADC_CHANNEL_NUM(0) + SOC_ADC_CHANNEL_NUM(1))  // Depends on the SoC (ESP32, ESP32S2, ESP32S3, ESP32C3)
      |         ^~~~~~~~~~~~~~~~~
/home/runner/.arduino15/packages/m5stack/hardware/esp32/3.2.5/variants/m5stack_cardputer/pins_arduino.h:14:9: note: this is the location of the previous definition
   14 | #define NUM_ANALOG_INPUTS       15
      |         ^~~~~~~~~~~~~~~~~
/home/runner/.arduino15/packages/m5stack/hardware/esp32/3.2.5/cores/esp32/Arduino.h:145:9: warning: "EXTERNAL_NUM_INTERRUPTS" redefined
  145 | #define EXTERNAL_NUM_INTERRUPTS    NUM_DIGITAL_PINS  // All GPIOs
      |         ^~~~~~~~~~~~~~~~~~~~~~~
/home/runner/.arduino15/packages/m5stack/hardware/esp32/3.2.5/variants/m5stack_cardputer/pins_arduino.h:12:9: note: this is the location of the previous definition
   12 | #define EXTERNAL_NUM_INTERRUPTS 23
      |         ^~~~~~~~~~~~~~~~~~~~~~~
/home/runner/.arduino15/packages/m5stack/hardware/esp32/3.2.5/cores/esp32/Arduino.h:146:9: warning: "analogInputToDigitalPin" redefined
  146 | #define analogInputToDigitalPin(p) (((p) < NUM_ANALOG_INPUTS) ? (analogChannelToDigitalPin(p)) : -1)
      |         ^~~~~~~~~~~~~~~~~~~~~~~
/home/runner/.arduino15/packages/m5stack/hardware/esp32/3.2.5/variants/m5stack_cardputer/pins_arduino.h:16:9: note: this is the location of the previous definition
   16 | #define analogInputToDigitalPin(p) (((p) < 20) ? (analogChannelToDigitalPin(p)) : -1)
      |         ^~~~~~~~~~~~~~~~~~~~~~~
/home/runner/.arduino15/packages/m5stack/hardware/esp32/3.2.5/cores/esp32/Arduino.h:147:9: warning: "digitalPinToInterrupt" redefined
  147 | #define digitalPinToInterrupt(p)   ((((uint8_t)digitalPinToGPIONumber(p)) < NUM_DIGITAL_PINS) ? (p) : NOT_AN_INTERRUPT)
      |         ^~~~~~~~~~~~~~~~~~~~~
/home/runner/.arduino15/packages/m5stack/hardware/esp32/3.2.5/variants/m5stack_cardputer/pins_arduino.h:17:9: note: this is the location of the previous definition
   17 | #define digitalPinToInterrupt(p)   (((p) < 48) ? (p) : -1)
      |         ^~~~~~~~~~~~~~~~~~~~~
/home/runner/.arduino15/packages/m5stack/hardware/esp32/3.2.5/cores/esp32/Arduino.h:148:9: warning: "digitalPinHasPWM" redefined
  148 | #define digitalPinHasPWM(p)        (((uint8_t)digitalPinToGPIONumber(p)) < NUM_DIGITAL_PINS)
      |         ^~~~~~~~~~~~~~~~
/home/runner/.arduino15/packages/m5stack/hardware/esp32/3.2.5/variants/m5stack_cardputer/pins_arduino.h:18:9: note: this is the location of the previous definition
   18 | #define digitalPinHasPWM(p)        (p < 46)
      |         ^~~~~~~~~~~~~~~~
In file included from /home/runner/Arduino/libraries/M5GFX/src/lgfx/v1/panel/../platforms/esp32/../../misc/DataWrapper.hpp:21,
                 from /home/runner/Arduino/libraries/M5GFX/src/lgfx/v1/panel/../platforms/esp32/common.hpp:20,
                 from /home/runner/Arduino/libraries/M5GFX/src/lgfx/v1/panel/../platforms/common.hpp:22,
                 from /home/runner/Arduino/libraries/M5GFX/src/lgfx/v1/panel/Panel_GDEW0154M09.cpp:20:
/home/runner/.arduino15/packages/m5stack/hardware/esp32/3.2.5/cores/esp32/Arduino.h:139:9: warning: "NUM_DIGITAL_PINS" redefined
  139 | #define NUM_DIGITAL_PINS SOC_GPIO_PIN_COUNT  // All GPIOs
      |         ^~~~~~~~~~~~~~~~
In file included from /home/runner/.arduino15/packages/m5stack/hardware/esp32/3.2.5/cores/esp32/Arduino.h:43:
/home/runner/.arduino15/packages/m5stack/hardware/esp32/3.2.5/variants/m5stack_cardputer/pins_arduino.h:13:9: note: this is the location of the previous definition
   13 | #define NUM_DIGITAL_PINS        46
      |         ^~~~~~~~~~~~~~~~
/home/runner/.arduino15/packages/m5stack/hardware/esp32/3.2.5/cores/esp32/Arduino.h:143:9: warning: "NUM_ANALOG_INPUTS" redefined
  143 | #define NUM_ANALOG_INPUTS (SOC_ADC_CHANNEL_NUM(0) + SOC_ADC_CHANNEL_NUM(1))  // Depends on the SoC (ESP32, ESP32S2, ESP32S3, ESP32C3)
      |         ^~~~~~~~~~~~~~~~~
/home/runner/.arduino15/packages/m5stack/hardware/esp32/3.2.5/variants/m5stack_cardputer/pins_arduino.h:14:9: note: this is the location of the previous definition
   14 | #define NUM_ANALOG_INPUTS       15
      |         ^~~~~~~~~~~~~~~~~
/home/runner/.arduino15/packages/m5stack/hardware/esp32/3.2.5/cores/esp32/Arduino.h:145:9: warning: "EXTERNAL_NUM_INTERRUPTS" redefined
  145 | #define EXTERNAL_NUM_INTERRUPTS    NUM_DIGITAL_PINS  // All GPIOs
      |         ^~~~~~~~~~~~~~~~~~~~~~~
/home/runner/.arduino15/packages/m5stack/hardware/esp32/3.2.5/variants/m5stack_cardputer/pins_arduino.h:12:9: note: this is the location of the previous definition
   12 | #define EXTERNAL_NUM_INTERRUPTS 23
      |         ^~~~~~~~~~~~~~~~~~~~~~~
/home/runner/.arduino15/packages/m5stack/hardware/esp32/3.2.5/cores/esp32/Arduino.h:146:9: warning: "analogInputToDigitalPin" redefined
  146 | #define analogInputToDigitalPin(p) (((p) < NUM_ANALOG_INPUTS) ? (analogChannelToDigitalPin(p)) : -1)
      |         ^~~~~~~~~~~~~~~~~~~~~~~
/home/runner/.arduino15/packages/m5stack/hardware/esp32/3.2.5/variants/m5stack_cardputer/pins_arduino.h:16:9: note: this is the location of the previous definition
   16 | #define analogInputToDigitalPin(p) (((p) < 20) ? (analogChannelToDigitalPin(p)) : -1)
      |         ^~~~~~~~~~~~~~~~~~~~~~~
/home/runner/.arduino15/packages/m5stack/hardware/esp32/3.2.5/cores/esp32/Arduino.h:147:9: warning: "digitalPinToInterrupt" redefined
  147 | #define digitalPinToInterrupt(p)   ((((uint8_t)digitalPinToGPIONumber(p)) < NUM_DIGITAL_PINS) ? (p) : NOT_AN_INTERRUPT)
      |         ^~~~~~~~~~~~~~~~~~~~~
/home/runner/.arduino15/packages/m5stack/hardware/esp32/3.2.5/variants/m5stack_cardputer/pins_arduino.h:17:9: note: this is the location of the previous definition
   17 | #define digitalPinToInterrupt(p)   (((p) < 48) ? (p) : -1)
      |         ^~~~~~~~~~~~~~~~~~~~~
/home/runner/.arduino15/packages/m5stack/hardware/esp32/3.2.5/cores/esp32/Arduino.h:148:9: warning: "digitalPinHasPWM" redefined
  148 | #define digitalPinHasPWM(p)        (((uint8_t)digitalPinToGPIONumber(p)) < NUM_DIGITAL_PINS)
      |         ^~~~~~~~~~~~~~~~
/home/runner/.arduino15/packages/m5stack/hardware/esp32/3.2.5/variants/m5stack_cardputer/pins_arduino.h:18:9: note: this is the location of the previous definition
   18 | #define digitalPinHasPWM(p)        (p < 46)
      |         ^~~~~~~~~~~~~~~~
In file included from /home/runner/Arduino/libraries/M5GFX/src/lgfx/v1/panel/../platforms/esp32/../../misc/DataWrapper.hpp:21,
                 from /home/runner/Arduino/libraries/M5GFX/src/lgfx/v1/panel/../platforms/esp32/common.hpp:20,
                 from /home/runner/Arduino/libraries/M5GFX/src/lgfx/v1/panel/../platforms/common.hpp:22,
                 from /home/runner/Arduino/libraries/M5GFX/src/lgfx/v1/panel/Panel_HasBuffer.cpp:20:
/home/runner/.arduino15/packages/m5stack/hardware/esp32/3.2.5/cores/esp32/Arduino.h:139:9: warning: "NUM_DIGITAL_PINS" redefined
  139 | #define NUM_DIGITAL_PINS SOC_GPIO_PIN_COUNT  // All GPIOs
      |         ^~~~~~~~~~~~~~~~
In file included from /home/runner/.arduino15/packages/m5stack/hardware/esp32/3.2.5/cores/esp32/Arduino.h:43:
/home/runner/.arduino15/packages/m5stack/hardware/esp32/3.2.5/variants/m5stack_cardputer/pins_arduino.h:13:9: note: this is the location of the previous definition
   13 | #define NUM_DIGITAL_PINS        46
      |         ^~~~~~~~~~~~~~~~
/home/runner/.arduino15/packages/m5stack/hardware/esp32/3.2.5/cores/esp32/Arduino.h:143:9: warning: "NUM_ANALOG_INPUTS" redefined
  143 | #define NUM_ANALOG_INPUTS (SOC_ADC_CHANNEL_NUM(0) + SOC_ADC_CHANNEL_NUM(1))  // Depends on the SoC (ESP32, ESP32S2, ESP32S3, ESP32C3)
      |         ^~~~~~~~~~~~~~~~~
/home/runner/.arduino15/packages/m5stack/hardware/esp32/3.2.5/variants/m5stack_cardputer/pins_arduino.h:14:9: note: this is the location of the previous definition
   14 | #define NUM_ANALOG_INPUTS       15
      |         ^~~~~~~~~~~~~~~~~
/home/runner/.arduino15/packages/m5stack/hardware/esp32/3.2.5/cores/esp32/Arduino.h:145:9: warning: "EXTERNAL_NUM_INTERRUPTS" redefined
  145 | #define EXTERNAL_NUM_INTERRUPTS    NUM_DIGITAL_PINS  // All GPIOs
      |         ^~~~~~~~~~~~~~~~~~~~~~~
/home/runner/.arduino15/packages/m5stack/hardware/esp32/3.2.5/variants/m5stack_cardputer/pins_arduino.h:12:9: note: this is the location of the previous definition
   12 | #define EXTERNAL_NUM_INTERRUPTS 23
      |         ^~~~~~~~~~~~~~~~~~~~~~~
/home/runner/.arduino15/packages/m5stack/hardware/esp32/3.2.5/cores/esp32/Arduino.h:146:9: warning: "analogInputToDigitalPin" redefined
  146 | #define analogInputToDigitalPin(p) (((p) < NUM_ANALOG_INPUTS) ? (analogChannelToDigitalPin(p)) : -1)
      |         ^~~~~~~~~~~~~~~~~~~~~~~
/home/runner/.arduino15/packages/m5stack/hardware/esp32/3.2.5/variants/m5stack_cardputer/pins_arduino.h:16:9: note: this is the location of the previous definition
   16 | #define analogInputToDigitalPin(p) (((p) < 20) ? (analogChannelToDigitalPin(p)) : -1)
      |         ^~~~~~~~~~~~~~~~~~~~~~~
/home/runner/.arduino15/packages/m5stack/hardware/esp32/3.2.5/cores/esp32/Arduino.h:147:9: warning: "digitalPinToInterrupt" redefined
  147 | #define digitalPinToInterrupt(p)   ((((uint8_t)digitalPinToGPIONumber(p)) < NUM_DIGITAL_PINS) ? (p) : NOT_AN_INTERRUPT)
      |         ^~~~~~~~~~~~~~~~~~~~~
/home/runner/.arduino15/packages/m5stack/hardware/esp32/3.2.5/variants/m5stack_cardputer/pins_arduino.h:17:9: note: this is the location of the previous definition
   17 | #define digitalPinToInterrupt(p)   (((p) < 48) ? (p) : -1)
      |         ^~~~~~~~~~~~~~~~~~~~~
/home/runner/.arduino15/packages/m5stack/hardware/esp32/3.2.5/cores/esp32/Arduino.h:148:9: warning: "digitalPinHasPWM" redefined
  148 | #define digitalPinHasPWM(p)        (((uint8_t)digitalPinToGPIONumber(p)) < NUM_DIGITAL_PINS)
      |         ^~~~~~~~~~~~~~~~
/home/runner/.arduino15/packages/m5stack/hardware/esp32/3.2.5/variants/m5stack_cardputer/pins_arduino.h:18:9: note: this is the location of the previous definition
   18 | #define digitalPinHasPWM(p)        (p < 46)
      |         ^~~~~~~~~~~~~~~~
In file included from /home/runner/Arduino/libraries/M5GFX/src/lgfx/v1/panel/../platforms/esp32/../../misc/DataWrapper.hpp:21,
                 from /home/runner/Arduino/libraries/M5GFX/src/lgfx/v1/panel/../platforms/esp32/common.hpp:20,
                 from /home/runner/Arduino/libraries/M5GFX/src/lgfx/v1/panel/../platforms/common.hpp:22,
                 from /home/runner/Arduino/libraries/M5GFX/src/lgfx/v1/panel/Panel_IT8951.cpp:20:
/home/runner/.arduino15/packages/m5stack/hardware/esp32/3.2.5/cores/esp32/Arduino.h:139:9: warning: "NUM_DIGITAL_PINS" redefined
  139 | #define NUM_DIGITAL_PINS SOC_GPIO_PIN_COUNT  // All GPIOs
      |         ^~~~~~~~~~~~~~~~
In file included from /home/runner/.arduino15/packages/m5stack/hardware/esp32/3.2.5/cores/esp32/Arduino.h:43:
/home/runner/.arduino15/packages/m5stack/hardware/esp32/3.2.5/variants/m5stack_cardputer/pins_arduino.h:13:9: note: this is the location of the previous definition
   13 | #define NUM_DIGITAL_PINS        46
      |         ^~~~~~~~~~~~~~~~
/home/runner/.arduino15/packages/m5stack/hardware/esp32/3.2.5/cores/esp32/Arduino.h:143:9: warning: "NUM_ANALOG_INPUTS" redefined
  143 | #define NUM_ANALOG_INPUTS (SOC_ADC_CHANNEL_NUM(0) + SOC_ADC_CHANNEL_NUM(1))  // Depends on the SoC (ESP32, ESP32S2, ESP32S3, ESP32C3)
      |         ^~~~~~~~~~~~~~~~~
/home/runner/.arduino15/packages/m5stack/hardware/esp32/3.2.5/variants/m5stack_cardputer/pins_arduino.h:14:9: note: this is the location of the previous definition
   14 | #define NUM_ANALOG_INPUTS       15
      |         ^~~~~~~~~~~~~~~~~
/home/runner/.arduino15/packages/m5stack/hardware/esp32/3.2.5/cores/esp32/Arduino.h:145:9: warning: "EXTERNAL_NUM_INTERRUPTS" redefined
  145 | #define EXTERNAL_NUM_INTERRUPTS    NUM_DIGITAL_PINS  // All GPIOs
      |         ^~~~~~~~~~~~~~~~~~~~~~~
/home/runner/.arduino15/packages/m5stack/hardware/esp32/3.2.5/variants/m5stack_cardputer/pins_arduino.h:12:9: note: this is the location of the previous definition
   12 | #define EXTERNAL_NUM_INTERRUPTS 23
      |         ^~~~~~~~~~~~~~~~~~~~~~~
/home/runner/.arduino15/packages/m5stack/hardware/esp32/3.2.5/cores/esp32/Arduino.h:146:9: warning: "analogInputToDigitalPin" redefined
  146 | #define analogInputToDigitalPin(p) (((p) < NUM_ANALOG_INPUTS) ? (analogChannelToDigitalPin(p)) : -1)
      |         ^~~~~~~~~~~~~~~~~~~~~~~
/home/runner/.arduino15/packages/m5stack/hardware/esp32/3.2.5/variants/m5stack_cardputer/pins_arduino.h:16:9: note: this is the location of the previous definition
   16 | #define analogInputToDigitalPin(p) (((p) < 20) ? (analogChannelToDigitalPin(p)) : -1)
      |         ^~~~~~~~~~~~~~~~~~~~~~~
/home/runner/.arduino15/packages/m5stack/hardware/esp32/3.2.5/cores/esp32/Arduino.h:147:9: warning: "digitalPinToInterrupt" redefined
  147 | #define digitalPinToInterrupt(p)   ((((uint8_t)digitalPinToGPIONumber(p)) < NUM_DIGITAL_PINS) ? (p) : NOT_AN_INTERRUPT)
      |         ^~~~~~~~~~~~~~~~~~~~~
/home/runner/.arduino15/packages/m5stack/hardware/esp32/3.2.5/variants/m5stack_cardputer/pins_arduino.h:17:9: note: this is the location of the previous definition
   17 | #define digitalPinToInterrupt(p)   (((p) < 48) ? (p) : -1)
      |         ^~~~~~~~~~~~~~~~~~~~~
/home/runner/.arduino15/packages/m5stack/hardware/esp32/3.2.5/cores/esp32/Arduino.h:148:9: warning: "digitalPinHasPWM" redefined
  148 | #define digitalPinHasPWM(p)        (((uint8_t)digitalPinToGPIONumber(p)) < NUM_DIGITAL_PINS)
      |         ^~~~~~~~~~~~~~~~
/home/runner/.arduino15/packages/m5stack/hardware/esp32/3.2.5/variants/m5stack_cardputer/pins_arduino.h:18:9: note: this is the location of the previous definition
   18 | #define digitalPinHasPWM(p)        (p < 46)
      |         ^~~~~~~~~~~~~~~~
In file included from /home/runner/Arduino/libraries/M5GFX/src/lgfx/v1/panel/../platforms/esp32/../../misc/DataWrapper.hpp:21,
                 from /home/runner/Arduino/libraries/M5GFX/src/lgfx/v1/panel/../platforms/esp32/common.hpp:20,
                 from /home/runner/Arduino/libraries/M5GFX/src/lgfx/v1/panel/../platforms/common.hpp:22,
                 from /home/runner/Arduino/libraries/M5GFX/src/lgfx/v1/panel/Panel_LCD.cpp:20:
/home/runner/.arduino15/packages/m5stack/hardware/esp32/3.2.5/cores/esp32/Arduino.h:139:9: warning: "NUM_DIGITAL_PINS" redefined
  139 | #define NUM_DIGITAL_PINS SOC_GPIO_PIN_COUNT  // All GPIOs
      |         ^~~~~~~~~~~~~~~~
In file included from /home/runner/.arduino15/packages/m5stack/hardware/esp32/3.2.5/cores/esp32/Arduino.h:43:
/home/runner/.arduino15/packages/m5stack/hardware/esp32/3.2.5/variants/m5stack_cardputer/pins_arduino.h:13:9: note: this is the location of the previous definition
   13 | #define NUM_DIGITAL_PINS        46
      |         ^~~~~~~~~~~~~~~~
/home/runner/.arduino15/packages/m5stack/hardware/esp32/3.2.5/cores/esp32/Arduino.h:143:9: warning: "NUM_ANALOG_INPUTS" redefined
  143 | #define NUM_ANALOG_INPUTS (SOC_ADC_CHANNEL_NUM(0) + SOC_ADC_CHANNEL_NUM(1))  // Depends on the SoC (ESP32, ESP32S2, ESP32S3, ESP32C3)
      |         ^~~~~~~~~~~~~~~~~
/home/runner/.arduino15/packages/m5stack/hardware/esp32/3.2.5/variants/m5stack_cardputer/pins_arduino.h:14:9: note: this is the location of the previous definition
   14 | #define NUM_ANALOG_INPUTS       15
      |         ^~~~~~~~~~~~~~~~~
/home/runner/.arduino15/packages/m5stack/hardware/esp32/3.2.5/cores/esp32/Arduino.h:145:9: warning: "EXTERNAL_NUM_INTERRUPTS" redefined
  145 | #define EXTERNAL_NUM_INTERRUPTS    NUM_DIGITAL_PINS  // All GPIOs
      |         ^~~~~~~~~~~~~~~~~~~~~~~
/home/runner/.arduino15/packages/m5stack/hardware/esp32/3.2.5/variants/m5stack_cardputer/pins_arduino.h:12:9: note: this is the location of the previous definition
   12 | #define EXTERNAL_NUM_INTERRUPTS 23
      |         ^~~~~~~~~~~~~~~~~~~~~~~
/home/runner/.arduino15/packages/m5stack/hardware/esp32/3.2.5/cores/esp32/Arduino.h:146:9: warning: "analogInputToDigitalPin" redefined
  146 | #define analogInputToDigitalPin(p) (((p) < NUM_ANALOG_INPUTS) ? (analogChannelToDigitalPin(p)) : -1)
      |         ^~~~~~~~~~~~~~~~~~~~~~~
/home/runner/.arduino15/packages/m5stack/hardware/esp32/3.2.5/variants/m5stack_cardputer/pins_arduino.h:16:9: note: this is the location of the previous definition
   16 | #define analogInputToDigitalPin(p) (((p) < 20) ? (analogChannelToDigitalPin(p)) : -1)
      |         ^~~~~~~~~~~~~~~~~~~~~~~
/home/runner/.arduino15/packages/m5stack/hardware/esp32/3.2.5/cores/esp32/Arduino.h:147:9: warning: "digitalPinToInterrupt" redefined
  147 | #define digitalPinToInterrupt(p)   ((((uint8_t)digitalPinToGPIONumber(p)) < NUM_DIGITAL_PINS) ? (p) : NOT_AN_INTERRUPT)
      |         ^~~~~~~~~~~~~~~~~~~~~
/home/runner/.arduino15/packages/m5stack/hardware/esp32/3.2.5/variants/m5stack_cardputer/pins_arduino.h:17:9: note: this is the location of the previous definition
   17 | #define digitalPinToInterrupt(p)   (((p) < 48) ? (p) : -1)
      |         ^~~~~~~~~~~~~~~~~~~~~
/home/runner/.arduino15/packages/m5stack/hardware/esp32/3.2.5/cores/esp32/Arduino.h:148:9: warning: "digitalPinHasPWM" redefined
  148 | #define digitalPinHasPWM(p)        (((uint8_t)digitalPinToGPIONumber(p)) < NUM_DIGITAL_PINS)
      |         ^~~~~~~~~~~~~~~~
/home/runner/.arduino15/packages/m5stack/hardware/esp32/3.2.5/variants/m5stack_cardputer/pins_arduino.h:18:9: note: this is the location of the previous definition
   18 | #define digitalPinHasPWM(p)        (p < 46)
      |         ^~~~~~~~~~~~~~~~
In file included from /home/runner/Arduino/libraries/M5GFX/src/lgfx/v1/panel/../platforms/esp32/../../misc/DataWrapper.hpp:21,
                 from /home/runner/Arduino/libraries/M5GFX/src/lgfx/v1/panel/../platforms/esp32/common.hpp:20,
                 from /home/runner/Arduino/libraries/M5GFX/src/lgfx/v1/panel/../platforms/common.hpp:22,
                 from /home/runner/Arduino/libraries/M5GFX/src/lgfx/v1/panel/Panel_M5UnitGLASS.cpp:20:
/home/runner/.arduino15/packages/m5stack/hardware/esp32/3.2.5/cores/esp32/Arduino.h:139:9: warning: "NUM_DIGITAL_PINS" redefined
  139 | #define NUM_DIGITAL_PINS SOC_GPIO_PIN_COUNT  // All GPIOs
      |         ^~~~~~~~~~~~~~~~
In file included from /home/runner/.arduino15/packages/m5stack/hardware/esp32/3.2.5/cores/esp32/Arduino.h:43:
/home/runner/.arduino15/packages/m5stack/hardware/esp32/3.2.5/variants/m5stack_cardputer/pins_arduino.h:13:9: note: this is the location of the previous definition
   13 | #define NUM_DIGITAL_PINS        46
      |         ^~~~~~~~~~~~~~~~
/home/runner/.arduino15/packages/m5stack/hardware/esp32/3.2.5/cores/esp32/Arduino.h:143:9: warning: "NUM_ANALOG_INPUTS" redefined
  143 | #define NUM_ANALOG_INPUTS (SOC_ADC_CHANNEL_NUM(0) + SOC_ADC_CHANNEL_NUM(1))  // Depends on the SoC (ESP32, ESP32S2, ESP32S3, ESP32C3)
      |         ^~~~~~~~~~~~~~~~~
/home/runner/.arduino15/packages/m5stack/hardware/esp32/3.2.5/variants/m5stack_cardputer/pins_arduino.h:14:9: note: this is the location of the previous definition
   14 | #define NUM_ANALOG_INPUTS       15
      |         ^~~~~~~~~~~~~~~~~
/home/runner/.arduino15/packages/m5stack/hardware/esp32/3.2.5/cores/esp32/Arduino.h:145:9: warning: "EXTERNAL_NUM_INTERRUPTS" redefined
  145 | #define EXTERNAL_NUM_INTERRUPTS    NUM_DIGITAL_PINS  // All GPIOs
      |         ^~~~~~~~~~~~~~~~~~~~~~~
/home/runner/.arduino15/packages/m5stack/hardware/esp32/3.2.5/variants/m5stack_cardputer/pins_arduino.h:12:9: note: this is the location of the previous definition
   12 | #define EXTERNAL_NUM_INTERRUPTS 23
      |         ^~~~~~~~~~~~~~~~~~~~~~~
/home/runner/.arduino15/packages/m5stack/hardware/esp32/3.2.5/cores/esp32/Arduino.h:146:9: warning: "analogInputToDigitalPin" redefined
  146 | #define analogInputToDigitalPin(p) (((p) < NUM_ANALOG_INPUTS) ? (analogChannelToDigitalPin(p)) : -1)
      |         ^~~~~~~~~~~~~~~~~~~~~~~
/home/runner/.arduino15/packages/m5stack/hardware/esp32/3.2.5/variants/m5stack_cardputer/pins_arduino.h:16:9: note: this is the location of the previous definition
   16 | #define analogInputToDigitalPin(p) (((p) < 20) ? (analogChannelToDigitalPin(p)) : -1)
      |         ^~~~~~~~~~~~~~~~~~~~~~~
/home/runner/.arduino15/packages/m5stack/hardware/esp32/3.2.5/cores/esp32/Arduino.h:147:9: warning: "digitalPinToInterrupt" redefined
  147 | #define digitalPinToInterrupt(p)   ((((uint8_t)digitalPinToGPIONumber(p)) < NUM_DIGITAL_PINS) ? (p) : NOT_AN_INTERRUPT)
      |         ^~~~~~~~~~~~~~~~~~~~~
/home/runner/.arduino15/packages/m5stack/hardware/esp32/3.2.5/variants/m5stack_cardputer/pins_arduino.h:17:9: note: this is the location of the previous definition
   17 | #define digitalPinToInterrupt(p)   (((p) < 48) ? (p) : -1)
      |         ^~~~~~~~~~~~~~~~~~~~~
/home/runner/.arduino15/packages/m5stack/hardware/esp32/3.2.5/cores/esp32/Arduino.h:148:9: warning: "digitalPinHasPWM" redefined
  148 | #define digitalPinHasPWM(p)        (((uint8_t)digitalPinToGPIONumber(p)) < NUM_DIGITAL_PINS)
      |         ^~~~~~~~~~~~~~~~
/home/runner/.arduino15/packages/m5stack/hardware/esp32/3.2.5/variants/m5stack_cardputer/pins_arduino.h:18:9: note: this is the location of the previous definition
   18 | #define digitalPinHasPWM(p)        (p < 46)
      |         ^~~~~~~~~~~~~~~~
In file included from /home/runner/Arduino/libraries/M5GFX/src/lgfx/v1/panel/../platforms/esp32/../../misc/DataWrapper.hpp:21,
                 from /home/runner/Arduino/libraries/M5GFX/src/lgfx/v1/panel/../platforms/esp32/common.hpp:20,
                 from /home/runner/Arduino/libraries/M5GFX/src/lgfx/v1/panel/../platforms/common.hpp:22,
                 from /home/runner/Arduino/libraries/M5GFX/src/lgfx/v1/panel/Panel_M5HDMI.hpp:21,
                 from /home/runner/Arduino/libraries/M5GFX/src/lgfx/v1/panel/Panel_M5HDMI.cpp:21:
/home/runner/.arduino15/packages/m5stack/hardware/esp32/3.2.5/cores/esp32/Arduino.h:139:9: warning: "NUM_DIGITAL_PINS" redefined
  139 | #define NUM_DIGITAL_PINS SOC_GPIO_PIN_COUNT  // All GPIOs
      |         ^~~~~~~~~~~~~~~~
In file included from /home/runner/.arduino15/packages/m5stack/hardware/esp32/3.2.5/cores/esp32/Arduino.h:43:
/home/runner/.arduino15/packages/m5stack/hardware/esp32/3.2.5/variants/m5stack_cardputer/pins_arduino.h:13:9: note: this is the location of the previous definition
   13 | #define NUM_DIGITAL_PINS        46
      |         ^~~~~~~~~~~~~~~~
/home/runner/.arduino15/packages/m5stack/hardware/esp32/3.2.5/cores/esp32/Arduino.h:143:9: warning: "NUM_ANALOG_INPUTS" redefined
  143 | #define NUM_ANALOG_INPUTS (SOC_ADC_CHANNEL_NUM(0) + SOC_ADC_CHANNEL_NUM(1))  // Depends on the SoC (ESP32, ESP32S2, ESP32S3, ESP32C3)
      |         ^~~~~~~~~~~~~~~~~
/home/runner/.arduino15/packages/m5stack/hardware/esp32/3.2.5/variants/m5stack_cardputer/pins_arduino.h:14:9: note: this is the location of the previous definition
   14 | #define NUM_ANALOG_INPUTS       15
      |         ^~~~~~~~~~~~~~~~~
/home/runner/.arduino15/packages/m5stack/hardware/esp32/3.2.5/cores/esp32/Arduino.h:145:9: warning: "EXTERNAL_NUM_INTERRUPTS" redefined
  145 | #define EXTERNAL_NUM_INTERRUPTS    NUM_DIGITAL_PINS  // All GPIOs
      |         ^~~~~~~~~~~~~~~~~~~~~~~
/home/runner/.arduino15/packages/m5stack/hardware/esp32/3.2.5/variants/m5stack_cardputer/pins_arduino.h:12:9: note: this is the location of the previous definition
   12 | #define EXTERNAL_NUM_INTERRUPTS 23
      |         ^~~~~~~~~~~~~~~~~~~~~~~
/home/runner/.arduino15/packages/m5stack/hardware/esp32/3.2.5/cores/esp32/Arduino.h:146:9: warning: "analogInputToDigitalPin" redefined
  146 | #define analogInputToDigitalPin(p) (((p) < NUM_ANALOG_INPUTS) ? (analogChannelToDigitalPin(p)) : -1)
      |         ^~~~~~~~~~~~~~~~~~~~~~~
/home/runner/.arduino15/packages/m5stack/hardware/esp32/3.2.5/variants/m5stack_cardputer/pins_arduino.h:16:9: note: this is the location of the previous definition
   16 | #define analogInputToDigitalPin(p) (((p) < 20) ? (analogChannelToDigitalPin(p)) : -1)
      |         ^~~~~~~~~~~~~~~~~~~~~~~
/home/runner/.arduino15/packages/m5stack/hardware/esp32/3.2.5/cores/esp32/Arduino.h:147:9: warning: "digitalPinToInterrupt" redefined
  147 | #define digitalPinToInterrupt(p)   ((((uint8_t)digitalPinToGPIONumber(p)) < NUM_DIGITAL_PINS) ? (p) : NOT_AN_INTERRUPT)
      |         ^~~~~~~~~~~~~~~~~~~~~
/home/runner/.arduino15/packages/m5stack/hardware/esp32/3.2.5/variants/m5stack_cardputer/pins_arduino.h:17:9: note: this is the location of the previous definition
   17 | #define digitalPinToInterrupt(p)   (((p) < 48) ? (p) : -1)
      |         ^~~~~~~~~~~~~~~~~~~~~
/home/runner/.arduino15/packages/m5stack/hardware/esp32/3.2.5/cores/esp32/Arduino.h:148:9: warning: "digitalPinHasPWM" redefined
  148 | #define digitalPinHasPWM(p)        (((uint8_t)digitalPinToGPIONumber(p)) < NUM_DIGITAL_PINS)
      |         ^~~~~~~~~~~~~~~~
/home/runner/.arduino15/packages/m5stack/hardware/esp32/3.2.5/variants/m5stack_cardputer/pins_arduino.h:18:9: note: this is the location of the previous definition
   18 | #define digitalPinHasPWM(p)        (p < 46)
      |         ^~~~~~~~~~~~~~~~
In file included from /home/runner/Arduino/libraries/M5GFX/src/lgfx/v1/panel/../platforms/esp32/../../misc/DataWrapper.hpp:21,
                 from /home/runner/Arduino/libraries/M5GFX/src/lgfx/v1/panel/../platforms/esp32/common.hpp:20,
                 from /home/runner/Arduino/libraries/M5GFX/src/lgfx/v1/panel/../platforms/common.hpp:22,
                 from /home/runner/Arduino/libraries/M5GFX/src/lgfx/v1/panel/Panel_M5UnitLCD.cpp:20:
/home/runner/.arduino15/packages/m5stack/hardware/esp32/3.2.5/cores/esp32/Arduino.h:139:9: warning: "NUM_DIGITAL_PINS" redefined
  139 | #define NUM_DIGITAL_PINS SOC_GPIO_PIN_COUNT  // All GPIOs
      |         ^~~~~~~~~~~~~~~~
In file included from /home/runner/.arduino15/packages/m5stack/hardware/esp32/3.2.5/cores/esp32/Arduino.h:43:
/home/runner/.arduino15/packages/m5stack/hardware/esp32/3.2.5/variants/m5stack_cardputer/pins_arduino.h:13:9: note: this is the location of the previous definition
   13 | #define NUM_DIGITAL_PINS        46
      |         ^~~~~~~~~~~~~~~~
/home/runner/.arduino15/packages/m5stack/hardware/esp32/3.2.5/cores/esp32/Arduino.h:143:9: warning: "NUM_ANALOG_INPUTS" redefined
  143 | #define NUM_ANALOG_INPUTS (SOC_ADC_CHANNEL_NUM(0) + SOC_ADC_CHANNEL_NUM(1))  // Depends on the SoC (ESP32, ESP32S2, ESP32S3, ESP32C3)
      |         ^~~~~~~~~~~~~~~~~
/home/runner/.arduino15/packages/m5stack/hardware/esp32/3.2.5/variants/m5stack_cardputer/pins_arduino.h:14:9: note: this is the location of the previous definition
   14 | #define NUM_ANALOG_INPUTS       15
      |         ^~~~~~~~~~~~~~~~~
/home/runner/.arduino15/packages/m5stack/hardware/esp32/3.2.5/cores/esp32/Arduino.h:145:9: warning: "EXTERNAL_NUM_INTERRUPTS" redefined
  145 | #define EXTERNAL_NUM_INTERRUPTS    NUM_DIGITAL_PINS  // All GPIOs
      |         ^~~~~~~~~~~~~~~~~~~~~~~
/home/runner/.arduino15/packages/m5stack/hardware/esp32/3.2.5/variants/m5stack_cardputer/pins_arduino.h:12:9: note: this is the location of the previous definition
   12 | #define EXTERNAL_NUM_INTERRUPTS 23
      |         ^~~~~~~~~~~~~~~~~~~~~~~
/home/runner/.arduino15/packages/m5stack/hardware/esp32/3.2.5/cores/esp32/Arduino.h:146:9: warning: "analogInputToDigitalPin" redefined
  146 | #define analogInputToDigitalPin(p) (((p) < NUM_ANALOG_INPUTS) ? (analogChannelToDigitalPin(p)) : -1)
      |         ^~~~~~~~~~~~~~~~~~~~~~~
/home/runner/.arduino15/packages/m5stack/hardware/esp32/3.2.5/variants/m5stack_cardputer/pins_arduino.h:16:9: note: this is the location of the previous definition
   16 | #define analogInputToDigitalPin(p) (((p) < 20) ? (analogChannelToDigitalPin(p)) : -1)
      |         ^~~~~~~~~~~~~~~~~~~~~~~
/home/runner/.arduino15/packages/m5stack/hardware/esp32/3.2.5/cores/esp32/Arduino.h:147:9: warning: "digitalPinToInterrupt" redefined
  147 | #define digitalPinToInterrupt(p)   ((((uint8_t)digitalPinToGPIONumber(p)) < NUM_DIGITAL_PINS) ? (p) : NOT_AN_INTERRUPT)
      |         ^~~~~~~~~~~~~~~~~~~~~
/home/runner/.arduino15/packages/m5stack/hardware/esp32/3.2.5/variants/m5stack_cardputer/pins_arduino.h:17:9: note: this is the location of the previous definition
   17 | #define digitalPinToInterrupt(p)   (((p) < 48) ? (p) : -1)
      |         ^~~~~~~~~~~~~~~~~~~~~
/home/runner/.arduino15/packages/m5stack/hardware/esp32/3.2.5/cores/esp32/Arduino.h:148:9: warning: "digitalPinHasPWM" redefined
  148 | #define digitalPinHasPWM(p)        (((uint8_t)digitalPinToGPIONumber(p)) < NUM_DIGITAL_PINS)
      |         ^~~~~~~~~~~~~~~~
/home/runner/.arduino15/packages/m5stack/hardware/esp32/3.2.5/variants/m5stack_cardputer/pins_arduino.h:18:9: note: this is the location of the previous definition
   18 | #define digitalPinHasPWM(p)        (p < 46)
      |         ^~~~~~~~~~~~~~~~
In file included from /home/runner/Arduino/libraries/M5GFX/src/lgfx/v1/panel/../platforms/esp32/../../misc/DataWrapper.hpp:21,
                 from /home/runner/Arduino/libraries/M5GFX/src/lgfx/v1/panel/../platforms/esp32/common.hpp:20,
                 from /home/runner/Arduino/libraries/M5GFX/src/lgfx/v1/panel/../platforms/common.hpp:22,
                 from /home/runner/Arduino/libraries/M5GFX/src/lgfx/v1/panel/Panel_SSD1306.cpp:20:
/home/runner/.arduino15/packages/m5stack/hardware/esp32/3.2.5/cores/esp32/Arduino.h:139:9: warning: "NUM_DIGITAL_PINS" redefined
  139 | #define NUM_DIGITAL_PINS SOC_GPIO_PIN_COUNT  // All GPIOs
      |         ^~~~~~~~~~~~~~~~
In file included from /home/runner/.arduino15/packages/m5stack/hardware/esp32/3.2.5/cores/esp32/Arduino.h:43:
/home/runner/.arduino15/packages/m5stack/hardware/esp32/3.2.5/variants/m5stack_cardputer/pins_arduino.h:13:9: note: this is the location of the previous definition
   13 | #define NUM_DIGITAL_PINS        46
      |         ^~~~~~~~~~~~~~~~
/home/runner/.arduino15/packages/m5stack/hardware/esp32/3.2.5/cores/esp32/Arduino.h:143:9: warning: "NUM_ANALOG_INPUTS" redefined
  143 | #define NUM_ANALOG_INPUTS (SOC_ADC_CHANNEL_NUM(0) + SOC_ADC_CHANNEL_NUM(1))  // Depends on the SoC (ESP32, ESP32S2, ESP32S3, ESP32C3)
      |         ^~~~~~~~~~~~~~~~~
/home/runner/.arduino15/packages/m5stack/hardware/esp32/3.2.5/variants/m5stack_cardputer/pins_arduino.h:14:9: note: this is the location of the previous definition
   14 | #define NUM_ANALOG_INPUTS       15
      |         ^~~~~~~~~~~~~~~~~
/home/runner/.arduino15/packages/m5stack/hardware/esp32/3.2.5/cores/esp32/Arduino.h:145:9: warning: "EXTERNAL_NUM_INTERRUPTS" redefined
  145 | #define EXTERNAL_NUM_INTERRUPTS    NUM_DIGITAL_PINS  // All GPIOs
      |         ^~~~~~~~~~~~~~~~~~~~~~~
/home/runner/.arduino15/packages/m5stack/hardware/esp32/3.2.5/variants/m5stack_cardputer/pins_arduino.h:12:9: note: this is the location of the previous definition
   12 | #define EXTERNAL_NUM_INTERRUPTS 23
      |         ^~~~~~~~~~~~~~~~~~~~~~~
/home/runner/.arduino15/packages/m5stack/hardware/esp32/3.2.5/cores/esp32/Arduino.h:146:9: warning: "analogInputToDigitalPin" redefined
  146 | #define analogInputToDigitalPin(p) (((p) < NUM_ANALOG_INPUTS) ? (analogChannelToDigitalPin(p)) : -1)
      |         ^~~~~~~~~~~~~~~~~~~~~~~
/home/runner/.arduino15/packages/m5stack/hardware/esp32/3.2.5/variants/m5stack_cardputer/pins_arduino.h:16:9: note: this is the location of the previous definition
   16 | #define analogInputToDigitalPin(p) (((p) < 20) ? (analogChannelToDigitalPin(p)) : -1)
      |         ^~~~~~~~~~~~~~~~~~~~~~~
/home/runner/.arduino15/packages/m5stack/hardware/esp32/3.2.5/cores/esp32/Arduino.h:147:9: warning: "digitalPinToInterrupt" redefined
  147 | #define digitalPinToInterrupt(p)   ((((uint8_t)digitalPinToGPIONumber(p)) < NUM_DIGITAL_PINS) ? (p) : NOT_AN_INTERRUPT)
      |         ^~~~~~~~~~~~~~~~~~~~~
/home/runner/.arduino15/packages/m5stack/hardware/esp32/3.2.5/variants/m5stack_cardputer/pins_arduino.h:17:9: note: this is the location of the previous definition
   17 | #define digitalPinToInterrupt(p)   (((p) < 48) ? (p) : -1)
      |         ^~~~~~~~~~~~~~~~~~~~~
/home/runner/.arduino15/packages/m5stack/hardware/esp32/3.2.5/cores/esp32/Arduino.h:148:9: warning: "digitalPinHasPWM" redefined
  148 | #define digitalPinHasPWM(p)        (((uint8_t)digitalPinToGPIONumber(p)) < NUM_DIGITAL_PINS)
      |         ^~~~~~~~~~~~~~~~
/home/runner/.arduino15/packages/m5stack/hardware/esp32/3.2.5/variants/m5stack_cardputer/pins_arduino.h:18:9: note: this is the location of the previous definition
   18 | #define digitalPinHasPWM(p)        (p < 46)
      |         ^~~~~~~~~~~~~~~~
In file included from /home/runner/Arduino/libraries/M5GFX/src/lgfx/v1/panel/../platforms/esp32/../../misc/DataWrapper.hpp:21,
                 from /home/runner/Arduino/libraries/M5GFX/src/lgfx/v1/panel/../platforms/esp32/common.hpp:20,
                 from /home/runner/Arduino/libraries/M5GFX/src/lgfx/v1/panel/../platforms/common.hpp:22,
                 from /home/runner/Arduino/libraries/M5GFX/src/lgfx/v1/panel/Panel_TM1680.cpp:20:
/home/runner/.arduino15/packages/m5stack/hardware/esp32/3.2.5/cores/esp32/Arduino.h:139:9: warning: "NUM_DIGITAL_PINS" redefined
  139 | #define NUM_DIGITAL_PINS SOC_GPIO_PIN_COUNT  // All GPIOs
      |         ^~~~~~~~~~~~~~~~
In file included from /home/runner/.arduino15/packages/m5stack/hardware/esp32/3.2.5/cores/esp32/Arduino.h:43:
/home/runner/.arduino15/packages/m5stack/hardware/esp32/3.2.5/variants/m5stack_cardputer/pins_arduino.h:13:9: note: this is the location of the previous definition
   13 | #define NUM_DIGITAL_PINS        46
      |         ^~~~~~~~~~~~~~~~
/home/runner/.arduino15/packages/m5stack/hardware/esp32/3.2.5/cores/esp32/Arduino.h:143:9: warning: "NUM_ANALOG_INPUTS" redefined
  143 | #define NUM_ANALOG_INPUTS (SOC_ADC_CHANNEL_NUM(0) + SOC_ADC_CHANNEL_NUM(1))  // Depends on the SoC (ESP32, ESP32S2, ESP32S3, ESP32C3)
      |         ^~~~~~~~~~~~~~~~~
/home/runner/.arduino15/packages/m5stack/hardware/esp32/3.2.5/variants/m5stack_cardputer/pins_arduino.h:14:9: note: this is the location of the previous definition
   14 | #define NUM_ANALOG_INPUTS       15
      |         ^~~~~~~~~~~~~~~~~
/home/runner/.arduino15/packages/m5stack/hardware/esp32/3.2.5/cores/esp32/Arduino.h:145:9: warning: "EXTERNAL_NUM_INTERRUPTS" redefined
  145 | #define EXTERNAL_NUM_INTERRUPTS    NUM_DIGITAL_PINS  // All GPIOs
      |         ^~~~~~~~~~~~~~~~~~~~~~~
/home/runner/.arduino15/packages/m5stack/hardware/esp32/3.2.5/variants/m5stack_cardputer/pins_arduino.h:12:9: note: this is the location of the previous definition
   12 | #define EXTERNAL_NUM_INTERRUPTS 23
      |         ^~~~~~~~~~~~~~~~~~~~~~~
/home/runner/.arduino15/packages/m5stack/hardware/esp32/3.2.5/cores/esp32/Arduino.h:146:9: warning: "analogInputToDigitalPin" redefined
  146 | #define analogInputToDigitalPin(p) (((p) < NUM_ANALOG_INPUTS) ? (analogChannelToDigitalPin(p)) : -1)
      |         ^~~~~~~~~~~~~~~~~~~~~~~
/home/runner/.arduino15/packages/m5stack/hardware/esp32/3.2.5/variants/m5stack_cardputer/pins_arduino.h:16:9: note: this is the location of the previous definition
   16 | #define analogInputToDigitalPin(p) (((p) < 20) ? (analogChannelToDigitalPin(p)) : -1)
      |         ^~~~~~~~~~~~~~~~~~~~~~~
/home/runner/.arduino15/packages/m5stack/hardware/esp32/3.2.5/cores/esp32/Arduino.h:147:9: warning: "digitalPinToInterrupt" redefined
  147 | #define digitalPinToInterrupt(p)   ((((uint8_t)digitalPinToGPIONumber(p)) < NUM_DIGITAL_PINS) ? (p) : NOT_AN_INTERRUPT)
      |         ^~~~~~~~~~~~~~~~~~~~~
/home/runner/.arduino15/packages/m5stack/hardware/esp32/3.2.5/variants/m5stack_cardputer/pins_arduino.h:17:9: note: this is the location of the previous definition
   17 | #define digitalPinToInterrupt(p)   (((p) < 48) ? (p) : -1)
      |         ^~~~~~~~~~~~~~~~~~~~~
/home/runner/.arduino15/packages/m5stack/hardware/esp32/3.2.5/cores/esp32/Arduino.h:148:9: warning: "digitalPinHasPWM" redefined
  148 | #define digitalPinHasPWM(p)        (((uint8_t)digitalPinToGPIONumber(p)) < NUM_DIGITAL_PINS)
      |         ^~~~~~~~~~~~~~~~
/home/runner/.arduino15/packages/m5stack/hardware/esp32/3.2.5/variants/m5stack_cardputer/pins_arduino.h:18:9: note: this is the location of the previous definition
   18 | #define digitalPinHasPWM(p)        (p < 46)
      |         ^~~~~~~~~~~~~~~~
In file included from /home/runner/Arduino/libraries/M5GFX/src/lgfx/v1/platforms/esp32/../../misc/DataWrapper.hpp:21,
                 from /home/runner/Arduino/libraries/M5GFX/src/lgfx/v1/platforms/esp32/common.hpp:20,
                 from /home/runner/Arduino/libraries/M5GFX/src/lgfx/v1/platforms/common.hpp:22,
                 from /home/runner/Arduino/libraries/M5GFX/src/lgfx/v1/panel/Panel_SSD1677.cpp:20:
/home/runner/.arduino15/packages/m5stack/hardware/esp32/3.2.5/cores/esp32/Arduino.h:139:9: warning: "NUM_DIGITAL_PINS" redefined
  139 | #define NUM_DIGITAL_PINS SOC_GPIO_PIN_COUNT  // All GPIOs
      |         ^~~~~~~~~~~~~~~~
In file included from /home/runner/.arduino15/packages/m5stack/hardware/esp32/3.2.5/cores/esp32/Arduino.h:43:
/home/runner/.arduino15/packages/m5stack/hardware/esp32/3.2.5/variants/m5stack_cardputer/pins_arduino.h:13:9: note: this is the location of the previous definition
   13 | #define NUM_DIGITAL_PINS        46
      |         ^~~~~~~~~~~~~~~~
/home/runner/.arduino15/packages/m5stack/hardware/esp32/3.2.5/cores/esp32/Arduino.h:143:9: warning: "NUM_ANALOG_INPUTS" redefined
  143 | #define NUM_ANALOG_INPUTS (SOC_ADC_CHANNEL_NUM(0) + SOC_ADC_CHANNEL_NUM(1))  // Depends on the SoC (ESP32, ESP32S2, ESP32S3, ESP32C3)
      |         ^~~~~~~~~~~~~~~~~
/home/runner/.arduino15/packages/m5stack/hardware/esp32/3.2.5/variants/m5stack_cardputer/pins_arduino.h:14:9: note: this is the location of the previous definition
   14 | #define NUM_ANALOG_INPUTS       15
      |         ^~~~~~~~~~~~~~~~~
/home/runner/.arduino15/packages/m5stack/hardware/esp32/3.2.5/cores/esp32/Arduino.h:145:9: warning: "EXTERNAL_NUM_INTERRUPTS" redefined
  145 | #define EXTERNAL_NUM_INTERRUPTS    NUM_DIGITAL_PINS  // All GPIOs
      |         ^~~~~~~~~~~~~~~~~~~~~~~
/home/runner/.arduino15/packages/m5stack/hardware/esp32/3.2.5/variants/m5stack_cardputer/pins_arduino.h:12:9: note: this is the location of the previous definition
   12 | #define EXTERNAL_NUM_INTERRUPTS 23
      |         ^~~~~~~~~~~~~~~~~~~~~~~
/home/runner/.arduino15/packages/m5stack/hardware/esp32/3.2.5/cores/esp32/Arduino.h:146:9: warning: "analogInputToDigitalPin" redefined
  146 | #define analogInputToDigitalPin(p) (((p) < NUM_ANALOG_INPUTS) ? (analogChannelToDigitalPin(p)) : -1)
      |         ^~~~~~~~~~~~~~~~~~~~~~~
/home/runner/.arduino15/packages/m5stack/hardware/esp32/3.2.5/variants/m5stack_cardputer/pins_arduino.h:16:9: note: this is the location of the previous definition
   16 | #define analogInputToDigitalPin(p) (((p) < 20) ? (analogChannelToDigitalPin(p)) : -1)
      |         ^~~~~~~~~~~~~~~~~~~~~~~
/home/runner/.arduino15/packages/m5stack/hardware/esp32/3.2.5/cores/esp32/Arduino.h:147:9: warning: "digitalPinToInterrupt" redefined
  147 | #define digitalPinToInterrupt(p)   ((((uint8_t)digitalPinToGPIONumber(p)) < NUM_DIGITAL_PINS) ? (p) : NOT_AN_INTERRUPT)
      |         ^~~~~~~~~~~~~~~~~~~~~
/home/runner/.arduino15/packages/m5stack/hardware/esp32/3.2.5/variants/m5stack_cardputer/pins_arduino.h:17:9: note: this is the location of the previous definition
   17 | #define digitalPinToInterrupt(p)   (((p) < 48) ? (p) : -1)
      |         ^~~~~~~~~~~~~~~~~~~~~
/home/runner/.arduino15/packages/m5stack/hardware/esp32/3.2.5/cores/esp32/Arduino.h:148:9: warning: "digitalPinHasPWM" redefined
  148 | #define digitalPinHasPWM(p)        (((uint8_t)digitalPinToGPIONumber(p)) < NUM_DIGITAL_PINS)
      |         ^~~~~~~~~~~~~~~~
/home/runner/.arduino15/packages/m5stack/hardware/esp32/3.2.5/variants/m5stack_cardputer/pins_arduino.h:18:9: note: this is the location of the previous definition
   18 | #define digitalPinHasPWM(p)        (p < 46)
      |         ^~~~~~~~~~~~~~~~
In file included from /home/runner/Arduino/libraries/M5GFX/src/lgfx/v1/platforms/esp32/../esp32/../../misc/DataWrapper.hpp:21,
                 from /home/runner/Arduino/libraries/M5GFX/src/lgfx/v1/platforms/esp32/../esp32/common.hpp:20,
                 from /home/runner/Arduino/libraries/M5GFX/src/lgfx/v1/platforms/esp32/../common.hpp:22,
                 from /home/runner/Arduino/libraries/M5GFX/src/lgfx/v1/platforms/esp32/Bus_EPD.cpp:28:
/home/runner/.arduino15/packages/m5stack/hardware/esp32/3.2.5/cores/esp32/Arduino.h:139:9: warning: "NUM_DIGITAL_PINS" redefined
  139 | #define NUM_DIGITAL_PINS SOC_GPIO_PIN_COUNT  // All GPIOs
      |         ^~~~~~~~~~~~~~~~
In file included from /home/runner/.arduino15/packages/m5stack/hardware/esp32/3.2.5/cores/esp32/Arduino.h:43:
/home/runner/.arduino15/packages/m5stack/hardware/esp32/3.2.5/variants/m5stack_cardputer/pins_arduino.h:13:9: note: this is the location of the previous definition
   13 | #define NUM_DIGITAL_PINS        46
      |         ^~~~~~~~~~~~~~~~
/home/runner/.arduino15/packages/m5stack/hardware/esp32/3.2.5/cores/esp32/Arduino.h:143:9: warning: "NUM_ANALOG_INPUTS" redefined
  143 | #define NUM_ANALOG_INPUTS (SOC_ADC_CHANNEL_NUM(0) + SOC_ADC_CHANNEL_NUM(1))  // Depends on the SoC (ESP32, ESP32S2, ESP32S3, ESP32C3)
      |         ^~~~~~~~~~~~~~~~~
/home/runner/.arduino15/packages/m5stack/hardware/esp32/3.2.5/variants/m5stack_cardputer/pins_arduino.h:14:9: note: this is the location of the previous definition
   14 | #define NUM_ANALOG_INPUTS       15
      |         ^~~~~~~~~~~~~~~~~
/home/runner/.arduino15/packages/m5stack/hardware/esp32/3.2.5/cores/esp32/Arduino.h:145:9: warning: "EXTERNAL_NUM_INTERRUPTS" redefined
  145 | #define EXTERNAL_NUM_INTERRUPTS    NUM_DIGITAL_PINS  // All GPIOs
      |         ^~~~~~~~~~~~~~~~~~~~~~~
/home/runner/.arduino15/packages/m5stack/hardware/esp32/3.2.5/variants/m5stack_cardputer/pins_arduino.h:12:9: note: this is the location of the previous definition
   12 | #define EXTERNAL_NUM_INTERRUPTS 23
      |         ^~~~~~~~~~~~~~~~~~~~~~~
/home/runner/.arduino15/packages/m5stack/hardware/esp32/3.2.5/cores/esp32/Arduino.h:146:9: warning: "analogInputToDigitalPin" redefined
  146 | #define analogInputToDigitalPin(p) (((p) < NUM_ANALOG_INPUTS) ? (analogChannelToDigitalPin(p)) : -1)
      |         ^~~~~~~~~~~~~~~~~~~~~~~
/home/runner/.arduino15/packages/m5stack/hardware/esp32/3.2.5/variants/m5stack_cardputer/pins_arduino.h:16:9: note: this is the location of the previous definition
   16 | #define analogInputToDigitalPin(p) (((p) < 20) ? (analogChannelToDigitalPin(p)) : -1)
      |         ^~~~~~~~~~~~~~~~~~~~~~~
/home/runner/.arduino15/packages/m5stack/hardware/esp32/3.2.5/cores/esp32/Arduino.h:147:9: warning: "digitalPinToInterrupt" redefined
  147 | #define digitalPinToInterrupt(p)   ((((uint8_t)digitalPinToGPIONumber(p)) < NUM_DIGITAL_PINS) ? (p) : NOT_AN_INTERRUPT)
      |         ^~~~~~~~~~~~~~~~~~~~~
/home/runner/.arduino15/packages/m5stack/hardware/esp32/3.2.5/variants/m5stack_cardputer/pins_arduino.h:17:9: note: this is the location of the previous definition
   17 | #define digitalPinToInterrupt(p)   (((p) < 48) ? (p) : -1)
      |         ^~~~~~~~~~~~~~~~~~~~~
/home/runner/.arduino15/packages/m5stack/hardware/esp32/3.2.5/cores/esp32/Arduino.h:148:9: warning: "digitalPinHasPWM" redefined
  148 | #define digitalPinHasPWM(p)        (((uint8_t)digitalPinToGPIONumber(p)) < NUM_DIGITAL_PINS)
      |         ^~~~~~~~~~~~~~~~
/home/runner/.arduino15/packages/m5stack/hardware/esp32/3.2.5/variants/m5stack_cardputer/pins_arduino.h:18:9: note: this is the location of the previous definition
   18 | #define digitalPinHasPWM(p)        (p < 46)
      |         ^~~~~~~~~~~~~~~~
In file included from /home/runner/Arduino/libraries/M5GFX/src/lgfx/v1/platforms/esp32/../esp32/../../misc/DataWrapper.hpp:21,
                 from /home/runner/Arduino/libraries/M5GFX/src/lgfx/v1/platforms/esp32/../esp32/common.hpp:20,
                 from /home/runner/Arduino/libraries/M5GFX/src/lgfx/v1/platforms/esp32/../common.hpp:22,
                 from /home/runner/Arduino/libraries/M5GFX/src/lgfx/v1/platforms/esp32/Bus_I2C.hpp:21,
                 from /home/runner/Arduino/libraries/M5GFX/src/lgfx/v1/platforms/esp32/Bus_I2C.cpp:21:
/home/runner/.arduino15/packages/m5stack/hardware/esp32/3.2.5/cores/esp32/Arduino.h:139:9: warning: "NUM_DIGITAL_PINS" redefined
  139 | #define NUM_DIGITAL_PINS SOC_GPIO_PIN_COUNT  // All GPIOs
      |         ^~~~~~~~~~~~~~~~
In file included from /home/runner/.arduino15/packages/m5stack/hardware/esp32/3.2.5/cores/esp32/Arduino.h:43:
/home/runner/.arduino15/packages/m5stack/hardware/esp32/3.2.5/variants/m5stack_cardputer/pins_arduino.h:13:9: note: this is the location of the previous definition
   13 | #define NUM_DIGITAL_PINS        46
      |         ^~~~~~~~~~~~~~~~
/home/runner/.arduino15/packages/m5stack/hardware/esp32/3.2.5/cores/esp32/Arduino.h:143:9: warning: "NUM_ANALOG_INPUTS" redefined
  143 | #define NUM_ANALOG_INPUTS (SOC_ADC_CHANNEL_NUM(0) + SOC_ADC_CHANNEL_NUM(1))  // Depends on the SoC (ESP32, ESP32S2, ESP32S3, ESP32C3)
      |         ^~~~~~~~~~~~~~~~~
/home/runner/.arduino15/packages/m5stack/hardware/esp32/3.2.5/variants/m5stack_cardputer/pins_arduino.h:14:9: note: this is the location of the previous definition
   14 | #define NUM_ANALOG_INPUTS       15
      |         ^~~~~~~~~~~~~~~~~
/home/runner/.arduino15/packages/m5stack/hardware/esp32/3.2.5/cores/esp32/Arduino.h:145:9: warning: "EXTERNAL_NUM_INTERRUPTS" redefined
  145 | #define EXTERNAL_NUM_INTERRUPTS    NUM_DIGITAL_PINS  // All GPIOs
      |         ^~~~~~~~~~~~~~~~~~~~~~~
/home/runner/.arduino15/packages/m5stack/hardware/esp32/3.2.5/variants/m5stack_cardputer/pins_arduino.h:12:9: note: this is the location of the previous definition
   12 | #define EXTERNAL_NUM_INTERRUPTS 23
      |         ^~~~~~~~~~~~~~~~~~~~~~~
/home/runner/.arduino15/packages/m5stack/hardware/esp32/3.2.5/cores/esp32/Arduino.h:146:9: warning: "analogInputToDigitalPin" redefined
  146 | #define analogInputToDigitalPin(p) (((p) < NUM_ANALOG_INPUTS) ? (analogChannelToDigitalPin(p)) : -1)
      |         ^~~~~~~~~~~~~~~~~~~~~~~
/home/runner/.arduino15/packages/m5stack/hardware/esp32/3.2.5/variants/m5stack_cardputer/pins_arduino.h:16:9: note: this is the location of the previous definition
   16 | #define analogInputToDigitalPin(p) (((p) < 20) ? (analogChannelToDigitalPin(p)) : -1)
      |         ^~~~~~~~~~~~~~~~~~~~~~~
/home/runner/.arduino15/packages/m5stack/hardware/esp32/3.2.5/cores/esp32/Arduino.h:147:9: warning: "digitalPinToInterrupt" redefined
  147 | #define digitalPinToInterrupt(p)   ((((uint8_t)digitalPinToGPIONumber(p)) < NUM_DIGITAL_PINS) ? (p) : NOT_AN_INTERRUPT)
      |         ^~~~~~~~~~~~~~~~~~~~~
/home/runner/.arduino15/packages/m5stack/hardware/esp32/3.2.5/variants/m5stack_cardputer/pins_arduino.h:17:9: note: this is the location of the previous definition
   17 | #define digitalPinToInterrupt(p)   (((p) < 48) ? (p) : -1)
      |         ^~~~~~~~~~~~~~~~~~~~~
/home/runner/.arduino15/packages/m5stack/hardware/esp32/3.2.5/cores/esp32/Arduino.h:148:9: warning: "digitalPinHasPWM" redefined
  148 | #define digitalPinHasPWM(p)        (((uint8_t)digitalPinToGPIONumber(p)) < NUM_DIGITAL_PINS)
      |         ^~~~~~~~~~~~~~~~
/home/runner/.arduino15/packages/m5stack/hardware/esp32/3.2.5/variants/m5stack_cardputer/pins_arduino.h:18:9: note: this is the location of the previous definition
   18 | #define digitalPinHasPWM(p)        (p < 46)
      |         ^~~~~~~~~~~~~~~~
In file included from /home/runner/Arduino/libraries/M5GFX/src/lgfx/v1/platforms/esp32/../../misc/DataWrapper.hpp:21,
                 from /home/runner/Arduino/libraries/M5GFX/src/lgfx/v1/platforms/esp32/common.hpp:20,
                 from /home/runner/Arduino/libraries/M5GFX/src/lgfx/v1/platforms/esp32/Light_PWM.cpp:22:
/home/runner/.arduino15/packages/m5stack/hardware/esp32/3.2.5/cores/esp32/Arduino.h:139:9: warning: "NUM_DIGITAL_PINS" redefined
  139 | #define NUM_DIGITAL_PINS SOC_GPIO_PIN_COUNT  // All GPIOs
      |         ^~~~~~~~~~~~~~~~
In file included from /home/runner/.arduino15/packages/m5stack/hardware/esp32/3.2.5/cores/esp32/Arduino.h:43:
/home/runner/.arduino15/packages/m5stack/hardware/esp32/3.2.5/variants/m5stack_cardputer/pins_arduino.h:13:9: note: this is the location of the previous definition
   13 | #define NUM_DIGITAL_PINS        46
      |         ^~~~~~~~~~~~~~~~
/home/runner/.arduino15/packages/m5stack/hardware/esp32/3.2.5/cores/esp32/Arduino.h:143:9: warning: "NUM_ANALOG_INPUTS" redefined
  143 | #define NUM_ANALOG_INPUTS (SOC_ADC_CHANNEL_NUM(0) + SOC_ADC_CHANNEL_NUM(1))  // Depends on the SoC (ESP32, ESP32S2, ESP32S3, ESP32C3)
      |         ^~~~~~~~~~~~~~~~~
/home/runner/.arduino15/packages/m5stack/hardware/esp32/3.2.5/variants/m5stack_cardputer/pins_arduino.h:14:9: note: this is the location of the previous definition
   14 | #define NUM_ANALOG_INPUTS       15
      |         ^~~~~~~~~~~~~~~~~
/home/runner/.arduino15/packages/m5stack/hardware/esp32/3.2.5/cores/esp32/Arduino.h:145:9: warning: "EXTERNAL_NUM_INTERRUPTS" redefined
  145 | #define EXTERNAL_NUM_INTERRUPTS    NUM_DIGITAL_PINS  // All GPIOs
      |         ^~~~~~~~~~~~~~~~~~~~~~~
/home/runner/.arduino15/packages/m5stack/hardware/esp32/3.2.5/variants/m5stack_cardputer/pins_arduino.h:12:9: note: this is the location of the previous definition
   12 | #define EXTERNAL_NUM_INTERRUPTS 23
      |         ^~~~~~~~~~~~~~~~~~~~~~~
/home/runner/.arduino15/packages/m5stack/hardware/esp32/3.2.5/cores/esp32/Arduino.h:146:9: warning: "analogInputToDigitalPin" redefined
  146 | #define analogInputToDigitalPin(p) (((p) < NUM_ANALOG_INPUTS) ? (analogChannelToDigitalPin(p)) : -1)
      |         ^~~~~~~~~~~~~~~~~~~~~~~
/home/runner/.arduino15/packages/m5stack/hardware/esp32/3.2.5/variants/m5stack_cardputer/pins_arduino.h:16:9: note: this is the location of the previous definition
   16 | #define analogInputToDigitalPin(p) (((p) < 20) ? (analogChannelToDigitalPin(p)) : -1)
      |         ^~~~~~~~~~~~~~~~~~~~~~~
/home/runner/.arduino15/packages/m5stack/hardware/esp32/3.2.5/cores/esp32/Arduino.h:147:9: warning: "digitalPinToInterrupt" redefined
  147 | #define digitalPinToInterrupt(p)   ((((uint8_t)digitalPinToGPIONumber(p)) < NUM_DIGITAL_PINS) ? (p) : NOT_AN_INTERRUPT)
      |         ^~~~~~~~~~~~~~~~~~~~~
/home/runner/.arduino15/packages/m5stack/hardware/esp32/3.2.5/variants/m5stack_cardputer/pins_arduino.h:17:9: note: this is the location of the previous definition
   17 | #define digitalPinToInterrupt(p)   (((p) < 48) ? (p) : -1)
      |         ^~~~~~~~~~~~~~~~~~~~~
/home/runner/.arduino15/packages/m5stack/hardware/esp32/3.2.5/cores/esp32/Arduino.h:148:9: warning: "digitalPinHasPWM" redefined
  148 | #define digitalPinHasPWM(p)        (((uint8_t)digitalPinToGPIONumber(p)) < NUM_DIGITAL_PINS)
      |         ^~~~~~~~~~~~~~~~
/home/runner/.arduino15/packages/m5stack/hardware/esp32/3.2.5/variants/m5stack_cardputer/pins_arduino.h:18:9: note: this is the location of the previous definition
   18 | #define digitalPinHasPWM(p)        (p < 46)
      |         ^~~~~~~~~~~~~~~~
In file included from /home/runner/Arduino/libraries/M5GFX/src/lgfx/v1/platforms/esp32/../esp32/../../misc/DataWrapper.hpp:21,
                 from /home/runner/Arduino/libraries/M5GFX/src/lgfx/v1/platforms/esp32/../esp32/common.hpp:20,
                 from /home/runner/Arduino/libraries/M5GFX/src/lgfx/v1/platforms/esp32/../common.hpp:22,
                 from /home/runner/Arduino/libraries/M5GFX/src/lgfx/v1/platforms/esp32/Bus_SPI.hpp:57,
                 from /home/runner/Arduino/libraries/M5GFX/src/lgfx/v1/platforms/esp32/Bus_SPI.cpp:26:
/home/runner/.arduino15/packages/m5stack/hardware/esp32/3.2.5/cores/esp32/Arduino.h:139:9: warning: "NUM_DIGITAL_PINS" redefined
  139 | #define NUM_DIGITAL_PINS SOC_GPIO_PIN_COUNT  // All GPIOs
      |         ^~~~~~~~~~~~~~~~
In file included from /home/runner/.arduino15/packages/m5stack/hardware/esp32/3.2.5/cores/esp32/Arduino.h:43:
/home/runner/.arduino15/packages/m5stack/hardware/esp32/3.2.5/variants/m5stack_cardputer/pins_arduino.h:13:9: note: this is the location of the previous definition
   13 | #define NUM_DIGITAL_PINS        46
      |         ^~~~~~~~~~~~~~~~
/home/runner/.arduino15/packages/m5stack/hardware/esp32/3.2.5/cores/esp32/Arduino.h:143:9: warning: "NUM_ANALOG_INPUTS" redefined
  143 | #define NUM_ANALOG_INPUTS (SOC_ADC_CHANNEL_NUM(0) + SOC_ADC_CHANNEL_NUM(1))  // Depends on the SoC (ESP32, ESP32S2, ESP32S3, ESP32C3)
      |         ^~~~~~~~~~~~~~~~~
/home/runner/.arduino15/packages/m5stack/hardware/esp32/3.2.5/variants/m5stack_cardputer/pins_arduino.h:14:9: note: this is the location of the previous definition
   14 | #define NUM_ANALOG_INPUTS       15
      |         ^~~~~~~~~~~~~~~~~
/home/runner/.arduino15/packages/m5stack/hardware/esp32/3.2.5/cores/esp32/Arduino.h:145:9: warning: "EXTERNAL_NUM_INTERRUPTS" redefined
  145 | #define EXTERNAL_NUM_INTERRUPTS    NUM_DIGITAL_PINS  // All GPIOs
      |         ^~~~~~~~~~~~~~~~~~~~~~~
/home/runner/.arduino15/packages/m5stack/hardware/esp32/3.2.5/variants/m5stack_cardputer/pins_arduino.h:12:9: note: this is the location of the previous definition
   12 | #define EXTERNAL_NUM_INTERRUPTS 23
      |         ^~~~~~~~~~~~~~~~~~~~~~~
/home/runner/.arduino15/packages/m5stack/hardware/esp32/3.2.5/cores/esp32/Arduino.h:146:9: warning: "analogInputToDigitalPin" redefined
  146 | #define analogInputToDigitalPin(p) (((p) < NUM_ANALOG_INPUTS) ? (analogChannelToDigitalPin(p)) : -1)
      |         ^~~~~~~~~~~~~~~~~~~~~~~
/home/runner/.arduino15/packages/m5stack/hardware/esp32/3.2.5/variants/m5stack_cardputer/pins_arduino.h:16:9: note: this is the location of the previous definition
   16 | #define analogInputToDigitalPin(p) (((p) < 20) ? (analogChannelToDigitalPin(p)) : -1)
      |         ^~~~~~~~~~~~~~~~~~~~~~~
/home/runner/.arduino15/packages/m5stack/hardware/esp32/3.2.5/cores/esp32/Arduino.h:147:9: warning: "digitalPinToInterrupt" redefined
  147 | #define digitalPinToInterrupt(p)   ((((uint8_t)digitalPinToGPIONumber(p)) < NUM_DIGITAL_PINS) ? (p) : NOT_AN_INTERRUPT)
      |         ^~~~~~~~~~~~~~~~~~~~~
/home/runner/.arduino15/packages/m5stack/hardware/esp32/3.2.5/variants/m5stack_cardputer/pins_arduino.h:17:9: note: this is the location of the previous definition
   17 | #define digitalPinToInterrupt(p)   (((p) < 48) ? (p) : -1)
      |         ^~~~~~~~~~~~~~~~~~~~~
/home/runner/.arduino15/packages/m5stack/hardware/esp32/3.2.5/cores/esp32/Arduino.h:148:9: warning: "digitalPinHasPWM" redefined
  148 | #define digitalPinHasPWM(p)        (((uint8_t)digitalPinToGPIONumber(p)) < NUM_DIGITAL_PINS)
      |         ^~~~~~~~~~~~~~~~
/home/runner/.arduino15/packages/m5stack/hardware/esp32/3.2.5/variants/m5stack_cardputer/pins_arduino.h:18:9: note: this is the location of the previous definition
   18 | #define digitalPinHasPWM(p)        (p < 46)
      |         ^~~~~~~~~~~~~~~~
In file included from /home/runner/Arduino/libraries/M5GFX/src/lgfx/v1/platforms/esp32/../../misc/DataWrapper.hpp:21,
                 from /home/runner/Arduino/libraries/M5GFX/src/lgfx/v1/platforms/esp32/common.hpp:20,
                 from /home/runner/Arduino/libraries/M5GFX/src/lgfx/v1/platforms/common.hpp:22,
                 from /home/runner/Arduino/libraries/M5GFX/src/lgfx/v1/platforms/esp32/Panel_EPD.cpp:23:
/home/runner/.arduino15/packages/m5stack/hardware/esp32/3.2.5/cores/esp32/Arduino.h:139:9: warning: "NUM_DIGITAL_PINS" redefined
  139 | #define NUM_DIGITAL_PINS SOC_GPIO_PIN_COUNT  // All GPIOs
      |         ^~~~~~~~~~~~~~~~
In file included from /home/runner/.arduino15/packages/m5stack/hardware/esp32/3.2.5/cores/esp32/Arduino.h:43:
/home/runner/.arduino15/packages/m5stack/hardware/esp32/3.2.5/variants/m5stack_cardputer/pins_arduino.h:13:9: note: this is the location of the previous definition
   13 | #define NUM_DIGITAL_PINS        46
      |         ^~~~~~~~~~~~~~~~
/home/runner/.arduino15/packages/m5stack/hardware/esp32/3.2.5/cores/esp32/Arduino.h:143:9: warning: "NUM_ANALOG_INPUTS" redefined
  143 | #define NUM_ANALOG_INPUTS (SOC_ADC_CHANNEL_NUM(0) + SOC_ADC_CHANNEL_NUM(1))  // Depends on the SoC (ESP32, ESP32S2, ESP32S3, ESP32C3)
      |         ^~~~~~~~~~~~~~~~~
/home/runner/.arduino15/packages/m5stack/hardware/esp32/3.2.5/variants/m5stack_cardputer/pins_arduino.h:14:9: note: this is the location of the previous definition
   14 | #define NUM_ANALOG_INPUTS       15
      |         ^~~~~~~~~~~~~~~~~
/home/runner/.arduino15/packages/m5stack/hardware/esp32/3.2.5/cores/esp32/Arduino.h:145:9: warning: "EXTERNAL_NUM_INTERRUPTS" redefined
  145 | #define EXTERNAL_NUM_INTERRUPTS    NUM_DIGITAL_PINS  // All GPIOs
      |         ^~~~~~~~~~~~~~~~~~~~~~~
/home/runner/.arduino15/packages/m5stack/hardware/esp32/3.2.5/variants/m5stack_cardputer/pins_arduino.h:12:9: note: this is the location of the previous definition
   12 | #define EXTERNAL_NUM_INTERRUPTS 23
      |         ^~~~~~~~~~~~~~~~~~~~~~~
/home/runner/.arduino15/packages/m5stack/hardware/esp32/3.2.5/cores/esp32/Arduino.h:146:9: warning: "analogInputToDigitalPin" redefined
  146 | #define analogInputToDigitalPin(p) (((p) < NUM_ANALOG_INPUTS) ? (analogChannelToDigitalPin(p)) : -1)
      |         ^~~~~~~~~~~~~~~~~~~~~~~
/home/runner/.arduino15/packages/m5stack/hardware/esp32/3.2.5/variants/m5stack_cardputer/pins_arduino.h:16:9: note: this is the location of the previous definition
   16 | #define analogInputToDigitalPin(p) (((p) < 20) ? (analogChannelToDigitalPin(p)) : -1)
      |         ^~~~~~~~~~~~~~~~~~~~~~~
/home/runner/.arduino15/packages/m5stack/hardware/esp32/3.2.5/cores/esp32/Arduino.h:147:9: warning: "digitalPinToInterrupt" redefined
  147 | #define digitalPinToInterrupt(p)   ((((uint8_t)digitalPinToGPIONumber(p)) < NUM_DIGITAL_PINS) ? (p) : NOT_AN_INTERRUPT)
      |         ^~~~~~~~~~~~~~~~~~~~~
/home/runner/.arduino15/packages/m5stack/hardware/esp32/3.2.5/variants/m5stack_cardputer/pins_arduino.h:17:9: note: this is the location of the previous definition
   17 | #define digitalPinToInterrupt(p)   (((p) < 48) ? (p) : -1)
      |         ^~~~~~~~~~~~~~~~~~~~~
/home/runner/.arduino15/packages/m5stack/hardware/esp32/3.2.5/cores/esp32/Arduino.h:148:9: warning: "digitalPinHasPWM" redefined
  148 | #define digitalPinHasPWM(p)        (((uint8_t)digitalPinToGPIONumber(p)) < NUM_DIGITAL_PINS)
      |         ^~~~~~~~~~~~~~~~
/home/runner/.arduino15/packages/m5stack/hardware/esp32/3.2.5/variants/m5stack_cardputer/pins_arduino.h:18:9: note: this is the location of the previous definition
   18 | #define digitalPinHasPWM(p)        (p < 46)
      |         ^~~~~~~~~~~~~~~~
In file included from /home/runner/Arduino/libraries/M5GFX/src/lgfx/v1/platforms/esp32p4/../../platforms/esp32/../../misc/DataWrapper.hpp:21,
                 from /home/runner/Arduino/libraries/M5GFX/src/lgfx/v1/platforms/esp32p4/../../platforms/esp32/common.hpp:20,
                 from /home/runner/Arduino/libraries/M5GFX/src/lgfx/v1/platforms/esp32p4/../../platforms/common.hpp:22,
                 from /home/runner/Arduino/libraries/M5GFX/src/lgfx/v1/platforms/esp32p4/Touch_ST7123.cpp:21:
/home/runner/.arduino15/packages/m5stack/hardware/esp32/3.2.5/cores/esp32/Arduino.h:139:9: warning: "NUM_DIGITAL_PINS" redefined
  139 | #define NUM_DIGITAL_PINS SOC_GPIO_PIN_COUNT  // All GPIOs
      |         ^~~~~~~~~~~~~~~~
In file included from /home/runner/.arduino15/packages/m5stack/hardware/esp32/3.2.5/cores/esp32/Arduino.h:43:
/home/runner/.arduino15/packages/m5stack/hardware/esp32/3.2.5/variants/m5stack_cardputer/pins_arduino.h:13:9: note: this is the location of the previous definition
   13 | #define NUM_DIGITAL_PINS        46
      |         ^~~~~~~~~~~~~~~~
/home/runner/.arduino15/packages/m5stack/hardware/esp32/3.2.5/cores/esp32/Arduino.h:143:9: warning: "NUM_ANALOG_INPUTS" redefined
  143 | #define NUM_ANALOG_INPUTS (SOC_ADC_CHANNEL_NUM(0) + SOC_ADC_CHANNEL_NUM(1))  // Depends on the SoC (ESP32, ESP32S2, ESP32S3, ESP32C3)
      |         ^~~~~~~~~~~~~~~~~
/home/runner/.arduino15/packages/m5stack/hardware/esp32/3.2.5/variants/m5stack_cardputer/pins_arduino.h:14:9: note: this is the location of the previous definition
   14 | #define NUM_ANALOG_INPUTS       15
      |         ^~~~~~~~~~~~~~~~~
/home/runner/.arduino15/packages/m5stack/hardware/esp32/3.2.5/cores/esp32/Arduino.h:145:9: warning: "EXTERNAL_NUM_INTERRUPTS" redefined
  145 | #define EXTERNAL_NUM_INTERRUPTS    NUM_DIGITAL_PINS  // All GPIOs
      |         ^~~~~~~~~~~~~~~~~~~~~~~
/home/runner/.arduino15/packages/m5stack/hardware/esp32/3.2.5/variants/m5stack_cardputer/pins_arduino.h:12:9: note: this is the location of the previous definition
   12 | #define EXTERNAL_NUM_INTERRUPTS 23
      |         ^~~~~~~~~~~~~~~~~~~~~~~
/home/runner/.arduino15/packages/m5stack/hardware/esp32/3.2.5/cores/esp32/Arduino.h:146:9: warning: "analogInputToDigitalPin" redefined
  146 | #define analogInputToDigitalPin(p) (((p) < NUM_ANALOG_INPUTS) ? (analogChannelToDigitalPin(p)) : -1)
      |         ^~~~~~~~~~~~~~~~~~~~~~~
/home/runner/.arduino15/packages/m5stack/hardware/esp32/3.2.5/variants/m5stack_cardputer/pins_arduino.h:16:9: note: this is the location of the previous definition
   16 | #define analogInputToDigitalPin(p) (((p) < 20) ? (analogChannelToDigitalPin(p)) : -1)
      |         ^~~~~~~~~~~~~~~~~~~~~~~
/home/runner/.arduino15/packages/m5stack/hardware/esp32/3.2.5/cores/esp32/Arduino.h:147:9: warning: "digitalPinToInterrupt" redefined
  147 | #define digitalPinToInterrupt(p)   ((((uint8_t)digitalPinToGPIONumber(p)) < NUM_DIGITAL_PINS) ? (p) : NOT_AN_INTERRUPT)
      |         ^~~~~~~~~~~~~~~~~~~~~
/home/runner/.arduino15/packages/m5stack/hardware/esp32/3.2.5/variants/m5stack_cardputer/pins_arduino.h:17:9: note: this is the location of the previous definition
   17 | #define digitalPinToInterrupt(p)   (((p) < 48) ? (p) : -1)
      |         ^~~~~~~~~~~~~~~~~~~~~
/home/runner/.arduino15/packages/m5stack/hardware/esp32/3.2.5/cores/esp32/Arduino.h:148:9: warning: "digitalPinHasPWM" redefined
  148 | #define digitalPinHasPWM(p)        (((uint8_t)digitalPinToGPIONumber(p)) < NUM_DIGITAL_PINS)
      |         ^~~~~~~~~~~~~~~~
/home/runner/.arduino15/packages/m5stack/hardware/esp32/3.2.5/variants/m5stack_cardputer/pins_arduino.h:18:9: note: this is the location of the previous definition
   18 | #define digitalPinHasPWM(p)        (p < 46)
      |         ^~~~~~~~~~~~~~~~
In file included from /home/runner/Arduino/libraries/M5GFX/src/lgfx/v1/platforms/esp32/../../misc/DataWrapper.hpp:21,
                 from /home/runner/Arduino/libraries/M5GFX/src/lgfx/v1/platforms/esp32/common.hpp:20,
                 from /home/runner/Arduino/libraries/M5GFX/src/lgfx/v1/platforms/esp32/common.cpp:21:
/home/runner/.arduino15/packages/m5stack/hardware/esp32/3.2.5/cores/esp32/Arduino.h:139:9: warning: "NUM_DIGITAL_PINS" redefined
  139 | #define NUM_DIGITAL_PINS SOC_GPIO_PIN_COUNT  // All GPIOs
      |         ^~~~~~~~~~~~~~~~
In file included from /home/runner/.arduino15/packages/m5stack/hardware/esp32/3.2.5/cores/esp32/Arduino.h:43:
/home/runner/.arduino15/packages/m5stack/hardware/esp32/3.2.5/variants/m5stack_cardputer/pins_arduino.h:13:9: note: this is the location of the previous definition
   13 | #define NUM_DIGITAL_PINS        46
      |         ^~~~~~~~~~~~~~~~
/home/runner/.arduino15/packages/m5stack/hardware/esp32/3.2.5/cores/esp32/Arduino.h:143:9: warning: "NUM_ANALOG_INPUTS" redefined
  143 | #define NUM_ANALOG_INPUTS (SOC_ADC_CHANNEL_NUM(0) + SOC_ADC_CHANNEL_NUM(1))  // Depends on the SoC (ESP32, ESP32S2, ESP32S3, ESP32C3)
      |         ^~~~~~~~~~~~~~~~~
/home/runner/.arduino15/packages/m5stack/hardware/esp32/3.2.5/variants/m5stack_cardputer/pins_arduino.h:14:9: note: this is the location of the previous definition
   14 | #define NUM_ANALOG_INPUTS       15
      |         ^~~~~~~~~~~~~~~~~
/home/runner/.arduino15/packages/m5stack/hardware/esp32/3.2.5/cores/esp32/Arduino.h:145:9: warning: "EXTERNAL_NUM_INTERRUPTS" redefined
  145 | #define EXTERNAL_NUM_INTERRUPTS    NUM_DIGITAL_PINS  // All GPIOs
      |         ^~~~~~~~~~~~~~~~~~~~~~~
/home/runner/.arduino15/packages/m5stack/hardware/esp32/3.2.5/variants/m5stack_cardputer/pins_arduino.h:12:9: note: this is the location of the previous definition
   12 | #define EXTERNAL_NUM_INTERRUPTS 23
      |         ^~~~~~~~~~~~~~~~~~~~~~~
/home/runner/.arduino15/packages/m5stack/hardware/esp32/3.2.5/cores/esp32/Arduino.h:146:9: warning: "analogInputToDigitalPin" redefined
  146 | #define analogInputToDigitalPin(p) (((p) < NUM_ANALOG_INPUTS) ? (analogChannelToDigitalPin(p)) : -1)
      |         ^~~~~~~~~~~~~~~~~~~~~~~
/home/runner/.arduino15/packages/m5stack/hardware/esp32/3.2.5/variants/m5stack_cardputer/pins_arduino.h:16:9: note: this is the location of the previous definition
   16 | #define analogInputToDigitalPin(p) (((p) < 20) ? (analogChannelToDigitalPin(p)) : -1)
      |         ^~~~~~~~~~~~~~~~~~~~~~~
/home/runner/.arduino15/packages/m5stack/hardware/esp32/3.2.5/cores/esp32/Arduino.h:147:9: warning: "digitalPinToInterrupt" redefined
  147 | #define digitalPinToInterrupt(p)   ((((uint8_t)digitalPinToGPIONumber(p)) < NUM_DIGITAL_PINS) ? (p) : NOT_AN_INTERRUPT)
      |         ^~~~~~~~~~~~~~~~~~~~~
/home/runner/.arduino15/packages/m5stack/hardware/esp32/3.2.5/variants/m5stack_cardputer/pins_arduino.h:17:9: note: this is the location of the previous definition
   17 | #define digitalPinToInterrupt(p)   (((p) < 48) ? (p) : -1)
      |         ^~~~~~~~~~~~~~~~~~~~~
/home/runner/.arduino15/packages/m5stack/hardware/esp32/3.2.5/cores/esp32/Arduino.h:148:9: warning: "digitalPinHasPWM" redefined
  148 | #define digitalPinHasPWM(p)        (((uint8_t)digitalPinToGPIONumber(p)) < NUM_DIGITAL_PINS)
      |         ^~~~~~~~~~~~~~~~
/home/runner/.arduino15/packages/m5stack/hardware/esp32/3.2.5/variants/m5stack_cardputer/pins_arduino.h:18:9: note: this is the location of the previous definition
   18 | #define digitalPinHasPWM(p)        (p < 46)
      |         ^~~~~~~~~~~~~~~~
/home/runner/Arduino/libraries/M5GFX/src/lgfx/v1/platforms/esp32/common.cpp: In function 'uint32_t lgfx::v1::getSpiClockFrequency(int)':
/home/runner/Arduino/libraries/M5GFX/src/lgfx/v1/platforms/esp32/common.cpp:293:16: warning: variable 'get_rc_fast_frequency' set but not used [-Wunused-but-set-variable]
  293 |     const auto get_rc_fast_frequency = []() -> uint32_t
      |                ^~~~~~~~~~~~~~~~~~~~~
In file included from /home/runner/Arduino/libraries/M5GFX/src/lgfx/v1/platforms/esp32s3/../esp32/../../misc/DataWrapper.hpp:21,
                 from /home/runner/Arduino/libraries/M5GFX/src/lgfx/v1/platforms/esp32s3/../esp32/common.hpp:20,
                 from /home/runner/Arduino/libraries/M5GFX/src/lgfx/v1/platforms/esp32s3/../common.hpp:22,
                 from /home/runner/Arduino/libraries/M5GFX/src/lgfx/v1/platforms/esp32s3/Bus_Parallel16.hpp:26,
                 from /home/runner/Arduino/libraries/M5GFX/src/lgfx/v1/platforms/esp32s3/Bus_Parallel16.cpp:24:
/home/runner/.arduino15/packages/m5stack/hardware/esp32/3.2.5/cores/esp32/Arduino.h:139:9: warning: "NUM_DIGITAL_PINS" redefined
  139 | #define NUM_DIGITAL_PINS SOC_GPIO_PIN_COUNT  // All GPIOs
      |         ^~~~~~~~~~~~~~~~
In file included from /home/runner/.arduino15/packages/m5stack/hardware/esp32/3.2.5/cores/esp32/Arduino.h:43:
/home/runner/.arduino15/packages/m5stack/hardware/esp32/3.2.5/variants/m5stack_cardputer/pins_arduino.h:13:9: note: this is the location of the previous definition
   13 | #define NUM_DIGITAL_PINS        46
      |         ^~~~~~~~~~~~~~~~
/home/runner/.arduino15/packages/m5stack/hardware/esp32/3.2.5/cores/esp32/Arduino.h:143:9: warning: "NUM_ANALOG_INPUTS" redefined
  143 | #define NUM_ANALOG_INPUTS (SOC_ADC_CHANNEL_NUM(0) + SOC_ADC_CHANNEL_NUM(1))  // Depends on the SoC (ESP32, ESP32S2, ESP32S3, ESP32C3)
      |         ^~~~~~~~~~~~~~~~~
/home/runner/.arduino15/packages/m5stack/hardware/esp32/3.2.5/variants/m5stack_cardputer/pins_arduino.h:14:9: note: this is the location of the previous definition
   14 | #define NUM_ANALOG_INPUTS       15
      |         ^~~~~~~~~~~~~~~~~
/home/runner/.arduino15/packages/m5stack/hardware/esp32/3.2.5/cores/esp32/Arduino.h:145:9: warning: "EXTERNAL_NUM_INTERRUPTS" redefined
  145 | #define EXTERNAL_NUM_INTERRUPTS    NUM_DIGITAL_PINS  // All GPIOs
      |         ^~~~~~~~~~~~~~~~~~~~~~~
/home/runner/.arduino15/packages/m5stack/hardware/esp32/3.2.5/variants/m5stack_cardputer/pins_arduino.h:12:9: note: this is the location of the previous definition
   12 | #define EXTERNAL_NUM_INTERRUPTS 23
      |         ^~~~~~~~~~~~~~~~~~~~~~~
/home/runner/.arduino15/packages/m5stack/hardware/esp32/3.2.5/cores/esp32/Arduino.h:146:9: warning: "analogInputToDigitalPin" redefined
  146 | #define analogInputToDigitalPin(p) (((p) < NUM_ANALOG_INPUTS) ? (analogChannelToDigitalPin(p)) : -1)
      |         ^~~~~~~~~~~~~~~~~~~~~~~
/home/runner/.arduino15/packages/m5stack/hardware/esp32/3.2.5/variants/m5stack_cardputer/pins_arduino.h:16:9: note: this is the location of the previous definition
   16 | #define analogInputToDigitalPin(p) (((p) < 20) ? (analogChannelToDigitalPin(p)) : -1)
      |         ^~~~~~~~~~~~~~~~~~~~~~~
/home/runner/.arduino15/packages/m5stack/hardware/esp32/3.2.5/cores/esp32/Arduino.h:147:9: warning: "digitalPinToInterrupt" redefined
  147 | #define digitalPinToInterrupt(p)   ((((uint8_t)digitalPinToGPIONumber(p)) < NUM_DIGITAL_PINS) ? (p) : NOT_AN_INTERRUPT)
      |         ^~~~~~~~~~~~~~~~~~~~~
/home/runner/.arduino15/packages/m5stack/hardware/esp32/3.2.5/variants/m5stack_cardputer/pins_arduino.h:17:9: note: this is the location of the previous definition
   17 | #define digitalPinToInterrupt(p)   (((p) < 48) ? (p) : -1)
      |         ^~~~~~~~~~~~~~~~~~~~~
/home/runner/.arduino15/packages/m5stack/hardware/esp32/3.2.5/cores/esp32/Arduino.h:148:9: warning: "digitalPinHasPWM" redefined
  148 | #define digitalPinHasPWM(p)        (((uint8_t)digitalPinToGPIONumber(p)) < NUM_DIGITAL_PINS)
      |         ^~~~~~~~~~~~~~~~
/home/runner/.arduino15/packages/m5stack/hardware/esp32/3.2.5/variants/m5stack_cardputer/pins_arduino.h:18:9: note: this is the location of the previous definition
   18 | #define digitalPinHasPWM(p)        (p < 46)
      |         ^~~~~~~~~~~~~~~~
In file included from /home/runner/Arduino/libraries/M5GFX/src/lgfx/v1/platforms/esp32s3/../esp32/../../misc/DataWrapper.hpp:21,
                 from /home/runner/Arduino/libraries/M5GFX/src/lgfx/v1/platforms/esp32s3/../esp32/common.hpp:20,
                 from /home/runner/Arduino/libraries/M5GFX/src/lgfx/v1/platforms/esp32s3/../common.hpp:22,
                 from /home/runner/Arduino/libraries/M5GFX/src/lgfx/v1/platforms/esp32s3/Bus_Parallel8.hpp:26,
                 from /home/runner/Arduino/libraries/M5GFX/src/lgfx/v1/platforms/esp32s3/Bus_Parallel8.cpp:24:
/home/runner/.arduino15/packages/m5stack/hardware/esp32/3.2.5/cores/esp32/Arduino.h:139:9: warning: "NUM_DIGITAL_PINS" redefined
  139 | #define NUM_DIGITAL_PINS SOC_GPIO_PIN_COUNT  // All GPIOs
      |         ^~~~~~~~~~~~~~~~
In file included from /home/runner/.arduino15/packages/m5stack/hardware/esp32/3.2.5/cores/esp32/Arduino.h:43:
/home/runner/.arduino15/packages/m5stack/hardware/esp32/3.2.5/variants/m5stack_cardputer/pins_arduino.h:13:9: note: this is the location of the previous definition
   13 | #define NUM_DIGITAL_PINS        46
      |         ^~~~~~~~~~~~~~~~
/home/runner/.arduino15/packages/m5stack/hardware/esp32/3.2.5/cores/esp32/Arduino.h:143:9: warning: "NUM_ANALOG_INPUTS" redefined
  143 | #define NUM_ANALOG_INPUTS (SOC_ADC_CHANNEL_NUM(0) + SOC_ADC_CHANNEL_NUM(1))  // Depends on the SoC (ESP32, ESP32S2, ESP32S3, ESP32C3)
      |         ^~~~~~~~~~~~~~~~~
/home/runner/.arduino15/packages/m5stack/hardware/esp32/3.2.5/variants/m5stack_cardputer/pins_arduino.h:14:9: note: this is the location of the previous definition
   14 | #define NUM_ANALOG_INPUTS       15
      |         ^~~~~~~~~~~~~~~~~
/home/runner/.arduino15/packages/m5stack/hardware/esp32/3.2.5/cores/esp32/Arduino.h:145:9: warning: "EXTERNAL_NUM_INTERRUPTS" redefined
  145 | #define EXTERNAL_NUM_INTERRUPTS    NUM_DIGITAL_PINS  // All GPIOs
      |         ^~~~~~~~~~~~~~~~~~~~~~~
/home/runner/.arduino15/packages/m5stack/hardware/esp32/3.2.5/variants/m5stack_cardputer/pins_arduino.h:12:9: note: this is the location of the previous definition
   12 | #define EXTERNAL_NUM_INTERRUPTS 23
      |         ^~~~~~~~~~~~~~~~~~~~~~~
/home/runner/.arduino15/packages/m5stack/hardware/esp32/3.2.5/cores/esp32/Arduino.h:146:9: warning: "analogInputToDigitalPin" redefined
  146 | #define analogInputToDigitalPin(p) (((p) < NUM_ANALOG_INPUTS) ? (analogChannelToDigitalPin(p)) : -1)
      |         ^~~~~~~~~~~~~~~~~~~~~~~
/home/runner/.arduino15/packages/m5stack/hardware/esp32/3.2.5/variants/m5stack_cardputer/pins_arduino.h:16:9: note: this is the location of the previous definition
   16 | #define analogInputToDigitalPin(p) (((p) < 20) ? (analogChannelToDigitalPin(p)) : -1)
      |         ^~~~~~~~~~~~~~~~~~~~~~~
/home/runner/.arduino15/packages/m5stack/hardware/esp32/3.2.5/cores/esp32/Arduino.h:147:9: warning: "digitalPinToInterrupt" redefined
  147 | #define digitalPinToInterrupt(p)   ((((uint8_t)digitalPinToGPIONumber(p)) < NUM_DIGITAL_PINS) ? (p) : NOT_AN_INTERRUPT)
      |         ^~~~~~~~~~~~~~~~~~~~~
/home/runner/.arduino15/packages/m5stack/hardware/esp32/3.2.5/variants/m5stack_cardputer/pins_arduino.h:17:9: note: this is the location of the previous definition
   17 | #define digitalPinToInterrupt(p)   (((p) < 48) ? (p) : -1)
      |         ^~~~~~~~~~~~~~~~~~~~~
/home/runner/.arduino15/packages/m5stack/hardware/esp32/3.2.5/cores/esp32/Arduino.h:148:9: warning: "digitalPinHasPWM" redefined
  148 | #define digitalPinHasPWM(p)        (((uint8_t)digitalPinToGPIONumber(p)) < NUM_DIGITAL_PINS)
      |         ^~~~~~~~~~~~~~~~
/home/runner/.arduino15/packages/m5stack/hardware/esp32/3.2.5/variants/m5stack_cardputer/pins_arduino.h:18:9: note: this is the location of the previous definition
   18 | #define digitalPinHasPWM(p)        (p < 46)
      |         ^~~~~~~~~~~~~~~~
In file included from /home/runner/Arduino/libraries/M5GFX/src/lgfx/v1/touch/../platforms/esp32/../../misc/DataWrapper.hpp:21,
                 from /home/runner/Arduino/libraries/M5GFX/src/lgfx/v1/touch/../platforms/esp32/common.hpp:20,
                 from /home/runner/Arduino/libraries/M5GFX/src/lgfx/v1/touch/../platforms/common.hpp:22,
                 from /home/runner/Arduino/libraries/M5GFX/src/lgfx/v1/touch/Touch_CHSC6540.cpp:20:
/home/runner/.arduino15/packages/m5stack/hardware/esp32/3.2.5/cores/esp32/Arduino.h:139:9: warning: "NUM_DIGITAL_PINS" redefined
  139 | #define NUM_DIGITAL_PINS SOC_GPIO_PIN_COUNT  // All GPIOs
      |         ^~~~~~~~~~~~~~~~
In file included from /home/runner/.arduino15/packages/m5stack/hardware/esp32/3.2.5/cores/esp32/Arduino.h:43:
/home/runner/.arduino15/packages/m5stack/hardware/esp32/3.2.5/variants/m5stack_cardputer/pins_arduino.h:13:9: note: this is the location of the previous definition
   13 | #define NUM_DIGITAL_PINS        46
      |         ^~~~~~~~~~~~~~~~
/home/runner/.arduino15/packages/m5stack/hardware/esp32/3.2.5/cores/esp32/Arduino.h:143:9: warning: "NUM_ANALOG_INPUTS" redefined
  143 | #define NUM_ANALOG_INPUTS (SOC_ADC_CHANNEL_NUM(0) + SOC_ADC_CHANNEL_NUM(1))  // Depends on the SoC (ESP32, ESP32S2, ESP32S3, ESP32C3)
      |         ^~~~~~~~~~~~~~~~~
/home/runner/.arduino15/packages/m5stack/hardware/esp32/3.2.5/variants/m5stack_cardputer/pins_arduino.h:14:9: note: this is the location of the previous definition
   14 | #define NUM_ANALOG_INPUTS       15
      |         ^~~~~~~~~~~~~~~~~
/home/runner/.arduino15/packages/m5stack/hardware/esp32/3.2.5/cores/esp32/Arduino.h:145:9: warning: "EXTERNAL_NUM_INTERRUPTS" redefined
  145 | #define EXTERNAL_NUM_INTERRUPTS    NUM_DIGITAL_PINS  // All GPIOs
      |         ^~~~~~~~~~~~~~~~~~~~~~~
/home/runner/.arduino15/packages/m5stack/hardware/esp32/3.2.5/variants/m5stack_cardputer/pins_arduino.h:12:9: note: this is the location of the previous definition
   12 | #define EXTERNAL_NUM_INTERRUPTS 23
      |         ^~~~~~~~~~~~~~~~~~~~~~~
/home/runner/.arduino15/packages/m5stack/hardware/esp32/3.2.5/cores/esp32/Arduino.h:146:9: warning: "analogInputToDigitalPin" redefined
  146 | #define analogInputToDigitalPin(p) (((p) < NUM_ANALOG_INPUTS) ? (analogChannelToDigitalPin(p)) : -1)
      |         ^~~~~~~~~~~~~~~~~~~~~~~
/home/runner/.arduino15/packages/m5stack/hardware/esp32/3.2.5/variants/m5stack_cardputer/pins_arduino.h:16:9: note: this is the location of the previous definition
   16 | #define analogInputToDigitalPin(p) (((p) < 20) ? (analogChannelToDigitalPin(p)) : -1)
      |         ^~~~~~~~~~~~~~~~~~~~~~~
/home/runner/.arduino15/packages/m5stack/hardware/esp32/3.2.5/cores/esp32/Arduino.h:147:9: warning: "digitalPinToInterrupt" redefined
  147 | #define digitalPinToInterrupt(p)   ((((uint8_t)digitalPinToGPIONumber(p)) < NUM_DIGITAL_PINS) ? (p) : NOT_AN_INTERRUPT)
      |         ^~~~~~~~~~~~~~~~~~~~~
/home/runner/.arduino15/packages/m5stack/hardware/esp32/3.2.5/variants/m5stack_cardputer/pins_arduino.h:17:9: note: this is the location of the previous definition
   17 | #define digitalPinToInterrupt(p)   (((p) < 48) ? (p) : -1)
      |         ^~~~~~~~~~~~~~~~~~~~~
/home/runner/.arduino15/packages/m5stack/hardware/esp32/3.2.5/cores/esp32/Arduino.h:148:9: warning: "digitalPinHasPWM" redefined
  148 | #define digitalPinHasPWM(p)        (((uint8_t)digitalPinToGPIONumber(p)) < NUM_DIGITAL_PINS)
      |         ^~~~~~~~~~~~~~~~
/home/runner/.arduino15/packages/m5stack/hardware/esp32/3.2.5/variants/m5stack_cardputer/pins_arduino.h:18:9: note: this is the location of the previous definition
   18 | #define digitalPinHasPWM(p)        (p < 46)
      |         ^~~~~~~~~~~~~~~~
In file included from /home/runner/Arduino/libraries/M5GFX/src/lgfx/v1/touch/../platforms/esp32/../../misc/DataWrapper.hpp:21,
                 from /home/runner/Arduino/libraries/M5GFX/src/lgfx/v1/touch/../platforms/esp32/common.hpp:20,
                 from /home/runner/Arduino/libraries/M5GFX/src/lgfx/v1/touch/../platforms/common.hpp:22,
                 from /home/runner/Arduino/libraries/M5GFX/src/lgfx/v1/touch/Touch_CSTxxx.cpp:24:
/home/runner/.arduino15/packages/m5stack/hardware/esp32/3.2.5/cores/esp32/Arduino.h:139:9: warning: "NUM_DIGITAL_PINS" redefined
  139 | #define NUM_DIGITAL_PINS SOC_GPIO_PIN_COUNT  // All GPIOs
      |         ^~~~~~~~~~~~~~~~
In file included from /home/runner/.arduino15/packages/m5stack/hardware/esp32/3.2.5/cores/esp32/Arduino.h:43:
/home/runner/.arduino15/packages/m5stack/hardware/esp32/3.2.5/variants/m5stack_cardputer/pins_arduino.h:13:9: note: this is the location of the previous definition
   13 | #define NUM_DIGITAL_PINS        46
      |         ^~~~~~~~~~~~~~~~
/home/runner/.arduino15/packages/m5stack/hardware/esp32/3.2.5/cores/esp32/Arduino.h:143:9: warning: "NUM_ANALOG_INPUTS" redefined
  143 | #define NUM_ANALOG_INPUTS (SOC_ADC_CHANNEL_NUM(0) + SOC_ADC_CHANNEL_NUM(1))  // Depends on the SoC (ESP32, ESP32S2, ESP32S3, ESP32C3)
      |         ^~~~~~~~~~~~~~~~~
/home/runner/.arduino15/packages/m5stack/hardware/esp32/3.2.5/variants/m5stack_cardputer/pins_arduino.h:14:9: note: this is the location of the previous definition
   14 | #define NUM_ANALOG_INPUTS       15
      |         ^~~~~~~~~~~~~~~~~
/home/runner/.arduino15/packages/m5stack/hardware/esp32/3.2.5/cores/esp32/Arduino.h:145:9: warning: "EXTERNAL_NUM_INTERRUPTS" redefined
  145 | #define EXTERNAL_NUM_INTERRUPTS    NUM_DIGITAL_PINS  // All GPIOs
      |         ^~~~~~~~~~~~~~~~~~~~~~~
/home/runner/.arduino15/packages/m5stack/hardware/esp32/3.2.5/variants/m5stack_cardputer/pins_arduino.h:12:9: note: this is the location of the previous definition
   12 | #define EXTERNAL_NUM_INTERRUPTS 23
      |         ^~~~~~~~~~~~~~~~~~~~~~~
/home/runner/.arduino15/packages/m5stack/hardware/esp32/3.2.5/cores/esp32/Arduino.h:146:9: warning: "analogInputToDigitalPin" redefined
  146 | #define analogInputToDigitalPin(p) (((p) < NUM_ANALOG_INPUTS) ? (analogChannelToDigitalPin(p)) : -1)
      |         ^~~~~~~~~~~~~~~~~~~~~~~
/home/runner/.arduino15/packages/m5stack/hardware/esp32/3.2.5/variants/m5stack_cardputer/pins_arduino.h:16:9: note: this is the location of the previous definition
   16 | #define analogInputToDigitalPin(p) (((p) < 20) ? (analogChannelToDigitalPin(p)) : -1)
      |         ^~~~~~~~~~~~~~~~~~~~~~~
/home/runner/.arduino15/packages/m5stack/hardware/esp32/3.2.5/cores/esp32/Arduino.h:147:9: warning: "digitalPinToInterrupt" redefined
  147 | #define digitalPinToInterrupt(p)   ((((uint8_t)digitalPinToGPIONumber(p)) < NUM_DIGITAL_PINS) ? (p) : NOT_AN_INTERRUPT)
      |         ^~~~~~~~~~~~~~~~~~~~~
/home/runner/.arduino15/packages/m5stack/hardware/esp32/3.2.5/variants/m5stack_cardputer/pins_arduino.h:17:9: note: this is the location of the previous definition
   17 | #define digitalPinToInterrupt(p)   (((p) < 48) ? (p) : -1)
      |         ^~~~~~~~~~~~~~~~~~~~~
/home/runner/.arduino15/packages/m5stack/hardware/esp32/3.2.5/cores/esp32/Arduino.h:148:9: warning: "digitalPinHasPWM" redefined
  148 | #define digitalPinHasPWM(p)        (((uint8_t)digitalPinToGPIONumber(p)) < NUM_DIGITAL_PINS)
      |         ^~~~~~~~~~~~~~~~
/home/runner/.arduino15/packages/m5stack/hardware/esp32/3.2.5/variants/m5stack_cardputer/pins_arduino.h:18:9: note: this is the location of the previous definition
   18 | #define digitalPinHasPWM(p)        (p < 46)
      |         ^~~~~~~~~~~~~~~~
In file included from /home/runner/Arduino/libraries/M5GFX/src/lgfx/v1/touch/../platforms/esp32/../../misc/DataWrapper.hpp:21,
                 from /home/runner/Arduino/libraries/M5GFX/src/lgfx/v1/touch/../platforms/esp32/common.hpp:20,
                 from /home/runner/Arduino/libraries/M5GFX/src/lgfx/v1/touch/../platforms/common.hpp:22,
                 from /home/runner/Arduino/libraries/M5GFX/src/lgfx/v1/touch/Touch_FT5x06.cpp:20:
/home/runner/.arduino15/packages/m5stack/hardware/esp32/3.2.5/cores/esp32/Arduino.h:139:9: warning: "NUM_DIGITAL_PINS" redefined
  139 | #define NUM_DIGITAL_PINS SOC_GPIO_PIN_COUNT  // All GPIOs
      |         ^~~~~~~~~~~~~~~~
In file included from /home/runner/.arduino15/packages/m5stack/hardware/esp32/3.2.5/cores/esp32/Arduino.h:43:
/home/runner/.arduino15/packages/m5stack/hardware/esp32/3.2.5/variants/m5stack_cardputer/pins_arduino.h:13:9: note: this is the location of the previous definition
   13 | #define NUM_DIGITAL_PINS        46
      |         ^~~~~~~~~~~~~~~~
/home/runner/.arduino15/packages/m5stack/hardware/esp32/3.2.5/cores/esp32/Arduino.h:143:9: warning: "NUM_ANALOG_INPUTS" redefined
  143 | #define NUM_ANALOG_INPUTS (SOC_ADC_CHANNEL_NUM(0) + SOC_ADC_CHANNEL_NUM(1))  // Depends on the SoC (ESP32, ESP32S2, ESP32S3, ESP32C3)
      |         ^~~~~~~~~~~~~~~~~
/home/runner/.arduino15/packages/m5stack/hardware/esp32/3.2.5/variants/m5stack_cardputer/pins_arduino.h:14:9: note: this is the location of the previous definition
   14 | #define NUM_ANALOG_INPUTS       15
      |         ^~~~~~~~~~~~~~~~~
/home/runner/.arduino15/packages/m5stack/hardware/esp32/3.2.5/cores/esp32/Arduino.h:145:9: warning: "EXTERNAL_NUM_INTERRUPTS" redefined
  145 | #define EXTERNAL_NUM_INTERRUPTS    NUM_DIGITAL_PINS  // All GPIOs
      |         ^~~~~~~~~~~~~~~~~~~~~~~
/home/runner/.arduino15/packages/m5stack/hardware/esp32/3.2.5/variants/m5stack_cardputer/pins_arduino.h:12:9: note: this is the location of the previous definition
   12 | #define EXTERNAL_NUM_INTERRUPTS 23
      |         ^~~~~~~~~~~~~~~~~~~~~~~
/home/runner/.arduino15/packages/m5stack/hardware/esp32/3.2.5/cores/esp32/Arduino.h:146:9: warning: "analogInputToDigitalPin" redefined
  146 | #define analogInputToDigitalPin(p) (((p) < NUM_ANALOG_INPUTS) ? (analogChannelToDigitalPin(p)) : -1)
      |         ^~~~~~~~~~~~~~~~~~~~~~~
/home/runner/.arduino15/packages/m5stack/hardware/esp32/3.2.5/variants/m5stack_cardputer/pins_arduino.h:16:9: note: this is the location of the previous definition
   16 | #define analogInputToDigitalPin(p) (((p) < 20) ? (analogChannelToDigitalPin(p)) : -1)
      |         ^~~~~~~~~~~~~~~~~~~~~~~
/home/runner/.arduino15/packages/m5stack/hardware/esp32/3.2.5/cores/esp32/Arduino.h:147:9: warning: "digitalPinToInterrupt" redefined
  147 | #define digitalPinToInterrupt(p)   ((((uint8_t)digitalPinToGPIONumber(p)) < NUM_DIGITAL_PINS) ? (p) : NOT_AN_INTERRUPT)
      |         ^~~~~~~~~~~~~~~~~~~~~
/home/runner/.arduino15/packages/m5stack/hardware/esp32/3.2.5/variants/m5stack_cardputer/pins_arduino.h:17:9: note: this is the location of the previous definition
   17 | #define digitalPinToInterrupt(p)   (((p) < 48) ? (p) : -1)
      |         ^~~~~~~~~~~~~~~~~~~~~
/home/runner/.arduino15/packages/m5stack/hardware/esp32/3.2.5/cores/esp32/Arduino.h:148:9: warning: "digitalPinHasPWM" redefined
  148 | #define digitalPinHasPWM(p)        (((uint8_t)digitalPinToGPIONumber(p)) < NUM_DIGITAL_PINS)
      |         ^~~~~~~~~~~~~~~~
/home/runner/.arduino15/packages/m5stack/hardware/esp32/3.2.5/variants/m5stack_cardputer/pins_arduino.h:18:9: note: this is the location of the previous definition
   18 | #define digitalPinHasPWM(p)        (p < 46)
      |         ^~~~~~~~~~~~~~~~
In file included from /home/runner/Arduino/libraries/M5GFX/src/lgfx/v1/touch/../platforms/esp32/../../misc/DataWrapper.hpp:21,
                 from /home/runner/Arduino/libraries/M5GFX/src/lgfx/v1/touch/../platforms/esp32/common.hpp:20,
                 from /home/runner/Arduino/libraries/M5GFX/src/lgfx/v1/touch/../platforms/common.hpp:22,
                 from /home/runner/Arduino/libraries/M5GFX/src/lgfx/v1/touch/Touch_GT911.cpp:21:
/home/runner/.arduino15/packages/m5stack/hardware/esp32/3.2.5/cores/esp32/Arduino.h:139:9: warning: "NUM_DIGITAL_PINS" redefined
  139 | #define NUM_DIGITAL_PINS SOC_GPIO_PIN_COUNT  // All GPIOs
      |         ^~~~~~~~~~~~~~~~
In file included from /home/runner/.arduino15/packages/m5stack/hardware/esp32/3.2.5/cores/esp32/Arduino.h:43:
/home/runner/.arduino15/packages/m5stack/hardware/esp32/3.2.5/variants/m5stack_cardputer/pins_arduino.h:13:9: note: this is the location of the previous definition
   13 | #define NUM_DIGITAL_PINS        46
      |         ^~~~~~~~~~~~~~~~
/home/runner/.arduino15/packages/m5stack/hardware/esp32/3.2.5/cores/esp32/Arduino.h:143:9: warning: "NUM_ANALOG_INPUTS" redefined
  143 | #define NUM_ANALOG_INPUTS (SOC_ADC_CHANNEL_NUM(0) + SOC_ADC_CHANNEL_NUM(1))  // Depends on the SoC (ESP32, ESP32S2, ESP32S3, ESP32C3)
      |         ^~~~~~~~~~~~~~~~~
/home/runner/.arduino15/packages/m5stack/hardware/esp32/3.2.5/variants/m5stack_cardputer/pins_arduino.h:14:9: note: this is the location of the previous definition
   14 | #define NUM_ANALOG_INPUTS       15
      |         ^~~~~~~~~~~~~~~~~
/home/runner/.arduino15/packages/m5stack/hardware/esp32/3.2.5/cores/esp32/Arduino.h:145:9: warning: "EXTERNAL_NUM_INTERRUPTS" redefined
  145 | #define EXTERNAL_NUM_INTERRUPTS    NUM_DIGITAL_PINS  // All GPIOs
      |         ^~~~~~~~~~~~~~~~~~~~~~~
/home/runner/.arduino15/packages/m5stack/hardware/esp32/3.2.5/variants/m5stack_cardputer/pins_arduino.h:12:9: note: this is the location of the previous definition
   12 | #define EXTERNAL_NUM_INTERRUPTS 23
      |         ^~~~~~~~~~~~~~~~~~~~~~~
/home/runner/.arduino15/packages/m5stack/hardware/esp32/3.2.5/cores/esp32/Arduino.h:146:9: warning: "analogInputToDigitalPin" redefined
  146 | #define analogInputToDigitalPin(p) (((p) < NUM_ANALOG_INPUTS) ? (analogChannelToDigitalPin(p)) : -1)
      |         ^~~~~~~~~~~~~~~~~~~~~~~
/home/runner/.arduino15/packages/m5stack/hardware/esp32/3.2.5/variants/m5stack_cardputer/pins_arduino.h:16:9: note: this is the location of the previous definition
   16 | #define analogInputToDigitalPin(p) (((p) < 20) ? (analogChannelToDigitalPin(p)) : -1)
      |         ^~~~~~~~~~~~~~~~~~~~~~~
/home/runner/.arduino15/packages/m5stack/hardware/esp32/3.2.5/cores/esp32/Arduino.h:147:9: warning: "digitalPinToInterrupt" redefined
  147 | #define digitalPinToInterrupt(p)   ((((uint8_t)digitalPinToGPIONumber(p)) < NUM_DIGITAL_PINS) ? (p) : NOT_AN_INTERRUPT)
      |         ^~~~~~~~~~~~~~~~~~~~~
/home/runner/.arduino15/packages/m5stack/hardware/esp32/3.2.5/variants/m5stack_cardputer/pins_arduino.h:17:9: note: this is the location of the previous definition
   17 | #define digitalPinToInterrupt(p)   (((p) < 48) ? (p) : -1)
      |         ^~~~~~~~~~~~~~~~~~~~~
/home/runner/.arduino15/packages/m5stack/hardware/esp32/3.2.5/cores/esp32/Arduino.h:148:9: warning: "digitalPinHasPWM" redefined
  148 | #define digitalPinHasPWM(p)        (((uint8_t)digitalPinToGPIONumber(p)) < NUM_DIGITAL_PINS)
      |         ^~~~~~~~~~~~~~~~
/home/runner/.arduino15/packages/m5stack/hardware/esp32/3.2.5/variants/m5stack_cardputer/pins_arduino.h:18:9: note: this is the location of the previous definition
   18 | #define digitalPinHasPWM(p)        (p < 46)
      |         ^~~~~~~~~~~~~~~~
In file included from /home/runner/.arduino15/packages/m5stack/hardware/esp32/3.2.5/libraries/Network/src/NetworkInterface.h:10,
                 from /home/runner/.arduino15/packages/m5stack/hardware/esp32/3.2.5/libraries/Network/src/Network.h:8,
                 from /home/runner/.arduino15/packages/m5stack/hardware/esp32/3.2.5/libraries/WiFi/src/WiFiGeneric.h:44,
                 from /home/runner/.arduino15/packages/m5stack/hardware/esp32/3.2.5/libraries/WiFi/src/WiFiSTA.h:30,
                 from /home/runner/.arduino15/packages/m5stack/hardware/esp32/3.2.5/libraries/WiFi/src/WiFi.h:34,
                 from /home/runner/.arduino15/packages/m5stack/hardware/esp32/3.2.5/libraries/WiFi/src/WiFi.cpp:24:
/home/runner/.arduino15/packages/m5stack/hardware/esp32/3.2.5/cores/esp32/Arduino.h:139:9: warning: "NUM_DIGITAL_PINS" redefined
  139 | #define NUM_DIGITAL_PINS SOC_GPIO_PIN_COUNT  // All GPIOs
      |         ^~~~~~~~~~~~~~~~
In file included from /home/runner/.arduino15/packages/m5stack/hardware/esp32/3.2.5/cores/esp32/Arduino.h:43:
/home/runner/.arduino15/packages/m5stack/hardware/esp32/3.2.5/variants/m5stack_cardputer/pins_arduino.h:13:9: note: this is the location of the previous definition
   13 | #define NUM_DIGITAL_PINS        46
      |         ^~~~~~~~~~~~~~~~
/home/runner/.arduino15/packages/m5stack/hardware/esp32/3.2.5/cores/esp32/Arduino.h:143:9: warning: "NUM_ANALOG_INPUTS" redefined
  143 | #define NUM_ANALOG_INPUTS (SOC_ADC_CHANNEL_NUM(0) + SOC_ADC_CHANNEL_NUM(1))  // Depends on the SoC (ESP32, ESP32S2, ESP32S3, ESP32C3)
      |         ^~~~~~~~~~~~~~~~~
/home/runner/.arduino15/packages/m5stack/hardware/esp32/3.2.5/variants/m5stack_cardputer/pins_arduino.h:14:9: note: this is the location of the previous definition
   14 | #define NUM_ANALOG_INPUTS       15
      |         ^~~~~~~~~~~~~~~~~
/home/runner/.arduino15/packages/m5stack/hardware/esp32/3.2.5/cores/esp32/Arduino.h:145:9: warning: "EXTERNAL_NUM_INTERRUPTS" redefined
  145 | #define EXTERNAL_NUM_INTERRUPTS    NUM_DIGITAL_PINS  // All GPIOs
      |         ^~~~~~~~~~~~~~~~~~~~~~~
/home/runner/.arduino15/packages/m5stack/hardware/esp32/3.2.5/variants/m5stack_cardputer/pins_arduino.h:12:9: note: this is the location of the previous definition
   12 | #define EXTERNAL_NUM_INTERRUPTS 23
      |         ^~~~~~~~~~~~~~~~~~~~~~~
/home/runner/.arduino15/packages/m5stack/hardware/esp32/3.2.5/cores/esp32/Arduino.h:146:9: warning: "analogInputToDigitalPin" redefined
  146 | #define analogInputToDigitalPin(p) (((p) < NUM_ANALOG_INPUTS) ? (analogChannelToDigitalPin(p)) : -1)
      |         ^~~~~~~~~~~~~~~~~~~~~~~
/home/runner/.arduino15/packages/m5stack/hardware/esp32/3.2.5/variants/m5stack_cardputer/pins_arduino.h:16:9: note: this is the location of the previous definition
   16 | #define analogInputToDigitalPin(p) (((p) < 20) ? (analogChannelToDigitalPin(p)) : -1)
      |         ^~~~~~~~~~~~~~~~~~~~~~~
/home/runner/.arduino15/packages/m5stack/hardware/esp32/3.2.5/cores/esp32/Arduino.h:147:9: warning: "digitalPinToInterrupt" redefined
  147 | #define digitalPinToInterrupt(p)   ((((uint8_t)digitalPinToGPIONumber(p)) < NUM_DIGITAL_PINS) ? (p) : NOT_AN_INTERRUPT)
      |         ^~~~~~~~~~~~~~~~~~~~~
/home/runner/.arduino15/packages/m5stack/hardware/esp32/3.2.5/variants/m5stack_cardputer/pins_arduino.h:17:9: note: this is the location of the previous definition
   17 | #define digitalPinToInterrupt(p)   (((p) < 48) ? (p) : -1)
      |         ^~~~~~~~~~~~~~~~~~~~~
/home/runner/.arduino15/packages/m5stack/hardware/esp32/3.2.5/cores/esp32/Arduino.h:148:9: warning: "digitalPinHasPWM" redefined
  148 | #define digitalPinHasPWM(p)        (((uint8_t)digitalPinToGPIONumber(p)) < NUM_DIGITAL_PINS)
      |         ^~~~~~~~~~~~~~~~
/home/runner/.arduino15/packages/m5stack/hardware/esp32/3.2.5/variants/m5stack_cardputer/pins_arduino.h:18:9: note: this is the location of the previous definition
   18 | #define digitalPinHasPWM(p)        (p < 46)
      |         ^~~~~~~~~~~~~~~~
In file included from /home/runner/.arduino15/packages/m5stack/hardware/esp32/3.2.5/libraries/Network/src/NetworkInterface.h:10,
                 from /home/runner/.arduino15/packages/m5stack/hardware/esp32/3.2.5/libraries/Network/src/Network.h:8,
                 from /home/runner/.arduino15/packages/m5stack/hardware/esp32/3.2.5/libraries/WiFi/src/WiFiGeneric.h:44,
                 from /home/runner/.arduino15/packages/m5stack/hardware/esp32/3.2.5/libraries/WiFi/src/WiFiSTA.h:30,
                 from /home/runner/.arduino15/packages/m5stack/hardware/esp32/3.2.5/libraries/WiFi/src/WiFi.h:34,
                 from /home/runner/.arduino15/packages/m5stack/hardware/esp32/3.2.5/libraries/WiFi/src/WiFiAP.cpp:25:
/home/runner/.arduino15/packages/m5stack/hardware/esp32/3.2.5/cores/esp32/Arduino.h:139:9: warning: "NUM_DIGITAL_PINS" redefined
  139 | #define NUM_DIGITAL_PINS SOC_GPIO_PIN_COUNT  // All GPIOs
      |         ^~~~~~~~~~~~~~~~
In file included from /home/runner/.arduino15/packages/m5stack/hardware/esp32/3.2.5/cores/esp32/Arduino.h:43:
/home/runner/.arduino15/packages/m5stack/hardware/esp32/3.2.5/variants/m5stack_cardputer/pins_arduino.h:13:9: note: this is the location of the previous definition
   13 | #define NUM_DIGITAL_PINS        46
      |         ^~~~~~~~~~~~~~~~
/home/runner/.arduino15/packages/m5stack/hardware/esp32/3.2.5/cores/esp32/Arduino.h:143:9: warning: "NUM_ANALOG_INPUTS" redefined
  143 | #define NUM_ANALOG_INPUTS (SOC_ADC_CHANNEL_NUM(0) + SOC_ADC_CHANNEL_NUM(1))  // Depends on the SoC (ESP32, ESP32S2, ESP32S3, ESP32C3)
      |         ^~~~~~~~~~~~~~~~~
/home/runner/.arduino15/packages/m5stack/hardware/esp32/3.2.5/variants/m5stack_cardputer/pins_arduino.h:14:9: note: this is the location of the previous definition
   14 | #define NUM_ANALOG_INPUTS       15
      |         ^~~~~~~~~~~~~~~~~
/home/runner/.arduino15/packages/m5stack/hardware/esp32/3.2.5/cores/esp32/Arduino.h:145:9: warning: "EXTERNAL_NUM_INTERRUPTS" redefined
  145 | #define EXTERNAL_NUM_INTERRUPTS    NUM_DIGITAL_PINS  // All GPIOs
      |         ^~~~~~~~~~~~~~~~~~~~~~~
/home/runner/.arduino15/packages/m5stack/hardware/esp32/3.2.5/variants/m5stack_cardputer/pins_arduino.h:12:9: note: this is the location of the previous definition
   12 | #define EXTERNAL_NUM_INTERRUPTS 23
      |         ^~~~~~~~~~~~~~~~~~~~~~~
/home/runner/.arduino15/packages/m5stack/hardware/esp32/3.2.5/cores/esp32/Arduino.h:146:9: warning: "analogInputToDigitalPin" redefined
  146 | #define analogInputToDigitalPin(p) (((p) < NUM_ANALOG_INPUTS) ? (analogChannelToDigitalPin(p)) : -1)
      |         ^~~~~~~~~~~~~~~~~~~~~~~
/home/runner/.arduino15/packages/m5stack/hardware/esp32/3.2.5/variants/m5stack_cardputer/pins_arduino.h:16:9: note: this is the location of the previous definition
   16 | #define analogInputToDigitalPin(p) (((p) < 20) ? (analogChannelToDigitalPin(p)) : -1)
      |         ^~~~~~~~~~~~~~~~~~~~~~~
/home/runner/.arduino15/packages/m5stack/hardware/esp32/3.2.5/cores/esp32/Arduino.h:147:9: warning: "digitalPinToInterrupt" redefined
  147 | #define digitalPinToInterrupt(p)   ((((uint8_t)digitalPinToGPIONumber(p)) < NUM_DIGITAL_PINS) ? (p) : NOT_AN_INTERRUPT)
      |         ^~~~~~~~~~~~~~~~~~~~~
/home/runner/.arduino15/packages/m5stack/hardware/esp32/3.2.5/variants/m5stack_cardputer/pins_arduino.h:17:9: note: this is the location of the previous definition
   17 | #define digitalPinToInterrupt(p)   (((p) < 48) ? (p) : -1)
      |         ^~~~~~~~~~~~~~~~~~~~~
/home/runner/.arduino15/packages/m5stack/hardware/esp32/3.2.5/cores/esp32/Arduino.h:148:9: warning: "digitalPinHasPWM" redefined
  148 | #define digitalPinHasPWM(p)        (((uint8_t)digitalPinToGPIONumber(p)) < NUM_DIGITAL_PINS)
      |         ^~~~~~~~~~~~~~~~
/home/runner/.arduino15/packages/m5stack/hardware/esp32/3.2.5/variants/m5stack_cardputer/pins_arduino.h:18:9: note: this is the location of the previous definition
   18 | #define digitalPinHasPWM(p)        (p < 46)
      |         ^~~~~~~~~~~~~~~~
In file included from /home/runner/.arduino15/packages/m5stack/hardware/esp32/3.2.5/libraries/Network/src/NetworkInterface.h:10,
                 from /home/runner/.arduino15/packages/m5stack/hardware/esp32/3.2.5/libraries/Network/src/Network.h:8,
                 from /home/runner/.arduino15/packages/m5stack/hardware/esp32/3.2.5/libraries/WiFi/src/WiFiGeneric.h:44,
                 from /home/runner/.arduino15/packages/m5stack/hardware/esp32/3.2.5/libraries/WiFi/src/WiFiSTA.h:30,
                 from /home/runner/.arduino15/packages/m5stack/hardware/esp32/3.2.5/libraries/WiFi/src/WiFi.h:34,
                 from /home/runner/.arduino15/packages/m5stack/hardware/esp32/3.2.5/libraries/WiFi/src/AP.cpp:7:
/home/runner/.arduino15/packages/m5stack/hardware/esp32/3.2.5/cores/esp32/Arduino.h:139:9: warning: "NUM_DIGITAL_PINS" redefined
  139 | #define NUM_DIGITAL_PINS SOC_GPIO_PIN_COUNT  // All GPIOs
      |         ^~~~~~~~~~~~~~~~
In file included from /home/runner/.arduino15/packages/m5stack/hardware/esp32/3.2.5/cores/esp32/Arduino.h:43:
/home/runner/.arduino15/packages/m5stack/hardware/esp32/3.2.5/variants/m5stack_cardputer/pins_arduino.h:13:9: note: this is the location of the previous definition
   13 | #define NUM_DIGITAL_PINS        46
      |         ^~~~~~~~~~~~~~~~
/home/runner/.arduino15/packages/m5stack/hardware/esp32/3.2.5/cores/esp32/Arduino.h:143:9: warning: "NUM_ANALOG_INPUTS" redefined
  143 | #define NUM_ANALOG_INPUTS (SOC_ADC_CHANNEL_NUM(0) + SOC_ADC_CHANNEL_NUM(1))  // Depends on the SoC (ESP32, ESP32S2, ESP32S3, ESP32C3)
      |         ^~~~~~~~~~~~~~~~~
/home/runner/.arduino15/packages/m5stack/hardware/esp32/3.2.5/variants/m5stack_cardputer/pins_arduino.h:14:9: note: this is the location of the previous definition
   14 | #define NUM_ANALOG_INPUTS       15
      |         ^~~~~~~~~~~~~~~~~
/home/runner/.arduino15/packages/m5stack/hardware/esp32/3.2.5/cores/esp32/Arduino.h:145:9: warning: "EXTERNAL_NUM_INTERRUPTS" redefined
  145 | #define EXTERNAL_NUM_INTERRUPTS    NUM_DIGITAL_PINS  // All GPIOs
      |         ^~~~~~~~~~~~~~~~~~~~~~~
/home/runner/.arduino15/packages/m5stack/hardware/esp32/3.2.5/variants/m5stack_cardputer/pins_arduino.h:12:9: note: this is the location of the previous definition
   12 | #define EXTERNAL_NUM_INTERRUPTS 23
      |         ^~~~~~~~~~~~~~~~~~~~~~~
/home/runner/.arduino15/packages/m5stack/hardware/esp32/3.2.5/cores/esp32/Arduino.h:146:9: warning: "analogInputToDigitalPin" redefined
  146 | #define analogInputToDigitalPin(p) (((p) < NUM_ANALOG_INPUTS) ? (analogChannelToDigitalPin(p)) : -1)
      |         ^~~~~~~~~~~~~~~~~~~~~~~
/home/runner/.arduino15/packages/m5stack/hardware/esp32/3.2.5/variants/m5stack_cardputer/pins_arduino.h:16:9: note: this is the location of the previous definition
   16 | #define analogInputToDigitalPin(p) (((p) < 20) ? (analogChannelToDigitalPin(p)) : -1)
      |         ^~~~~~~~~~~~~~~~~~~~~~~
/home/runner/.arduino15/packages/m5stack/hardware/esp32/3.2.5/cores/esp32/Arduino.h:147:9: warning: "digitalPinToInterrupt" redefined
  147 | #define digitalPinToInterrupt(p)   ((((uint8_t)digitalPinToGPIONumber(p)) < NUM_DIGITAL_PINS) ? (p) : NOT_AN_INTERRUPT)
      |         ^~~~~~~~~~~~~~~~~~~~~
/home/runner/.arduino15/packages/m5stack/hardware/esp32/3.2.5/variants/m5stack_cardputer/pins_arduino.h:17:9: note: this is the location of the previous definition
   17 | #define digitalPinToInterrupt(p)   (((p) < 48) ? (p) : -1)
      |         ^~~~~~~~~~~~~~~~~~~~~
/home/runner/.arduino15/packages/m5stack/hardware/esp32/3.2.5/cores/esp32/Arduino.h:148:9: warning: "digitalPinHasPWM" redefined
  148 | #define digitalPinHasPWM(p)        (((uint8_t)digitalPinToGPIONumber(p)) < NUM_DIGITAL_PINS)
      |         ^~~~~~~~~~~~~~~~
/home/runner/.arduino15/packages/m5stack/hardware/esp32/3.2.5/variants/m5stack_cardputer/pins_arduino.h:18:9: note: this is the location of the previous definition
   18 | #define digitalPinHasPWM(p)        (p < 46)
      |         ^~~~~~~~~~~~~~~~
In file included from /home/runner/.arduino15/packages/m5stack/hardware/esp32/3.2.5/libraries/Network/src/NetworkInterface.h:10,
                 from /home/runner/.arduino15/packages/m5stack/hardware/esp32/3.2.5/libraries/Network/src/Network.h:8,
                 from /home/runner/.arduino15/packages/m5stack/hardware/esp32/3.2.5/libraries/WiFi/src/WiFiGeneric.h:44,
                 from /home/runner/.arduino15/packages/m5stack/hardware/esp32/3.2.5/libraries/WiFi/src/WiFiSTA.h:30,
                 from /home/runner/.arduino15/packages/m5stack/hardware/esp32/3.2.5/libraries/WiFi/src/WiFi.h:34,
                 from /home/runner/.arduino15/packages/m5stack/hardware/esp32/3.2.5/libraries/WiFi/src/STA.cpp:6:
/home/runner/.arduino15/packages/m5stack/hardware/esp32/3.2.5/cores/esp32/Arduino.h:139:9: warning: "NUM_DIGITAL_PINS" redefined
  139 | #define NUM_DIGITAL_PINS SOC_GPIO_PIN_COUNT  // All GPIOs
      |         ^~~~~~~~~~~~~~~~
In file included from /home/runner/.arduino15/packages/m5stack/hardware/esp32/3.2.5/cores/esp32/Arduino.h:43:
/home/runner/.arduino15/packages/m5stack/hardware/esp32/3.2.5/variants/m5stack_cardputer/pins_arduino.h:13:9: note: this is the location of the previous definition
   13 | #define NUM_DIGITAL_PINS        46
      |         ^~~~~~~~~~~~~~~~
/home/runner/.arduino15/packages/m5stack/hardware/esp32/3.2.5/cores/esp32/Arduino.h:143:9: warning: "NUM_ANALOG_INPUTS" redefined
  143 | #define NUM_ANALOG_INPUTS (SOC_ADC_CHANNEL_NUM(0) + SOC_ADC_CHANNEL_NUM(1))  // Depends on the SoC (ESP32, ESP32S2, ESP32S3, ESP32C3)
      |         ^~~~~~~~~~~~~~~~~
/home/runner/.arduino15/packages/m5stack/hardware/esp32/3.2.5/variants/m5stack_cardputer/pins_arduino.h:14:9: note: this is the location of the previous definition
   14 | #define NUM_ANALOG_INPUTS       15
      |         ^~~~~~~~~~~~~~~~~
/home/runner/.arduino15/packages/m5stack/hardware/esp32/3.2.5/cores/esp32/Arduino.h:145:9: warning: "EXTERNAL_NUM_INTERRUPTS" redefined
  145 | #define EXTERNAL_NUM_INTERRUPTS    NUM_DIGITAL_PINS  // All GPIOs
      |         ^~~~~~~~~~~~~~~~~~~~~~~
/home/runner/.arduino15/packages/m5stack/hardware/esp32/3.2.5/variants/m5stack_cardputer/pins_arduino.h:12:9: note: this is the location of the previous definition
   12 | #define EXTERNAL_NUM_INTERRUPTS 23
      |         ^~~~~~~~~~~~~~~~~~~~~~~
/home/runner/.arduino15/packages/m5stack/hardware/esp32/3.2.5/cores/esp32/Arduino.h:146:9: warning: "analogInputToDigitalPin" redefined
  146 | #define analogInputToDigitalPin(p) (((p) < NUM_ANALOG_INPUTS) ? (analogChannelToDigitalPin(p)) : -1)
      |         ^~~~~~~~~~~~~~~~~~~~~~~
/home/runner/.arduino15/packages/m5stack/hardware/esp32/3.2.5/variants/m5stack_cardputer/pins_arduino.h:16:9: note: this is the location of the previous definition
   16 | #define analogInputToDigitalPin(p) (((p) < 20) ? (analogChannelToDigitalPin(p)) : -1)
      |         ^~~~~~~~~~~~~~~~~~~~~~~
/home/runner/.arduino15/packages/m5stack/hardware/esp32/3.2.5/cores/esp32/Arduino.h:147:9: warning: "digitalPinToInterrupt" redefined
  147 | #define digitalPinToInterrupt(p)   ((((uint8_t)digitalPinToGPIONumber(p)) < NUM_DIGITAL_PINS) ? (p) : NOT_AN_INTERRUPT)
      |         ^~~~~~~~~~~~~~~~~~~~~
/home/runner/.arduino15/packages/m5stack/hardware/esp32/3.2.5/variants/m5stack_cardputer/pins_arduino.h:17:9: note: this is the location of the previous definition
   17 | #define digitalPinToInterrupt(p)   (((p) < 48) ? (p) : -1)
      |         ^~~~~~~~~~~~~~~~~~~~~
/home/runner/.arduino15/packages/m5stack/hardware/esp32/3.2.5/cores/esp32/Arduino.h:148:9: warning: "digitalPinHasPWM" redefined
  148 | #define digitalPinHasPWM(p)        (((uint8_t)digitalPinToGPIONumber(p)) < NUM_DIGITAL_PINS)
      |         ^~~~~~~~~~~~~~~~
/home/runner/.arduino15/packages/m5stack/hardware/esp32/3.2.5/variants/m5stack_cardputer/pins_arduino.h:18:9: note: this is the location of the previous definition
   18 | #define digitalPinHasPWM(p)        (p < 46)
      |         ^~~~~~~~~~~~~~~~
In file included from /home/runner/.arduino15/packages/m5stack/hardware/esp32/3.2.5/libraries/Network/src/NetworkInterface.h:10,
                 from /home/runner/.arduino15/packages/m5stack/hardware/esp32/3.2.5/libraries/Network/src/Network.h:8,
                 from /home/runner/.arduino15/packages/m5stack/hardware/esp32/3.2.5/libraries/WiFi/src/WiFiGeneric.h:44,
                 from /home/runner/.arduino15/packages/m5stack/hardware/esp32/3.2.5/libraries/WiFi/src/WiFiSTA.h:30,
                 from /home/runner/.arduino15/packages/m5stack/hardware/esp32/3.2.5/libraries/WiFi/src/WiFi.h:34,
                 from /home/runner/.arduino15/packages/m5stack/hardware/esp32/3.2.5/libraries/WiFi/src/WiFiSTA.cpp:25:
/home/runner/.arduino15/packages/m5stack/hardware/esp32/3.2.5/cores/esp32/Arduino.h:139:9: warning: "NUM_DIGITAL_PINS" redefined
  139 | #define NUM_DIGITAL_PINS SOC_GPIO_PIN_COUNT  // All GPIOs
      |         ^~~~~~~~~~~~~~~~
In file included from /home/runner/.arduino15/packages/m5stack/hardware/esp32/3.2.5/cores/esp32/Arduino.h:43:
/home/runner/.arduino15/packages/m5stack/hardware/esp32/3.2.5/variants/m5stack_cardputer/pins_arduino.h:13:9: note: this is the location of the previous definition
   13 | #define NUM_DIGITAL_PINS        46
      |         ^~~~~~~~~~~~~~~~
/home/runner/.arduino15/packages/m5stack/hardware/esp32/3.2.5/cores/esp32/Arduino.h:143:9: warning: "NUM_ANALOG_INPUTS" redefined
  143 | #define NUM_ANALOG_INPUTS (SOC_ADC_CHANNEL_NUM(0) + SOC_ADC_CHANNEL_NUM(1))  // Depends on the SoC (ESP32, ESP32S2, ESP32S3, ESP32C3)
      |         ^~~~~~~~~~~~~~~~~
/home/runner/.arduino15/packages/m5stack/hardware/esp32/3.2.5/variants/m5stack_cardputer/pins_arduino.h:14:9: note: this is the location of the previous definition
   14 | #define NUM_ANALOG_INPUTS       15
      |         ^~~~~~~~~~~~~~~~~
/home/runner/.arduino15/packages/m5stack/hardware/esp32/3.2.5/cores/esp32/Arduino.h:145:9: warning: "EXTERNAL_NUM_INTERRUPTS" redefined
  145 | #define EXTERNAL_NUM_INTERRUPTS    NUM_DIGITAL_PINS  // All GPIOs
      |         ^~~~~~~~~~~~~~~~~~~~~~~
/home/runner/.arduino15/packages/m5stack/hardware/esp32/3.2.5/variants/m5stack_cardputer/pins_arduino.h:12:9: note: this is the location of the previous definition
   12 | #define EXTERNAL_NUM_INTERRUPTS 23
      |         ^~~~~~~~~~~~~~~~~~~~~~~
/home/runner/.arduino15/packages/m5stack/hardware/esp32/3.2.5/cores/esp32/Arduino.h:146:9: warning: "analogInputToDigitalPin" redefined
  146 | #define analogInputToDigitalPin(p) (((p) < NUM_ANALOG_INPUTS) ? (analogChannelToDigitalPin(p)) : -1)
      |         ^~~~~~~~~~~~~~~~~~~~~~~
/home/runner/.arduino15/packages/m5stack/hardware/esp32/3.2.5/variants/m5stack_cardputer/pins_arduino.h:16:9: note: this is the location of the previous definition
   16 | #define analogInputToDigitalPin(p) (((p) < 20) ? (analogChannelToDigitalPin(p)) : -1)
      |         ^~~~~~~~~~~~~~~~~~~~~~~
/home/runner/.arduino15/packages/m5stack/hardware/esp32/3.2.5/cores/esp32/Arduino.h:147:9: warning: "digitalPinToInterrupt" redefined
  147 | #define digitalPinToInterrupt(p)   ((((uint8_t)digitalPinToGPIONumber(p)) < NUM_DIGITAL_PINS) ? (p) : NOT_AN_INTERRUPT)
      |         ^~~~~~~~~~~~~~~~~~~~~
/home/runner/.arduino15/packages/m5stack/hardware/esp32/3.2.5/variants/m5stack_cardputer/pins_arduino.h:17:9: note: this is the location of the previous definition
   17 | #define digitalPinToInterrupt(p)   (((p) < 48) ? (p) : -1)
      |         ^~~~~~~~~~~~~~~~~~~~~
/home/runner/.arduino15/packages/m5stack/hardware/esp32/3.2.5/cores/esp32/Arduino.h:148:9: warning: "digitalPinHasPWM" redefined
  148 | #define digitalPinHasPWM(p)        (((uint8_t)digitalPinToGPIONumber(p)) < NUM_DIGITAL_PINS)
      |         ^~~~~~~~~~~~~~~~
/home/runner/.arduino15/packages/m5stack/hardware/esp32/3.2.5/variants/m5stack_cardputer/pins_arduino.h:18:9: note: this is the location of the previous definition
   18 | #define digitalPinHasPWM(p)        (p < 46)
      |         ^~~~~~~~~~~~~~~~
In file included from /home/runner/.arduino15/packages/m5stack/hardware/esp32/3.2.5/libraries/Network/src/NetworkInterface.h:10,
                 from /home/runner/.arduino15/packages/m5stack/hardware/esp32/3.2.5/libraries/Network/src/Network.h:8,
                 from /home/runner/.arduino15/packages/m5stack/hardware/esp32/3.2.5/libraries/WiFi/src/WiFiGeneric.h:44,
                 from /home/runner/.arduino15/packages/m5stack/hardware/esp32/3.2.5/libraries/WiFi/src/WiFiSTA.h:30,
                 from /home/runner/.arduino15/packages/m5stack/hardware/esp32/3.2.5/libraries/WiFi/src/WiFi.h:34,
                 from /home/runner/.arduino15/packages/m5stack/hardware/esp32/3.2.5/libraries/WiFi/src/WiFiGeneric.cpp:25:
/home/runner/.arduino15/packages/m5stack/hardware/esp32/3.2.5/cores/esp32/Arduino.h:139:9: warning: "NUM_DIGITAL_PINS" redefined
  139 | #define NUM_DIGITAL_PINS SOC_GPIO_PIN_COUNT  // All GPIOs
      |         ^~~~~~~~~~~~~~~~
In file included from /home/runner/.arduino15/packages/m5stack/hardware/esp32/3.2.5/cores/esp32/Arduino.h:43:
/home/runner/.arduino15/packages/m5stack/hardware/esp32/3.2.5/variants/m5stack_cardputer/pins_arduino.h:13:9: note: this is the location of the previous definition
   13 | #define NUM_DIGITAL_PINS        46
      |         ^~~~~~~~~~~~~~~~
/home/runner/.arduino15/packages/m5stack/hardware/esp32/3.2.5/cores/esp32/Arduino.h:143:9: warning: "NUM_ANALOG_INPUTS" redefined
  143 | #define NUM_ANALOG_INPUTS (SOC_ADC_CHANNEL_NUM(0) + SOC_ADC_CHANNEL_NUM(1))  // Depends on the SoC (ESP32, ESP32S2, ESP32S3, ESP32C3)
      |         ^~~~~~~~~~~~~~~~~
/home/runner/.arduino15/packages/m5stack/hardware/esp32/3.2.5/variants/m5stack_cardputer/pins_arduino.h:14:9: note: this is the location of the previous definition
   14 | #define NUM_ANALOG_INPUTS       15
      |         ^~~~~~~~~~~~~~~~~
/home/runner/.arduino15/packages/m5stack/hardware/esp32/3.2.5/cores/esp32/Arduino.h:145:9: warning: "EXTERNAL_NUM_INTERRUPTS" redefined
  145 | #define EXTERNAL_NUM_INTERRUPTS    NUM_DIGITAL_PINS  // All GPIOs
      |         ^~~~~~~~~~~~~~~~~~~~~~~
/home/runner/.arduino15/packages/m5stack/hardware/esp32/3.2.5/variants/m5stack_cardputer/pins_arduino.h:12:9: note: this is the location of the previous definition
   12 | #define EXTERNAL_NUM_INTERRUPTS 23
      |         ^~~~~~~~~~~~~~~~~~~~~~~
/home/runner/.arduino15/packages/m5stack/hardware/esp32/3.2.5/cores/esp32/Arduino.h:146:9: warning: "analogInputToDigitalPin" redefined
  146 | #define analogInputToDigitalPin(p) (((p) < NUM_ANALOG_INPUTS) ? (analogChannelToDigitalPin(p)) : -1)
      |         ^~~~~~~~~~~~~~~~~~~~~~~
/home/runner/.arduino15/packages/m5stack/hardware/esp32/3.2.5/variants/m5stack_cardputer/pins_arduino.h:16:9: note: this is the location of the previous definition
   16 | #define analogInputToDigitalPin(p) (((p) < 20) ? (analogChannelToDigitalPin(p)) : -1)
      |         ^~~~~~~~~~~~~~~~~~~~~~~
/home/runner/.arduino15/packages/m5stack/hardware/esp32/3.2.5/cores/esp32/Arduino.h:147:9: warning: "digitalPinToInterrupt" redefined
  147 | #define digitalPinToInterrupt(p)   ((((uint8_t)digitalPinToGPIONumber(p)) < NUM_DIGITAL_PINS) ? (p) : NOT_AN_INTERRUPT)
      |         ^~~~~~~~~~~~~~~~~~~~~
/home/runner/.arduino15/packages/m5stack/hardware/esp32/3.2.5/variants/m5stack_cardputer/pins_arduino.h:17:9: note: this is the location of the previous definition
   17 | #define digitalPinToInterrupt(p)   (((p) < 48) ? (p) : -1)
      |         ^~~~~~~~~~~~~~~~~~~~~
/home/runner/.arduino15/packages/m5stack/hardware/esp32/3.2.5/cores/esp32/Arduino.h:148:9: warning: "digitalPinHasPWM" redefined
  148 | #define digitalPinHasPWM(p)        (((uint8_t)digitalPinToGPIONumber(p)) < NUM_DIGITAL_PINS)
      |         ^~~~~~~~~~~~~~~~
/home/runner/.arduino15/packages/m5stack/hardware/esp32/3.2.5/variants/m5stack_cardputer/pins_arduino.h:18:9: note: this is the location of the previous definition
   18 | #define digitalPinHasPWM(p)        (p < 46)
      |         ^~~~~~~~~~~~~~~~
In file included from /home/runner/.arduino15/packages/m5stack/hardware/esp32/3.2.5/libraries/Network/src/NetworkInterface.h:10,
                 from /home/runner/.arduino15/packages/m5stack/hardware/esp32/3.2.5/libraries/Network/src/Network.h:8,
                 from /home/runner/.arduino15/packages/m5stack/hardware/esp32/3.2.5/libraries/WiFi/src/WiFiGeneric.h:44,
                 from /home/runner/.arduino15/packages/m5stack/hardware/esp32/3.2.5/libraries/WiFi/src/WiFiSTA.h:30,
                 from /home/runner/.arduino15/packages/m5stack/hardware/esp32/3.2.5/libraries/WiFi/src/WiFi.h:34,
                 from /home/runner/.arduino15/packages/m5stack/hardware/esp32/3.2.5/libraries/WiFi/src/WiFiMulti.h:32,
                 from /home/runner/.arduino15/packages/m5stack/hardware/esp32/3.2.5/libraries/WiFi/src/WiFiMulti.cpp:26:
/home/runner/.arduino15/packages/m5stack/hardware/esp32/3.2.5/cores/esp32/Arduino.h:139:9: warning: "NUM_DIGITAL_PINS" redefined
  139 | #define NUM_DIGITAL_PINS SOC_GPIO_PIN_COUNT  // All GPIOs
      |         ^~~~~~~~~~~~~~~~
In file included from /home/runner/.arduino15/packages/m5stack/hardware/esp32/3.2.5/cores/esp32/Arduino.h:43:
/home/runner/.arduino15/packages/m5stack/hardware/esp32/3.2.5/variants/m5stack_cardputer/pins_arduino.h:13:9: note: this is the location of the previous definition
   13 | #define NUM_DIGITAL_PINS        46
      |         ^~~~~~~~~~~~~~~~
/home/runner/.arduino15/packages/m5stack/hardware/esp32/3.2.5/cores/esp32/Arduino.h:143:9: warning: "NUM_ANALOG_INPUTS" redefined
  143 | #define NUM_ANALOG_INPUTS (SOC_ADC_CHANNEL_NUM(0) + SOC_ADC_CHANNEL_NUM(1))  // Depends on the SoC (ESP32, ESP32S2, ESP32S3, ESP32C3)
      |         ^~~~~~~~~~~~~~~~~
/home/runner/.arduino15/packages/m5stack/hardware/esp32/3.2.5/variants/m5stack_cardputer/pins_arduino.h:14:9: note: this is the location of the previous definition
   14 | #define NUM_ANALOG_INPUTS       15
      |         ^~~~~~~~~~~~~~~~~
/home/runner/.arduino15/packages/m5stack/hardware/esp32/3.2.5/cores/esp32/Arduino.h:145:9: warning: "EXTERNAL_NUM_INTERRUPTS" redefined
  145 | #define EXTERNAL_NUM_INTERRUPTS    NUM_DIGITAL_PINS  // All GPIOs
      |         ^~~~~~~~~~~~~~~~~~~~~~~
/home/runner/.arduino15/packages/m5stack/hardware/esp32/3.2.5/variants/m5stack_cardputer/pins_arduino.h:12:9: note: this is the location of the previous definition
   12 | #define EXTERNAL_NUM_INTERRUPTS 23
      |         ^~~~~~~~~~~~~~~~~~~~~~~
/home/runner/.arduino15/packages/m5stack/hardware/esp32/3.2.5/cores/esp32/Arduino.h:146:9: warning: "analogInputToDigitalPin" redefined
  146 | #define analogInputToDigitalPin(p) (((p) < NUM_ANALOG_INPUTS) ? (analogChannelToDigitalPin(p)) : -1)
      |         ^~~~~~~~~~~~~~~~~~~~~~~
/home/runner/.arduino15/packages/m5stack/hardware/esp32/3.2.5/variants/m5stack_cardputer/pins_arduino.h:16:9: note: this is the location of the previous definition
   16 | #define analogInputToDigitalPin(p) (((p) < 20) ? (analogChannelToDigitalPin(p)) : -1)
      |         ^~~~~~~~~~~~~~~~~~~~~~~
/home/runner/.arduino15/packages/m5stack/hardware/esp32/3.2.5/cores/esp32/Arduino.h:147:9: warning: "digitalPinToInterrupt" redefined
  147 | #define digitalPinToInterrupt(p)   ((((uint8_t)digitalPinToGPIONumber(p)) < NUM_DIGITAL_PINS) ? (p) : NOT_AN_INTERRUPT)
      |         ^~~~~~~~~~~~~~~~~~~~~
/home/runner/.arduino15/packages/m5stack/hardware/esp32/3.2.5/variants/m5stack_cardputer/pins_arduino.h:17:9: note: this is the location of the previous definition
   17 | #define digitalPinToInterrupt(p)   (((p) < 48) ? (p) : -1)
      |         ^~~~~~~~~~~~~~~~~~~~~
/home/runner/.arduino15/packages/m5stack/hardware/esp32/3.2.5/cores/esp32/Arduino.h:148:9: warning: "digitalPinHasPWM" redefined
  148 | #define digitalPinHasPWM(p)        (((uint8_t)digitalPinToGPIONumber(p)) < NUM_DIGITAL_PINS)
      |         ^~~~~~~~~~~~~~~~
/home/runner/.arduino15/packages/m5stack/hardware/esp32/3.2.5/variants/m5stack_cardputer/pins_arduino.h:18:9: note: this is the location of the previous definition
   18 | #define digitalPinHasPWM(p)        (p < 46)
      |         ^~~~~~~~~~~~~~~~
In file included from /home/runner/.arduino15/packages/m5stack/hardware/esp32/3.2.5/libraries/Network/src/NetworkInterface.h:10,
                 from /home/runner/.arduino15/packages/m5stack/hardware/esp32/3.2.5/libraries/Network/src/Network.h:8,
                 from /home/runner/.arduino15/packages/m5stack/hardware/esp32/3.2.5/libraries/WiFi/src/WiFiGeneric.h:44,
                 from /home/runner/.arduino15/packages/m5stack/hardware/esp32/3.2.5/libraries/WiFi/src/WiFiSTA.h:30,
                 from /home/runner/.arduino15/packages/m5stack/hardware/esp32/3.2.5/libraries/WiFi/src/WiFi.h:34,
                 from /home/runner/.arduino15/packages/m5stack/hardware/esp32/3.2.5/libraries/WiFi/src/WiFiScan.cpp:25:
/home/runner/.arduino15/packages/m5stack/hardware/esp32/3.2.5/cores/esp32/Arduino.h:139:9: warning: "NUM_DIGITAL_PINS" redefined
  139 | #define NUM_DIGITAL_PINS SOC_GPIO_PIN_COUNT  // All GPIOs
      |         ^~~~~~~~~~~~~~~~
In file included from /home/runner/.arduino15/packages/m5stack/hardware/esp32/3.2.5/cores/esp32/Arduino.h:43:
/home/runner/.arduino15/packages/m5stack/hardware/esp32/3.2.5/variants/m5stack_cardputer/pins_arduino.h:13:9: note: this is the location of the previous definition
   13 | #define NUM_DIGITAL_PINS        46
      |         ^~~~~~~~~~~~~~~~
/home/runner/.arduino15/packages/m5stack/hardware/esp32/3.2.5/cores/esp32/Arduino.h:143:9: warning: "NUM_ANALOG_INPUTS" redefined
  143 | #define NUM_ANALOG_INPUTS (SOC_ADC_CHANNEL_NUM(0) + SOC_ADC_CHANNEL_NUM(1))  // Depends on the SoC (ESP32, ESP32S2, ESP32S3, ESP32C3)
      |         ^~~~~~~~~~~~~~~~~
/home/runner/.arduino15/packages/m5stack/hardware/esp32/3.2.5/variants/m5stack_cardputer/pins_arduino.h:14:9: note: this is the location of the previous definition
   14 | #define NUM_ANALOG_INPUTS       15
      |         ^~~~~~~~~~~~~~~~~
/home/runner/.arduino15/packages/m5stack/hardware/esp32/3.2.5/cores/esp32/Arduino.h:145:9: warning: "EXTERNAL_NUM_INTERRUPTS" redefined
  145 | #define EXTERNAL_NUM_INTERRUPTS    NUM_DIGITAL_PINS  // All GPIOs
      |         ^~~~~~~~~~~~~~~~~~~~~~~
/home/runner/.arduino15/packages/m5stack/hardware/esp32/3.2.5/variants/m5stack_cardputer/pins_arduino.h:12:9: note: this is the location of the previous definition
   12 | #define EXTERNAL_NUM_INTERRUPTS 23
      |         ^~~~~~~~~~~~~~~~~~~~~~~
/home/runner/.arduino15/packages/m5stack/hardware/esp32/3.2.5/cores/esp32/Arduino.h:146:9: warning: "analogInputToDigitalPin" redefined
  146 | #define analogInputToDigitalPin(p) (((p) < NUM_ANALOG_INPUTS) ? (analogChannelToDigitalPin(p)) : -1)
      |         ^~~~~~~~~~~~~~~~~~~~~~~
/home/runner/.arduino15/packages/m5stack/hardware/esp32/3.2.5/variants/m5stack_cardputer/pins_arduino.h:16:9: note: this is the location of the previous definition
   16 | #define analogInputToDigitalPin(p) (((p) < 20) ? (analogChannelToDigitalPin(p)) : -1)
      |         ^~~~~~~~~~~~~~~~~~~~~~~
/home/runner/.arduino15/packages/m5stack/hardware/esp32/3.2.5/cores/esp32/Arduino.h:147:9: warning: "digitalPinToInterrupt" redefined
  147 | #define digitalPinToInterrupt(p)   ((((uint8_t)digitalPinToGPIONumber(p)) < NUM_DIGITAL_PINS) ? (p) : NOT_AN_INTERRUPT)
      |         ^~~~~~~~~~~~~~~~~~~~~
/home/runner/.arduino15/packages/m5stack/hardware/esp32/3.2.5/variants/m5stack_cardputer/pins_arduino.h:17:9: note: this is the location of the previous definition
   17 | #define digitalPinToInterrupt(p)   (((p) < 48) ? (p) : -1)
      |         ^~~~~~~~~~~~~~~~~~~~~
/home/runner/.arduino15/packages/m5stack/hardware/esp32/3.2.5/cores/esp32/Arduino.h:148:9: warning: "digitalPinHasPWM" redefined
  148 | #define digitalPinHasPWM(p)        (((uint8_t)digitalPinToGPIONumber(p)) < NUM_DIGITAL_PINS)
      |         ^~~~~~~~~~~~~~~~
/home/runner/.arduino15/packages/m5stack/hardware/esp32/3.2.5/variants/m5stack_cardputer/pins_arduino.h:18:9: note: this is the location of the previous definition
   18 | #define digitalPinHasPWM(p)        (p < 46)
      |         ^~~~~~~~~~~~~~~~
In file included from /home/runner/.arduino15/packages/m5stack/hardware/esp32/3.2.5/libraries/Network/src/NetworkInterface.h:10,
                 from /home/runner/.arduino15/packages/m5stack/hardware/esp32/3.2.5/libraries/Network/src/NetworkManager.h:9,
                 from /home/runner/.arduino15/packages/m5stack/hardware/esp32/3.2.5/libraries/Network/src/NetworkManager.cpp:6:
/home/runner/.arduino15/packages/m5stack/hardware/esp32/3.2.5/cores/esp32/Arduino.h:139:9: warning: "NUM_DIGITAL_PINS" redefined
  139 | #define NUM_DIGITAL_PINS SOC_GPIO_PIN_COUNT  // All GPIOs
      |         ^~~~~~~~~~~~~~~~
In file included from /home/runner/.arduino15/packages/m5stack/hardware/esp32/3.2.5/cores/esp32/Arduino.h:43:
/home/runner/.arduino15/packages/m5stack/hardware/esp32/3.2.5/variants/m5stack_cardputer/pins_arduino.h:13:9: note: this is the location of the previous definition
   13 | #define NUM_DIGITAL_PINS        46
      |         ^~~~~~~~~~~~~~~~
/home/runner/.arduino15/packages/m5stack/hardware/esp32/3.2.5/cores/esp32/Arduino.h:143:9: warning: "NUM_ANALOG_INPUTS" redefined
  143 | #define NUM_ANALOG_INPUTS (SOC_ADC_CHANNEL_NUM(0) + SOC_ADC_CHANNEL_NUM(1))  // Depends on the SoC (ESP32, ESP32S2, ESP32S3, ESP32C3)
      |         ^~~~~~~~~~~~~~~~~
/home/runner/.arduino15/packages/m5stack/hardware/esp32/3.2.5/variants/m5stack_cardputer/pins_arduino.h:14:9: note: this is the location of the previous definition
   14 | #define NUM_ANALOG_INPUTS       15
      |         ^~~~~~~~~~~~~~~~~
/home/runner/.arduino15/packages/m5stack/hardware/esp32/3.2.5/cores/esp32/Arduino.h:145:9: warning: "EXTERNAL_NUM_INTERRUPTS" redefined
  145 | #define EXTERNAL_NUM_INTERRUPTS    NUM_DIGITAL_PINS  // All GPIOs
      |         ^~~~~~~~~~~~~~~~~~~~~~~
/home/runner/.arduino15/packages/m5stack/hardware/esp32/3.2.5/variants/m5stack_cardputer/pins_arduino.h:12:9: note: this is the location of the previous definition
   12 | #define EXTERNAL_NUM_INTERRUPTS 23
      |         ^~~~~~~~~~~~~~~~~~~~~~~
/home/runner/.arduino15/packages/m5stack/hardware/esp32/3.2.5/cores/esp32/Arduino.h:146:9: warning: "analogInputToDigitalPin" redefined
  146 | #define analogInputToDigitalPin(p) (((p) < NUM_ANALOG_INPUTS) ? (analogChannelToDigitalPin(p)) : -1)
      |         ^~~~~~~~~~~~~~~~~~~~~~~
/home/runner/.arduino15/packages/m5stack/hardware/esp32/3.2.5/variants/m5stack_cardputer/pins_arduino.h:16:9: note: this is the location of the previous definition
   16 | #define analogInputToDigitalPin(p) (((p) < 20) ? (analogChannelToDigitalPin(p)) : -1)
      |         ^~~~~~~~~~~~~~~~~~~~~~~
/home/runner/.arduino15/packages/m5stack/hardware/esp32/3.2.5/cores/esp32/Arduino.h:147:9: warning: "digitalPinToInterrupt" redefined
  147 | #define digitalPinToInterrupt(p)   ((((uint8_t)digitalPinToGPIONumber(p)) < NUM_DIGITAL_PINS) ? (p) : NOT_AN_INTERRUPT)
      |         ^~~~~~~~~~~~~~~~~~~~~
/home/runner/.arduino15/packages/m5stack/hardware/esp32/3.2.5/variants/m5stack_cardputer/pins_arduino.h:17:9: note: this is the location of the previous definition
   17 | #define digitalPinToInterrupt(p)   (((p) < 48) ? (p) : -1)
      |         ^~~~~~~~~~~~~~~~~~~~~
/home/runner/.arduino15/packages/m5stack/hardware/esp32/3.2.5/cores/esp32/Arduino.h:148:9: warning: "digitalPinHasPWM" redefined
  148 | #define digitalPinHasPWM(p)        (((uint8_t)digitalPinToGPIONumber(p)) < NUM_DIGITAL_PINS)
      |         ^~~~~~~~~~~~~~~~
/home/runner/.arduino15/packages/m5stack/hardware/esp32/3.2.5/variants/m5stack_cardputer/pins_arduino.h:18:9: note: this is the location of the previous definition
   18 | #define digitalPinHasPWM(p)        (p < 46)
      |         ^~~~~~~~~~~~~~~~
In file included from /home/runner/.arduino15/packages/m5stack/hardware/esp32/3.2.5/libraries/Network/src/NetworkInterface.h:10,
                 from /home/runner/.arduino15/packages/m5stack/hardware/esp32/3.2.5/libraries/Network/src/NetworkInterface.cpp:6:
/home/runner/.arduino15/packages/m5stack/hardware/esp32/3.2.5/cores/esp32/Arduino.h:139:9: warning: "NUM_DIGITAL_PINS" redefined
  139 | #define NUM_DIGITAL_PINS SOC_GPIO_PIN_COUNT  // All GPIOs
      |         ^~~~~~~~~~~~~~~~
In file included from /home/runner/.arduino15/packages/m5stack/hardware/esp32/3.2.5/cores/esp32/Arduino.h:43:
/home/runner/.arduino15/packages/m5stack/hardware/esp32/3.2.5/variants/m5stack_cardputer/pins_arduino.h:13:9: note: this is the location of the previous definition
   13 | #define NUM_DIGITAL_PINS        46
      |         ^~~~~~~~~~~~~~~~
/home/runner/.arduino15/packages/m5stack/hardware/esp32/3.2.5/cores/esp32/Arduino.h:143:9: warning: "NUM_ANALOG_INPUTS" redefined
  143 | #define NUM_ANALOG_INPUTS (SOC_ADC_CHANNEL_NUM(0) + SOC_ADC_CHANNEL_NUM(1))  // Depends on the SoC (ESP32, ESP32S2, ESP32S3, ESP32C3)
      |         ^~~~~~~~~~~~~~~~~
/home/runner/.arduino15/packages/m5stack/hardware/esp32/3.2.5/variants/m5stack_cardputer/pins_arduino.h:14:9: note: this is the location of the previous definition
   14 | #define NUM_ANALOG_INPUTS       15
      |         ^~~~~~~~~~~~~~~~~
/home/runner/.arduino15/packages/m5stack/hardware/esp32/3.2.5/cores/esp32/Arduino.h:145:9: warning: "EXTERNAL_NUM_INTERRUPTS" redefined
  145 | #define EXTERNAL_NUM_INTERRUPTS    NUM_DIGITAL_PINS  // All GPIOs
      |         ^~~~~~~~~~~~~~~~~~~~~~~
/home/runner/.arduino15/packages/m5stack/hardware/esp32/3.2.5/variants/m5stack_cardputer/pins_arduino.h:12:9: note: this is the location of the previous definition
   12 | #define EXTERNAL_NUM_INTERRUPTS 23
      |         ^~~~~~~~~~~~~~~~~~~~~~~
/home/runner/.arduino15/packages/m5stack/hardware/esp32/3.2.5/cores/esp32/Arduino.h:146:9: warning: "analogInputToDigitalPin" redefined
  146 | #define analogInputToDigitalPin(p) (((p) < NUM_ANALOG_INPUTS) ? (analogChannelToDigitalPin(p)) : -1)
      |         ^~~~~~~~~~~~~~~~~~~~~~~
/home/runner/.arduino15/packages/m5stack/hardware/esp32/3.2.5/variants/m5stack_cardputer/pins_arduino.h:16:9: note: this is the location of the previous definition
   16 | #define analogInputToDigitalPin(p) (((p) < 20) ? (analogChannelToDigitalPin(p)) : -1)
      |         ^~~~~~~~~~~~~~~~~~~~~~~
/home/runner/.arduino15/packages/m5stack/hardware/esp32/3.2.5/cores/esp32/Arduino.h:147:9: warning: "digitalPinToInterrupt" redefined
  147 | #define digitalPinToInterrupt(p)   ((((uint8_t)digitalPinToGPIONumber(p)) < NUM_DIGITAL_PINS) ? (p) : NOT_AN_INTERRUPT)
      |         ^~~~~~~~~~~~~~~~~~~~~
/home/runner/.arduino15/packages/m5stack/hardware/esp32/3.2.5/variants/m5stack_cardputer/pins_arduino.h:17:9: note: this is the location of the previous definition
   17 | #define digitalPinToInterrupt(p)   (((p) < 48) ? (p) : -1)
      |         ^~~~~~~~~~~~~~~~~~~~~
/home/runner/.arduino15/packages/m5stack/hardware/esp32/3.2.5/cores/esp32/Arduino.h:148:9: warning: "digitalPinHasPWM" redefined
  148 | #define digitalPinHasPWM(p)        (((uint8_t)digitalPinToGPIONumber(p)) < NUM_DIGITAL_PINS)
      |         ^~~~~~~~~~~~~~~~
/home/runner/.arduino15/packages/m5stack/hardware/esp32/3.2.5/variants/m5stack_cardputer/pins_arduino.h:18:9: note: this is the location of the previous definition
   18 | #define digitalPinHasPWM(p)        (p < 46)
      |         ^~~~~~~~~~~~~~~~
In file included from /home/runner/.arduino15/packages/m5stack/hardware/esp32/3.2.5/libraries/Network/src/NetworkInterface.h:10,
                 from /home/runner/.arduino15/packages/m5stack/hardware/esp32/3.2.5/libraries/Network/src/NetworkManager.h:9,
                 from /home/runner/.arduino15/packages/m5stack/hardware/esp32/3.2.5/libraries/Network/src/NetworkEvents.cpp:7:
/home/runner/.arduino15/packages/m5stack/hardware/esp32/3.2.5/cores/esp32/Arduino.h:139:9: warning: "NUM_DIGITAL_PINS" redefined
  139 | #define NUM_DIGITAL_PINS SOC_GPIO_PIN_COUNT  // All GPIOs
      |         ^~~~~~~~~~~~~~~~
In file included from /home/runner/.arduino15/packages/m5stack/hardware/esp32/3.2.5/cores/esp32/Arduino.h:43:
/home/runner/.arduino15/packages/m5stack/hardware/esp32/3.2.5/variants/m5stack_cardputer/pins_arduino.h:13:9: note: this is the location of the previous definition
   13 | #define NUM_DIGITAL_PINS        46
      |         ^~~~~~~~~~~~~~~~
/home/runner/.arduino15/packages/m5stack/hardware/esp32/3.2.5/cores/esp32/Arduino.h:143:9: warning: "NUM_ANALOG_INPUTS" redefined
  143 | #define NUM_ANALOG_INPUTS (SOC_ADC_CHANNEL_NUM(0) + SOC_ADC_CHANNEL_NUM(1))  // Depends on the SoC (ESP32, ESP32S2, ESP32S3, ESP32C3)
      |         ^~~~~~~~~~~~~~~~~
/home/runner/.arduino15/packages/m5stack/hardware/esp32/3.2.5/variants/m5stack_cardputer/pins_arduino.h:14:9: note: this is the location of the previous definition
   14 | #define NUM_ANALOG_INPUTS       15
      |         ^~~~~~~~~~~~~~~~~
/home/runner/.arduino15/packages/m5stack/hardware/esp32/3.2.5/cores/esp32/Arduino.h:145:9: warning: "EXTERNAL_NUM_INTERRUPTS" redefined
  145 | #define EXTERNAL_NUM_INTERRUPTS    NUM_DIGITAL_PINS  // All GPIOs
      |         ^~~~~~~~~~~~~~~~~~~~~~~
/home/runner/.arduino15/packages/m5stack/hardware/esp32/3.2.5/variants/m5stack_cardputer/pins_arduino.h:12:9: note: this is the location of the previous definition
   12 | #define EXTERNAL_NUM_INTERRUPTS 23
      |         ^~~~~~~~~~~~~~~~~~~~~~~
/home/runner/.arduino15/packages/m5stack/hardware/esp32/3.2.5/cores/esp32/Arduino.h:146:9: warning: "analogInputToDigitalPin" redefined
  146 | #define analogInputToDigitalPin(p) (((p) < NUM_ANALOG_INPUTS) ? (analogChannelToDigitalPin(p)) : -1)
      |         ^~~~~~~~~~~~~~~~~~~~~~~
/home/runner/.arduino15/packages/m5stack/hardware/esp32/3.2.5/variants/m5stack_cardputer/pins_arduino.h:16:9: note: this is the location of the previous definition
   16 | #define analogInputToDigitalPin(p) (((p) < 20) ? (analogChannelToDigitalPin(p)) : -1)
      |         ^~~~~~~~~~~~~~~~~~~~~~~
/home/runner/.arduino15/packages/m5stack/hardware/esp32/3.2.5/cores/esp32/Arduino.h:147:9: warning: "digitalPinToInterrupt" redefined
  147 | #define digitalPinToInterrupt(p)   ((((uint8_t)digitalPinToGPIONumber(p)) < NUM_DIGITAL_PINS) ? (p) : NOT_AN_INTERRUPT)
      |         ^~~~~~~~~~~~~~~~~~~~~
/home/runner/.arduino15/packages/m5stack/hardware/esp32/3.2.5/variants/m5stack_cardputer/pins_arduino.h:17:9: note: this is the location of the previous definition
   17 | #define digitalPinToInterrupt(p)   (((p) < 48) ? (p) : -1)
      |         ^~~~~~~~~~~~~~~~~~~~~
/home/runner/.arduino15/packages/m5stack/hardware/esp32/3.2.5/cores/esp32/Arduino.h:148:9: warning: "digitalPinHasPWM" redefined
  148 | #define digitalPinHasPWM(p)        (((uint8_t)digitalPinToGPIONumber(p)) < NUM_DIGITAL_PINS)
      |         ^~~~~~~~~~~~~~~~
/home/runner/.arduino15/packages/m5stack/hardware/esp32/3.2.5/variants/m5stack_cardputer/pins_arduino.h:18:9: note: this is the location of the previous definition
   18 | #define digitalPinHasPWM(p)        (p < 46)
      |         ^~~~~~~~~~~~~~~~
In file included from /home/runner/.arduino15/packages/m5stack/hardware/esp32/3.2.5/libraries/Network/src/NetworkClient.h:22,
                 from /home/runner/.arduino15/packages/m5stack/hardware/esp32/3.2.5/libraries/Network/src/NetworkClient.cpp:20:
/home/runner/.arduino15/packages/m5stack/hardware/esp32/3.2.5/cores/esp32/Arduino.h:139:9: warning: "NUM_DIGITAL_PINS" redefined
  139 | #define NUM_DIGITAL_PINS SOC_GPIO_PIN_COUNT  // All GPIOs
      |         ^~~~~~~~~~~~~~~~
In file included from /home/runner/.arduino15/packages/m5stack/hardware/esp32/3.2.5/cores/esp32/Arduino.h:43:
/home/runner/.arduino15/packages/m5stack/hardware/esp32/3.2.5/variants/m5stack_cardputer/pins_arduino.h:13:9: note: this is the location of the previous definition
   13 | #define NUM_DIGITAL_PINS        46
      |         ^~~~~~~~~~~~~~~~
/home/runner/.arduino15/packages/m5stack/hardware/esp32/3.2.5/cores/esp32/Arduino.h:143:9: warning: "NUM_ANALOG_INPUTS" redefined
  143 | #define NUM_ANALOG_INPUTS (SOC_ADC_CHANNEL_NUM(0) + SOC_ADC_CHANNEL_NUM(1))  // Depends on the SoC (ESP32, ESP32S2, ESP32S3, ESP32C3)
      |         ^~~~~~~~~~~~~~~~~
/home/runner/.arduino15/packages/m5stack/hardware/esp32/3.2.5/variants/m5stack_cardputer/pins_arduino.h:14:9: note: this is the location of the previous definition
   14 | #define NUM_ANALOG_INPUTS       15
      |         ^~~~~~~~~~~~~~~~~
/home/runner/.arduino15/packages/m5stack/hardware/esp32/3.2.5/cores/esp32/Arduino.h:145:9: warning: "EXTERNAL_NUM_INTERRUPTS" redefined
  145 | #define EXTERNAL_NUM_INTERRUPTS    NUM_DIGITAL_PINS  // All GPIOs
      |         ^~~~~~~~~~~~~~~~~~~~~~~
/home/runner/.arduino15/packages/m5stack/hardware/esp32/3.2.5/variants/m5stack_cardputer/pins_arduino.h:12:9: note: this is the location of the previous definition
   12 | #define EXTERNAL_NUM_INTERRUPTS 23
      |         ^~~~~~~~~~~~~~~~~~~~~~~
/home/runner/.arduino15/packages/m5stack/hardware/esp32/3.2.5/cores/esp32/Arduino.h:146:9: warning: "analogInputToDigitalPin" redefined
  146 | #define analogInputToDigitalPin(p) (((p) < NUM_ANALOG_INPUTS) ? (analogChannelToDigitalPin(p)) : -1)
      |         ^~~~~~~~~~~~~~~~~~~~~~~
/home/runner/.arduino15/packages/m5stack/hardware/esp32/3.2.5/variants/m5stack_cardputer/pins_arduino.h:16:9: note: this is the location of the previous definition
   16 | #define analogInputToDigitalPin(p) (((p) < 20) ? (analogChannelToDigitalPin(p)) : -1)
      |         ^~~~~~~~~~~~~~~~~~~~~~~
/home/runner/.arduino15/packages/m5stack/hardware/esp32/3.2.5/cores/esp32/Arduino.h:147:9: warning: "digitalPinToInterrupt" redefined
  147 | #define digitalPinToInterrupt(p)   ((((uint8_t)digitalPinToGPIONumber(p)) < NUM_DIGITAL_PINS) ? (p) : NOT_AN_INTERRUPT)
      |         ^~~~~~~~~~~~~~~~~~~~~
/home/runner/.arduino15/packages/m5stack/hardware/esp32/3.2.5/variants/m5stack_cardputer/pins_arduino.h:17:9: note: this is the location of the previous definition
   17 | #define digitalPinToInterrupt(p)   (((p) < 48) ? (p) : -1)
      |         ^~~~~~~~~~~~~~~~~~~~~
/home/runner/.arduino15/packages/m5stack/hardware/esp32/3.2.5/cores/esp32/Arduino.h:148:9: warning: "digitalPinHasPWM" redefined
  148 | #define digitalPinHasPWM(p)        (((uint8_t)digitalPinToGPIONumber(p)) < NUM_DIGITAL_PINS)
      |         ^~~~~~~~~~~~~~~~
/home/runner/.arduino15/packages/m5stack/hardware/esp32/3.2.5/variants/m5stack_cardputer/pins_arduino.h:18:9: note: this is the location of the previous definition
   18 | #define digitalPinHasPWM(p)        (p < 46)
      |         ^~~~~~~~~~~~~~~~
In file included from /home/runner/.arduino15/packages/m5stack/hardware/esp32/3.2.5/libraries/Network/src/NetworkUdp.h:38,
                 from /home/runner/.arduino15/packages/m5stack/hardware/esp32/3.2.5/libraries/Network/src/NetworkUdp.cpp:20:
/home/runner/.arduino15/packages/m5stack/hardware/esp32/3.2.5/cores/esp32/Arduino.h:139:9: warning: "NUM_DIGITAL_PINS" redefined
  139 | #define NUM_DIGITAL_PINS SOC_GPIO_PIN_COUNT  // All GPIOs
      |         ^~~~~~~~~~~~~~~~
In file included from /home/runner/.arduino15/packages/m5stack/hardware/esp32/3.2.5/cores/esp32/Arduino.h:43:
/home/runner/.arduino15/packages/m5stack/hardware/esp32/3.2.5/variants/m5stack_cardputer/pins_arduino.h:13:9: note: this is the location of the previous definition
   13 | #define NUM_DIGITAL_PINS        46
      |         ^~~~~~~~~~~~~~~~
/home/runner/.arduino15/packages/m5stack/hardware/esp32/3.2.5/cores/esp32/Arduino.h:143:9: warning: "NUM_ANALOG_INPUTS" redefined
  143 | #define NUM_ANALOG_INPUTS (SOC_ADC_CHANNEL_NUM(0) + SOC_ADC_CHANNEL_NUM(1))  // Depends on the SoC (ESP32, ESP32S2, ESP32S3, ESP32C3)
      |         ^~~~~~~~~~~~~~~~~
/home/runner/.arduino15/packages/m5stack/hardware/esp32/3.2.5/variants/m5stack_cardputer/pins_arduino.h:14:9: note: this is the location of the previous definition
   14 | #define NUM_ANALOG_INPUTS       15
      |         ^~~~~~~~~~~~~~~~~
/home/runner/.arduino15/packages/m5stack/hardware/esp32/3.2.5/cores/esp32/Arduino.h:145:9: warning: "EXTERNAL_NUM_INTERRUPTS" redefined
  145 | #define EXTERNAL_NUM_INTERRUPTS    NUM_DIGITAL_PINS  // All GPIOs
      |         ^~~~~~~~~~~~~~~~~~~~~~~
/home/runner/.arduino15/packages/m5stack/hardware/esp32/3.2.5/variants/m5stack_cardputer/pins_arduino.h:12:9: note: this is the location of the previous definition
   12 | #define EXTERNAL_NUM_INTERRUPTS 23
      |         ^~~~~~~~~~~~~~~~~~~~~~~
/home/runner/.arduino15/packages/m5stack/hardware/esp32/3.2.5/cores/esp32/Arduino.h:146:9: warning: "analogInputToDigitalPin" redefined
  146 | #define analogInputToDigitalPin(p) (((p) < NUM_ANALOG_INPUTS) ? (analogChannelToDigitalPin(p)) : -1)
      |         ^~~~~~~~~~~~~~~~~~~~~~~
/home/runner/.arduino15/packages/m5stack/hardware/esp32/3.2.5/variants/m5stack_cardputer/pins_arduino.h:16:9: note: this is the location of the previous definition
   16 | #define analogInputToDigitalPin(p) (((p) < 20) ? (analogChannelToDigitalPin(p)) : -1)
      |         ^~~~~~~~~~~~~~~~~~~~~~~
/home/runner/.arduino15/packages/m5stack/hardware/esp32/3.2.5/cores/esp32/Arduino.h:147:9: warning: "digitalPinToInterrupt" redefined
  147 | #define digitalPinToInterrupt(p)   ((((uint8_t)digitalPinToGPIONumber(p)) < NUM_DIGITAL_PINS) ? (p) : NOT_AN_INTERRUPT)
      |         ^~~~~~~~~~~~~~~~~~~~~
/home/runner/.arduino15/packages/m5stack/hardware/esp32/3.2.5/variants/m5stack_cardputer/pins_arduino.h:17:9: note: this is the location of the previous definition
   17 | #define digitalPinToInterrupt(p)   (((p) < 48) ? (p) : -1)
      |         ^~~~~~~~~~~~~~~~~~~~~
/home/runner/.arduino15/packages/m5stack/hardware/esp32/3.2.5/cores/esp32/Arduino.h:148:9: warning: "digitalPinHasPWM" redefined
  148 | #define digitalPinHasPWM(p)        (((uint8_t)digitalPinToGPIONumber(p)) < NUM_DIGITAL_PINS)
      |         ^~~~~~~~~~~~~~~~
/home/runner/.arduino15/packages/m5stack/hardware/esp32/3.2.5/variants/m5stack_cardputer/pins_arduino.h:18:9: note: this is the location of the previous definition
   18 | #define digitalPinHasPWM(p)        (p < 46)
      |         ^~~~~~~~~~~~~~~~
In file included from /home/runner/.arduino15/packages/m5stack/hardware/esp32/3.2.5/libraries/Network/src/NetworkServer.h:21,
                 from /home/runner/.arduino15/packages/m5stack/hardware/esp32/3.2.5/libraries/Network/src/NetworkServer.cpp:19:
/home/runner/.arduino15/packages/m5stack/hardware/esp32/3.2.5/cores/esp32/Arduino.h:139:9: warning: "NUM_DIGITAL_PINS" redefined
  139 | #define NUM_DIGITAL_PINS SOC_GPIO_PIN_COUNT  // All GPIOs
      |         ^~~~~~~~~~~~~~~~
In file included from /home/runner/.arduino15/packages/m5stack/hardware/esp32/3.2.5/cores/esp32/Arduino.h:43:
/home/runner/.arduino15/packages/m5stack/hardware/esp32/3.2.5/variants/m5stack_cardputer/pins_arduino.h:13:9: note: this is the location of the previous definition
   13 | #define NUM_DIGITAL_PINS        46
      |         ^~~~~~~~~~~~~~~~
/home/runner/.arduino15/packages/m5stack/hardware/esp32/3.2.5/cores/esp32/Arduino.h:143:9: warning: "NUM_ANALOG_INPUTS" redefined
  143 | #define NUM_ANALOG_INPUTS (SOC_ADC_CHANNEL_NUM(0) + SOC_ADC_CHANNEL_NUM(1))  // Depends on the SoC (ESP32, ESP32S2, ESP32S3, ESP32C3)
      |         ^~~~~~~~~~~~~~~~~
/home/runner/.arduino15/packages/m5stack/hardware/esp32/3.2.5/variants/m5stack_cardputer/pins_arduino.h:14:9: note: this is the location of the previous definition
   14 | #define NUM_ANALOG_INPUTS       15
      |         ^~~~~~~~~~~~~~~~~
/home/runner/.arduino15/packages/m5stack/hardware/esp32/3.2.5/cores/esp32/Arduino.h:145:9: warning: "EXTERNAL_NUM_INTERRUPTS" redefined
  145 | #define EXTERNAL_NUM_INTERRUPTS    NUM_DIGITAL_PINS  // All GPIOs
      |         ^~~~~~~~~~~~~~~~~~~~~~~
/home/runner/.arduino15/packages/m5stack/hardware/esp32/3.2.5/variants/m5stack_cardputer/pins_arduino.h:12:9: note: this is the location of the previous definition
   12 | #define EXTERNAL_NUM_INTERRUPTS 23
      |         ^~~~~~~~~~~~~~~~~~~~~~~
/home/runner/.arduino15/packages/m5stack/hardware/esp32/3.2.5/cores/esp32/Arduino.h:146:9: warning: "analogInputToDigitalPin" redefined
  146 | #define analogInputToDigitalPin(p) (((p) < NUM_ANALOG_INPUTS) ? (analogChannelToDigitalPin(p)) : -1)
      |         ^~~~~~~~~~~~~~~~~~~~~~~
/home/runner/.arduino15/packages/m5stack/hardware/esp32/3.2.5/variants/m5stack_cardputer/pins_arduino.h:16:9: note: this is the location of the previous definition
   16 | #define analogInputToDigitalPin(p) (((p) < 20) ? (analogChannelToDigitalPin(p)) : -1)
      |         ^~~~~~~~~~~~~~~~~~~~~~~
/home/runner/.arduino15/packages/m5stack/hardware/esp32/3.2.5/cores/esp32/Arduino.h:147:9: warning: "digitalPinToInterrupt" redefined
  147 | #define digitalPinToInterrupt(p)   ((((uint8_t)digitalPinToGPIONumber(p)) < NUM_DIGITAL_PINS) ? (p) : NOT_AN_INTERRUPT)
      |         ^~~~~~~~~~~~~~~~~~~~~
/home/runner/.arduino15/packages/m5stack/hardware/esp32/3.2.5/variants/m5stack_cardputer/pins_arduino.h:17:9: note: this is the location of the previous definition
   17 | #define digitalPinToInterrupt(p)   (((p) < 48) ? (p) : -1)
      |         ^~~~~~~~~~~~~~~~~~~~~
/home/runner/.arduino15/packages/m5stack/hardware/esp32/3.2.5/cores/esp32/Arduino.h:148:9: warning: "digitalPinHasPWM" redefined
  148 | #define digitalPinHasPWM(p)        (((uint8_t)digitalPinToGPIONumber(p)) < NUM_DIGITAL_PINS)
      |         ^~~~~~~~~~~~~~~~
/home/runner/.arduino15/packages/m5stack/hardware/esp32/3.2.5/variants/m5stack_cardputer/pins_arduino.h:18:9: note: this is the location of the previous definition
   18 | #define digitalPinHasPWM(p)        (p < 46)
      |         ^~~~~~~~~~~~~~~~
In file included from /home/runner/.arduino15/packages/m5stack/hardware/esp32/3.2.5/libraries/NetworkClientSecure/src/ssl_client.cpp:9:
/home/runner/.arduino15/packages/m5stack/hardware/esp32/3.2.5/cores/esp32/Arduino.h:139:9: warning: "NUM_DIGITAL_PINS" redefined
  139 | #define NUM_DIGITAL_PINS SOC_GPIO_PIN_COUNT  // All GPIOs
      |         ^~~~~~~~~~~~~~~~
In file included from /home/runner/.arduino15/packages/m5stack/hardware/esp32/3.2.5/cores/esp32/Arduino.h:43:
/home/runner/.arduino15/packages/m5stack/hardware/esp32/3.2.5/variants/m5stack_cardputer/pins_arduino.h:13:9: note: this is the location of the previous definition
   13 | #define NUM_DIGITAL_PINS        46
      |         ^~~~~~~~~~~~~~~~
/home/runner/.arduino15/packages/m5stack/hardware/esp32/3.2.5/cores/esp32/Arduino.h:143:9: warning: "NUM_ANALOG_INPUTS" redefined
  143 | #define NUM_ANALOG_INPUTS (SOC_ADC_CHANNEL_NUM(0) + SOC_ADC_CHANNEL_NUM(1))  // Depends on the SoC (ESP32, ESP32S2, ESP32S3, ESP32C3)
      |         ^~~~~~~~~~~~~~~~~
/home/runner/.arduino15/packages/m5stack/hardware/esp32/3.2.5/variants/m5stack_cardputer/pins_arduino.h:14:9: note: this is the location of the previous definition
   14 | #define NUM_ANALOG_INPUTS       15
      |         ^~~~~~~~~~~~~~~~~
/home/runner/.arduino15/packages/m5stack/hardware/esp32/3.2.5/cores/esp32/Arduino.h:145:9: warning: "EXTERNAL_NUM_INTERRUPTS" redefined
  145 | #define EXTERNAL_NUM_INTERRUPTS    NUM_DIGITAL_PINS  // All GPIOs
      |         ^~~~~~~~~~~~~~~~~~~~~~~
/home/runner/.arduino15/packages/m5stack/hardware/esp32/3.2.5/variants/m5stack_cardputer/pins_arduino.h:12:9: note: this is the location of the previous definition
   12 | #define EXTERNAL_NUM_INTERRUPTS 23
      |         ^~~~~~~~~~~~~~~~~~~~~~~
/home/runner/.arduino15/packages/m5stack/hardware/esp32/3.2.5/cores/esp32/Arduino.h:146:9: warning: "analogInputToDigitalPin" redefined
  146 | #define analogInputToDigitalPin(p) (((p) < NUM_ANALOG_INPUTS) ? (analogChannelToDigitalPin(p)) : -1)
      |         ^~~~~~~~~~~~~~~~~~~~~~~
/home/runner/.arduino15/packages/m5stack/hardware/esp32/3.2.5/variants/m5stack_cardputer/pins_arduino.h:16:9: note: this is the location of the previous definition
   16 | #define analogInputToDigitalPin(p) (((p) < 20) ? (analogChannelToDigitalPin(p)) : -1)
      |         ^~~~~~~~~~~~~~~~~~~~~~~
/home/runner/.arduino15/packages/m5stack/hardware/esp32/3.2.5/cores/esp32/Arduino.h:147:9: warning: "digitalPinToInterrupt" redefined
  147 | #define digitalPinToInterrupt(p)   ((((uint8_t)digitalPinToGPIONumber(p)) < NUM_DIGITAL_PINS) ? (p) : NOT_AN_INTERRUPT)
      |         ^~~~~~~~~~~~~~~~~~~~~
/home/runner/.arduino15/packages/m5stack/hardware/esp32/3.2.5/variants/m5stack_cardputer/pins_arduino.h:17:9: note: this is the location of the previous definition
   17 | #define digitalPinToInterrupt(p)   (((p) < 48) ? (p) : -1)
      |         ^~~~~~~~~~~~~~~~~~~~~
/home/runner/.arduino15/packages/m5stack/hardware/esp32/3.2.5/cores/esp32/Arduino.h:148:9: warning: "digitalPinHasPWM" redefined
  148 | #define digitalPinHasPWM(p)        (((uint8_t)digitalPinToGPIONumber(p)) < NUM_DIGITAL_PINS)
      |         ^~~~~~~~~~~~~~~~
/home/runner/.arduino15/packages/m5stack/hardware/esp32/3.2.5/variants/m5stack_cardputer/pins_arduino.h:18:9: note: this is the location of the previous definition
   18 | #define digitalPinHasPWM(p)        (p < 46)
      |         ^~~~~~~~~~~~~~~~
In file included from /home/runner/.arduino15/packages/m5stack/hardware/esp32/3.2.5/libraries/NetworkClientSecure/src/NetworkClientSecure.h:23,
                 from /home/runner/.arduino15/packages/m5stack/hardware/esp32/3.2.5/libraries/NetworkClientSecure/src/NetworkClientSecure.cpp:21:
/home/runner/.arduino15/packages/m5stack/hardware/esp32/3.2.5/cores/esp32/Arduino.h:139:9: warning: "NUM_DIGITAL_PINS" redefined
  139 | #define NUM_DIGITAL_PINS SOC_GPIO_PIN_COUNT  // All GPIOs
      |         ^~~~~~~~~~~~~~~~
In file included from /home/runner/.arduino15/packages/m5stack/hardware/esp32/3.2.5/cores/esp32/Arduino.h:43:
/home/runner/.arduino15/packages/m5stack/hardware/esp32/3.2.5/variants/m5stack_cardputer/pins_arduino.h:13:9: note: this is the location of the previous definition
   13 | #define NUM_DIGITAL_PINS        46
      |         ^~~~~~~~~~~~~~~~
/home/runner/.arduino15/packages/m5stack/hardware/esp32/3.2.5/cores/esp32/Arduino.h:143:9: warning: "NUM_ANALOG_INPUTS" redefined
  143 | #define NUM_ANALOG_INPUTS (SOC_ADC_CHANNEL_NUM(0) + SOC_ADC_CHANNEL_NUM(1))  // Depends on the SoC (ESP32, ESP32S2, ESP32S3, ESP32C3)
      |         ^~~~~~~~~~~~~~~~~
/home/runner/.arduino15/packages/m5stack/hardware/esp32/3.2.5/variants/m5stack_cardputer/pins_arduino.h:14:9: note: this is the location of the previous definition
   14 | #define NUM_ANALOG_INPUTS       15
      |         ^~~~~~~~~~~~~~~~~
/home/runner/.arduino15/packages/m5stack/hardware/esp32/3.2.5/cores/esp32/Arduino.h:145:9: warning: "EXTERNAL_NUM_INTERRUPTS" redefined
  145 | #define EXTERNAL_NUM_INTERRUPTS    NUM_DIGITAL_PINS  // All GPIOs
      |         ^~~~~~~~~~~~~~~~~~~~~~~
/home/runner/.arduino15/packages/m5stack/hardware/esp32/3.2.5/variants/m5stack_cardputer/pins_arduino.h:12:9: note: this is the location of the previous definition
   12 | #define EXTERNAL_NUM_INTERRUPTS 23
      |         ^~~~~~~~~~~~~~~~~~~~~~~
/home/runner/.arduino15/packages/m5stack/hardware/esp32/3.2.5/cores/esp32/Arduino.h:146:9: warning: "analogInputToDigitalPin" redefined
  146 | #define analogInputToDigitalPin(p) (((p) < NUM_ANALOG_INPUTS) ? (analogChannelToDigitalPin(p)) : -1)
      |         ^~~~~~~~~~~~~~~~~~~~~~~
/home/runner/.arduino15/packages/m5stack/hardware/esp32/3.2.5/variants/m5stack_cardputer/pins_arduino.h:16:9: note: this is the location of the previous definition
   16 | #define analogInputToDigitalPin(p) (((p) < 20) ? (analogChannelToDigitalPin(p)) : -1)
      |         ^~~~~~~~~~~~~~~~~~~~~~~
/home/runner/.arduino15/packages/m5stack/hardware/esp32/3.2.5/cores/esp32/Arduino.h:147:9: warning: "digitalPinToInterrupt" redefined
  147 | #define digitalPinToInterrupt(p)   ((((uint8_t)digitalPinToGPIONumber(p)) < NUM_DIGITAL_PINS) ? (p) : NOT_AN_INTERRUPT)
      |         ^~~~~~~~~~~~~~~~~~~~~
/home/runner/.arduino15/packages/m5stack/hardware/esp32/3.2.5/variants/m5stack_cardputer/pins_arduino.h:17:9: note: this is the location of the previous definition
   17 | #define digitalPinToInterrupt(p)   (((p) < 48) ? (p) : -1)
      |         ^~~~~~~~~~~~~~~~~~~~~
/home/runner/.arduino15/packages/m5stack/hardware/esp32/3.2.5/cores/esp32/Arduino.h:148:9: warning: "digitalPinHasPWM" redefined
  148 | #define digitalPinHasPWM(p)        (((uint8_t)digitalPinToGPIONumber(p)) < NUM_DIGITAL_PINS)
      |         ^~~~~~~~~~~~~~~~
/home/runner/.arduino15/packages/m5stack/hardware/esp32/3.2.5/variants/m5stack_cardputer/pins_arduino.h:18:9: note: this is the location of the previous definition
   18 | #define digitalPinHasPWM(p)        (p < 46)
      |         ^~~~~~~~~~~~~~~~
In file included from /home/runner/.arduino15/packages/m5stack/hardware/esp32/3.2.5/libraries/HTTPClient/src/HTTPClient.cpp:29:
/home/runner/.arduino15/packages/m5stack/hardware/esp32/3.2.5/cores/esp32/Arduino.h:139:9: warning: "NUM_DIGITAL_PINS" redefined
  139 | #define NUM_DIGITAL_PINS SOC_GPIO_PIN_COUNT  // All GPIOs
      |         ^~~~~~~~~~~~~~~~
In file included from /home/runner/.arduino15/packages/m5stack/hardware/esp32/3.2.5/cores/esp32/esp32-hal-gpio.h:27,
                 from /home/runner/.arduino15/packages/m5stack/hardware/esp32/3.2.5/cores/esp32/esp32-hal.h:88,
                 from /home/runner/.arduino15/packages/m5stack/hardware/esp32/3.2.5/cores/esp32/HardwareSerial.h:51,
                 from /home/runner/.arduino15/packages/m5stack/hardware/esp32/3.2.5/libraries/HTTPClient/src/HTTPClient.cpp:1:
/home/runner/.arduino15/packages/m5stack/hardware/esp32/3.2.5/variants/m5stack_cardputer/pins_arduino.h:13:9: note: this is the location of the previous definition
   13 | #define NUM_DIGITAL_PINS        46
      |         ^~~~~~~~~~~~~~~~
/home/runner/.arduino15/packages/m5stack/hardware/esp32/3.2.5/cores/esp32/Arduino.h:143:9: warning: "NUM_ANALOG_INPUTS" redefined
  143 | #define NUM_ANALOG_INPUTS (SOC_ADC_CHANNEL_NUM(0) + SOC_ADC_CHANNEL_NUM(1))  // Depends on the SoC (ESP32, ESP32S2, ESP32S3, ESP32C3)
      |         ^~~~~~~~~~~~~~~~~
/home/runner/.arduino15/packages/m5stack/hardware/esp32/3.2.5/variants/m5stack_cardputer/pins_arduino.h:14:9: note: this is the location of the previous definition
   14 | #define NUM_ANALOG_INPUTS       15
      |         ^~~~~~~~~~~~~~~~~
/home/runner/.arduino15/packages/m5stack/hardware/esp32/3.2.5/cores/esp32/Arduino.h:145:9: warning: "EXTERNAL_NUM_INTERRUPTS" redefined
  145 | #define EXTERNAL_NUM_INTERRUPTS    NUM_DIGITAL_PINS  // All GPIOs
      |         ^~~~~~~~~~~~~~~~~~~~~~~
/home/runner/.arduino15/packages/m5stack/hardware/esp32/3.2.5/variants/m5stack_cardputer/pins_arduino.h:12:9: note: this is the location of the previous definition
   12 | #define EXTERNAL_NUM_INTERRUPTS 23
      |         ^~~~~~~~~~~~~~~~~~~~~~~
/home/runner/.arduino15/packages/m5stack/hardware/esp32/3.2.5/cores/esp32/Arduino.h:146:9: warning: "analogInputToDigitalPin" redefined
  146 | #define analogInputToDigitalPin(p) (((p) < NUM_ANALOG_INPUTS) ? (analogChannelToDigitalPin(p)) : -1)
      |         ^~~~~~~~~~~~~~~~~~~~~~~
/home/runner/.arduino15/packages/m5stack/hardware/esp32/3.2.5/variants/m5stack_cardputer/pins_arduino.h:16:9: note: this is the location of the previous definition
   16 | #define analogInputToDigitalPin(p) (((p) < 20) ? (analogChannelToDigitalPin(p)) : -1)
      |         ^~~~~~~~~~~~~~~~~~~~~~~
/home/runner/.arduino15/packages/m5stack/hardware/esp32/3.2.5/cores/esp32/Arduino.h:147:9: warning: "digitalPinToInterrupt" redefined
  147 | #define digitalPinToInterrupt(p)   ((((uint8_t)digitalPinToGPIONumber(p)) < NUM_DIGITAL_PINS) ? (p) : NOT_AN_INTERRUPT)
      |         ^~~~~~~~~~~~~~~~~~~~~
/home/runner/.arduino15/packages/m5stack/hardware/esp32/3.2.5/variants/m5stack_cardputer/pins_arduino.h:17:9: note: this is the location of the previous definition
   17 | #define digitalPinToInterrupt(p)   (((p) < 48) ? (p) : -1)
      |         ^~~~~~~~~~~~~~~~~~~~~
/home/runner/.arduino15/packages/m5stack/hardware/esp32/3.2.5/cores/esp32/Arduino.h:148:9: warning: "digitalPinHasPWM" redefined
  148 | #define digitalPinHasPWM(p)        (((uint8_t)digitalPinToGPIONumber(p)) < NUM_DIGITAL_PINS)
      |         ^~~~~~~~~~~~~~~~
/home/runner/.arduino15/packages/m5stack/hardware/esp32/3.2.5/variants/m5stack_cardputer/pins_arduino.h:18:9: note: this is the location of the previous definition
   18 | #define digitalPinHasPWM(p)        (p < 46)
      |         ^~~~~~~~~~~~~~~~
In file included from /home/runner/.arduino15/packages/m5stack/hardware/esp32/3.2.5/libraries/Preferences/src/Preferences.h:17,
                 from /home/runner/.arduino15/packages/m5stack/hardware/esp32/3.2.5/libraries/Preferences/src/Preferences.cpp:15:
/home/runner/.arduino15/packages/m5stack/hardware/esp32/3.2.5/cores/esp32/Arduino.h:139:9: warning: "NUM_DIGITAL_PINS" redefined
  139 | #define NUM_DIGITAL_PINS SOC_GPIO_PIN_COUNT  // All GPIOs
      |         ^~~~~~~~~~~~~~~~
In file included from /home/runner/.arduino15/packages/m5stack/hardware/esp32/3.2.5/cores/esp32/Arduino.h:43:
/home/runner/.arduino15/packages/m5stack/hardware/esp32/3.2.5/variants/m5stack_cardputer/pins_arduino.h:13:9: note: this is the location of the previous definition
   13 | #define NUM_DIGITAL_PINS        46
      |         ^~~~~~~~~~~~~~~~
/home/runner/.arduino15/packages/m5stack/hardware/esp32/3.2.5/cores/esp32/Arduino.h:143:9: warning: "NUM_ANALOG_INPUTS" redefined
  143 | #define NUM_ANALOG_INPUTS (SOC_ADC_CHANNEL_NUM(0) + SOC_ADC_CHANNEL_NUM(1))  // Depends on the SoC (ESP32, ESP32S2, ESP32S3, ESP32C3)
      |         ^~~~~~~~~~~~~~~~~
/home/runner/.arduino15/packages/m5stack/hardware/esp32/3.2.5/variants/m5stack_cardputer/pins_arduino.h:14:9: note: this is the location of the previous definition
   14 | #define NUM_ANALOG_INPUTS       15
      |         ^~~~~~~~~~~~~~~~~
/home/runner/.arduino15/packages/m5stack/hardware/esp32/3.2.5/cores/esp32/Arduino.h:145:9: warning: "EXTERNAL_NUM_INTERRUPTS" redefined
  145 | #define EXTERNAL_NUM_INTERRUPTS    NUM_DIGITAL_PINS  // All GPIOs
      |         ^~~~~~~~~~~~~~~~~~~~~~~
/home/runner/.arduino15/packages/m5stack/hardware/esp32/3.2.5/variants/m5stack_cardputer/pins_arduino.h:12:9: note: this is the location of the previous definition
   12 | #define EXTERNAL_NUM_INTERRUPTS 23
      |         ^~~~~~~~~~~~~~~~~~~~~~~
/home/runner/.arduino15/packages/m5stack/hardware/esp32/3.2.5/cores/esp32/Arduino.h:146:9: warning: "analogInputToDigitalPin" redefined
  146 | #define analogInputToDigitalPin(p) (((p) < NUM_ANALOG_INPUTS) ? (analogChannelToDigitalPin(p)) : -1)
      |         ^~~~~~~~~~~~~~~~~~~~~~~
/home/runner/.arduino15/packages/m5stack/hardware/esp32/3.2.5/variants/m5stack_cardputer/pins_arduino.h:16:9: note: this is the location of the previous definition
   16 | #define analogInputToDigitalPin(p) (((p) < 20) ? (analogChannelToDigitalPin(p)) : -1)
      |         ^~~~~~~~~~~~~~~~~~~~~~~
/home/runner/.arduino15/packages/m5stack/hardware/esp32/3.2.5/cores/esp32/Arduino.h:147:9: warning: "digitalPinToInterrupt" redefined
  147 | #define digitalPinToInterrupt(p)   ((((uint8_t)digitalPinToGPIONumber(p)) < NUM_DIGITAL_PINS) ? (p) : NOT_AN_INTERRUPT)
      |         ^~~~~~~~~~~~~~~~~~~~~
/home/runner/.arduino15/packages/m5stack/hardware/esp32/3.2.5/variants/m5stack_cardputer/pins_arduino.h:17:9: note: this is the location of the previous definition
   17 | #define digitalPinToInterrupt(p)   (((p) < 48) ? (p) : -1)
      |         ^~~~~~~~~~~~~~~~~~~~~
/home/runner/.arduino15/packages/m5stack/hardware/esp32/3.2.5/cores/esp32/Arduino.h:148:9: warning: "digitalPinHasPWM" redefined
  148 | #define digitalPinHasPWM(p)        (((uint8_t)digitalPinToGPIONumber(p)) < NUM_DIGITAL_PINS)
      |         ^~~~~~~~~~~~~~~~
/home/runner/.arduino15/packages/m5stack/hardware/esp32/3.2.5/variants/m5stack_cardputer/pins_arduino.h:18:9: note: this is the location of the previous definition
   18 | #define digitalPinHasPWM(p)        (p < 46)
      |         ^~~~~~~~~~~~~~~~
In file included from /home/runner/Arduino/libraries/M5UnitENV/src/DHT12.h:5,
                 from /home/runner/Arduino/libraries/M5UnitENV/src/DHT12.cpp:1:
/home/runner/.arduino15/packages/m5stack/hardware/esp32/3.2.5/cores/esp32/Arduino.h:139:9: warning: "NUM_DIGITAL_PINS" redefined
  139 | #define NUM_DIGITAL_PINS SOC_GPIO_PIN_COUNT  // All GPIOs
      |         ^~~~~~~~~~~~~~~~
In file included from /home/runner/.arduino15/packages/m5stack/hardware/esp32/3.2.5/cores/esp32/Arduino.h:43:
/home/runner/.arduino15/packages/m5stack/hardware/esp32/3.2.5/variants/m5stack_cardputer/pins_arduino.h:13:9: note: this is the location of the previous definition
   13 | #define NUM_DIGITAL_PINS        46
      |         ^~~~~~~~~~~~~~~~
/home/runner/.arduino15/packages/m5stack/hardware/esp32/3.2.5/cores/esp32/Arduino.h:143:9: warning: "NUM_ANALOG_INPUTS" redefined
  143 | #define NUM_ANALOG_INPUTS (SOC_ADC_CHANNEL_NUM(0) + SOC_ADC_CHANNEL_NUM(1))  // Depends on the SoC (ESP32, ESP32S2, ESP32S3, ESP32C3)
      |         ^~~~~~~~~~~~~~~~~
/home/runner/.arduino15/packages/m5stack/hardware/esp32/3.2.5/variants/m5stack_cardputer/pins_arduino.h:14:9: note: this is the location of the previous definition
   14 | #define NUM_ANALOG_INPUTS       15
      |         ^~~~~~~~~~~~~~~~~
/home/runner/.arduino15/packages/m5stack/hardware/esp32/3.2.5/cores/esp32/Arduino.h:145:9: warning: "EXTERNAL_NUM_INTERRUPTS" redefined
  145 | #define EXTERNAL_NUM_INTERRUPTS    NUM_DIGITAL_PINS  // All GPIOs
      |         ^~~~~~~~~~~~~~~~~~~~~~~
/home/runner/.arduino15/packages/m5stack/hardware/esp32/3.2.5/variants/m5stack_cardputer/pins_arduino.h:12:9: note: this is the location of the previous definition
   12 | #define EXTERNAL_NUM_INTERRUPTS 23
      |         ^~~~~~~~~~~~~~~~~~~~~~~
/home/runner/.arduino15/packages/m5stack/hardware/esp32/3.2.5/cores/esp32/Arduino.h:146:9: warning: "analogInputToDigitalPin" redefined
  146 | #define analogInputToDigitalPin(p) (((p) < NUM_ANALOG_INPUTS) ? (analogChannelToDigitalPin(p)) : -1)
      |         ^~~~~~~~~~~~~~~~~~~~~~~
/home/runner/.arduino15/packages/m5stack/hardware/esp32/3.2.5/variants/m5stack_cardputer/pins_arduino.h:16:9: note: this is the location of the previous definition
   16 | #define analogInputToDigitalPin(p) (((p) < 20) ? (analogChannelToDigitalPin(p)) : -1)
      |         ^~~~~~~~~~~~~~~~~~~~~~~
/home/runner/.arduino15/packages/m5stack/hardware/esp32/3.2.5/cores/esp32/Arduino.h:147:9: warning: "digitalPinToInterrupt" redefined
  147 | #define digitalPinToInterrupt(p)   ((((uint8_t)digitalPinToGPIONumber(p)) < NUM_DIGITAL_PINS) ? (p) : NOT_AN_INTERRUPT)
      |         ^~~~~~~~~~~~~~~~~~~~~
/home/runner/.arduino15/packages/m5stack/hardware/esp32/3.2.5/variants/m5stack_cardputer/pins_arduino.h:17:9: note: this is the location of the previous definition
   17 | #define digitalPinToInterrupt(p)   (((p) < 48) ? (p) : -1)
      |         ^~~~~~~~~~~~~~~~~~~~~
/home/runner/.arduino15/packages/m5stack/hardware/esp32/3.2.5/cores/esp32/Arduino.h:148:9: warning: "digitalPinHasPWM" redefined
  148 | #define digitalPinHasPWM(p)        (((uint8_t)digitalPinToGPIONumber(p)) < NUM_DIGITAL_PINS)
      |         ^~~~~~~~~~~~~~~~
/home/runner/.arduino15/packages/m5stack/hardware/esp32/3.2.5/variants/m5stack_cardputer/pins_arduino.h:18:9: note: this is the location of the previous definition
   18 | #define digitalPinHasPWM(p)        (p < 46)
      |         ^~~~~~~~~~~~~~~~
In file included from /home/runner/Arduino/libraries/M5UnitENV/src/I2C_Class.h:4,
                 from /home/runner/Arduino/libraries/M5UnitENV/src/I2C_Class.cpp:1:
/home/runner/.arduino15/packages/m5stack/hardware/esp32/3.2.5/cores/esp32/Arduino.h:139:9: warning: "NUM_DIGITAL_PINS" redefined
  139 | #define NUM_DIGITAL_PINS SOC_GPIO_PIN_COUNT  // All GPIOs
      |         ^~~~~~~~~~~~~~~~
In file included from /home/runner/.arduino15/packages/m5stack/hardware/esp32/3.2.5/cores/esp32/Arduino.h:43:
/home/runner/.arduino15/packages/m5stack/hardware/esp32/3.2.5/variants/m5stack_cardputer/pins_arduino.h:13:9: note: this is the location of the previous definition
   13 | #define NUM_DIGITAL_PINS        46
      |         ^~~~~~~~~~~~~~~~
/home/runner/.arduino15/packages/m5stack/hardware/esp32/3.2.5/cores/esp32/Arduino.h:143:9: warning: "NUM_ANALOG_INPUTS" redefined
  143 | #define NUM_ANALOG_INPUTS (SOC_ADC_CHANNEL_NUM(0) + SOC_ADC_CHANNEL_NUM(1))  // Depends on the SoC (ESP32, ESP32S2, ESP32S3, ESP32C3)
      |         ^~~~~~~~~~~~~~~~~
/home/runner/.arduino15/packages/m5stack/hardware/esp32/3.2.5/variants/m5stack_cardputer/pins_arduino.h:14:9: note: this is the location of the previous definition
   14 | #define NUM_ANALOG_INPUTS       15
      |         ^~~~~~~~~~~~~~~~~
/home/runner/.arduino15/packages/m5stack/hardware/esp32/3.2.5/cores/esp32/Arduino.h:145:9: warning: "EXTERNAL_NUM_INTERRUPTS" redefined
  145 | #define EXTERNAL_NUM_INTERRUPTS    NUM_DIGITAL_PINS  // All GPIOs
      |         ^~~~~~~~~~~~~~~~~~~~~~~
/home/runner/.arduino15/packages/m5stack/hardware/esp32/3.2.5/variants/m5stack_cardputer/pins_arduino.h:12:9: note: this is the location of the previous definition
   12 | #define EXTERNAL_NUM_INTERRUPTS 23
      |         ^~~~~~~~~~~~~~~~~~~~~~~
/home/runner/.arduino15/packages/m5stack/hardware/esp32/3.2.5/cores/esp32/Arduino.h:146:9: warning: "analogInputToDigitalPin" redefined
  146 | #define analogInputToDigitalPin(p) (((p) < NUM_ANALOG_INPUTS) ? (analogChannelToDigitalPin(p)) : -1)
      |         ^~~~~~~~~~~~~~~~~~~~~~~
/home/runner/.arduino15/packages/m5stack/hardware/esp32/3.2.5/variants/m5stack_cardputer/pins_arduino.h:16:9: note: this is the location of the previous definition
   16 | #define analogInputToDigitalPin(p) (((p) < 20) ? (analogChannelToDigitalPin(p)) : -1)
      |         ^~~~~~~~~~~~~~~~~~~~~~~
/home/runner/.arduino15/packages/m5stack/hardware/esp32/3.2.5/cores/esp32/Arduino.h:147:9: warning: "digitalPinToInterrupt" redefined
  147 | #define digitalPinToInterrupt(p)   ((((uint8_t)digitalPinToGPIONumber(p)) < NUM_DIGITAL_PINS) ? (p) : NOT_AN_INTERRUPT)
      |         ^~~~~~~~~~~~~~~~~~~~~
/home/runner/.arduino15/packages/m5stack/hardware/esp32/3.2.5/variants/m5stack_cardputer/pins_arduino.h:17:9: note: this is the location of the previous definition
   17 | #define digitalPinToInterrupt(p)   (((p) < 48) ? (p) : -1)
      |         ^~~~~~~~~~~~~~~~~~~~~
/home/runner/.arduino15/packages/m5stack/hardware/esp32/3.2.5/cores/esp32/Arduino.h:148:9: warning: "digitalPinHasPWM" redefined
  148 | #define digitalPinHasPWM(p)        (((uint8_t)digitalPinToGPIONumber(p)) < NUM_DIGITAL_PINS)
      |         ^~~~~~~~~~~~~~~~
/home/runner/.arduino15/packages/m5stack/hardware/esp32/3.2.5/variants/m5stack_cardputer/pins_arduino.h:18:9: note: this is the location of the previous definition
   18 | #define digitalPinHasPWM(p)        (p < 46)
      |         ^~~~~~~~~~~~~~~~
In file included from /home/runner/Arduino/libraries/M5UnitENV/src/BMP280.h:5,
                 from /home/runner/Arduino/libraries/M5UnitENV/src/BMP280.cpp:1:
/home/runner/.arduino15/packages/m5stack/hardware/esp32/3.2.5/cores/esp32/Arduino.h:139:9: warning: "NUM_DIGITAL_PINS" redefined
  139 | #define NUM_DIGITAL_PINS SOC_GPIO_PIN_COUNT  // All GPIOs
      |         ^~~~~~~~~~~~~~~~
In file included from /home/runner/.arduino15/packages/m5stack/hardware/esp32/3.2.5/cores/esp32/Arduino.h:43:
/home/runner/.arduino15/packages/m5stack/hardware/esp32/3.2.5/variants/m5stack_cardputer/pins_arduino.h:13:9: note: this is the location of the previous definition
   13 | #define NUM_DIGITAL_PINS        46
      |         ^~~~~~~~~~~~~~~~
/home/runner/.arduino15/packages/m5stack/hardware/esp32/3.2.5/cores/esp32/Arduino.h:143:9: warning: "NUM_ANALOG_INPUTS" redefined
  143 | #define NUM_ANALOG_INPUTS (SOC_ADC_CHANNEL_NUM(0) + SOC_ADC_CHANNEL_NUM(1))  // Depends on the SoC (ESP32, ESP32S2, ESP32S3, ESP32C3)
      |         ^~~~~~~~~~~~~~~~~
/home/runner/.arduino15/packages/m5stack/hardware/esp32/3.2.5/variants/m5stack_cardputer/pins_arduino.h:14:9: note: this is the location of the previous definition
   14 | #define NUM_ANALOG_INPUTS       15
      |         ^~~~~~~~~~~~~~~~~
/home/runner/.arduino15/packages/m5stack/hardware/esp32/3.2.5/cores/esp32/Arduino.h:145:9: warning: "EXTERNAL_NUM_INTERRUPTS" redefined
  145 | #define EXTERNAL_NUM_INTERRUPTS    NUM_DIGITAL_PINS  // All GPIOs
      |         ^~~~~~~~~~~~~~~~~~~~~~~
/home/runner/.arduino15/packages/m5stack/hardware/esp32/3.2.5/variants/m5stack_cardputer/pins_arduino.h:12:9: note: this is the location of the previous definition
   12 | #define EXTERNAL_NUM_INTERRUPTS 23
      |         ^~~~~~~~~~~~~~~~~~~~~~~
/home/runner/.arduino15/packages/m5stack/hardware/esp32/3.2.5/cores/esp32/Arduino.h:146:9: warning: "analogInputToDigitalPin" redefined
  146 | #define analogInputToDigitalPin(p) (((p) < NUM_ANALOG_INPUTS) ? (analogChannelToDigitalPin(p)) : -1)
      |         ^~~~~~~~~~~~~~~~~~~~~~~
/home/runner/.arduino15/packages/m5stack/hardware/esp32/3.2.5/variants/m5stack_cardputer/pins_arduino.h:16:9: note: this is the location of the previous definition
   16 | #define analogInputToDigitalPin(p) (((p) < 20) ? (analogChannelToDigitalPin(p)) : -1)
      |         ^~~~~~~~~~~~~~~~~~~~~~~
/home/runner/.arduino15/packages/m5stack/hardware/esp32/3.2.5/cores/esp32/Arduino.h:147:9: warning: "digitalPinToInterrupt" redefined
  147 | #define digitalPinToInterrupt(p)   ((((uint8_t)digitalPinToGPIONumber(p)) < NUM_DIGITAL_PINS) ? (p) : NOT_AN_INTERRUPT)
      |         ^~~~~~~~~~~~~~~~~~~~~
/home/runner/.arduino15/packages/m5stack/hardware/esp32/3.2.5/variants/m5stack_cardputer/pins_arduino.h:17:9: note: this is the location of the previous definition
   17 | #define digitalPinToInterrupt(p)   (((p) < 48) ? (p) : -1)
      |         ^~~~~~~~~~~~~~~~~~~~~
/home/runner/.arduino15/packages/m5stack/hardware/esp32/3.2.5/cores/esp32/Arduino.h:148:9: warning: "digitalPinHasPWM" redefined
  148 | #define digitalPinHasPWM(p)        (((uint8_t)digitalPinToGPIONumber(p)) < NUM_DIGITAL_PINS)
      |         ^~~~~~~~~~~~~~~~
/home/runner/.arduino15/packages/m5stack/hardware/esp32/3.2.5/variants/m5stack_cardputer/pins_arduino.h:18:9: note: this is the location of the previous definition
   18 | #define digitalPinHasPWM(p)        (p < 46)
      |         ^~~~~~~~~~~~~~~~
In file included from /home/runner/Arduino/libraries/M5UnitENV/src/QMP6988.h:4,
                 from /home/runner/Arduino/libraries/M5UnitENV/src/QMP6988.cpp:4:
/home/runner/.arduino15/packages/m5stack/hardware/esp32/3.2.5/cores/esp32/Arduino.h:139:9: warning: "NUM_DIGITAL_PINS" redefined
  139 | #define NUM_DIGITAL_PINS SOC_GPIO_PIN_COUNT  // All GPIOs
      |         ^~~~~~~~~~~~~~~~
In file included from /home/runner/.arduino15/packages/m5stack/hardware/esp32/3.2.5/cores/esp32/Arduino.h:43:
/home/runner/.arduino15/packages/m5stack/hardware/esp32/3.2.5/variants/m5stack_cardputer/pins_arduino.h:13:9: note: this is the location of the previous definition
   13 | #define NUM_DIGITAL_PINS        46
      |         ^~~~~~~~~~~~~~~~
/home/runner/.arduino15/packages/m5stack/hardware/esp32/3.2.5/cores/esp32/Arduino.h:143:9: warning: "NUM_ANALOG_INPUTS" redefined
  143 | #define NUM_ANALOG_INPUTS (SOC_ADC_CHANNEL_NUM(0) + SOC_ADC_CHANNEL_NUM(1))  // Depends on the SoC (ESP32, ESP32S2, ESP32S3, ESP32C3)
      |         ^~~~~~~~~~~~~~~~~
/home/runner/.arduino15/packages/m5stack/hardware/esp32/3.2.5/variants/m5stack_cardputer/pins_arduino.h:14:9: note: this is the location of the previous definition
   14 | #define NUM_ANALOG_INPUTS       15
      |         ^~~~~~~~~~~~~~~~~
/home/runner/.arduino15/packages/m5stack/hardware/esp32/3.2.5/cores/esp32/Arduino.h:145:9: warning: "EXTERNAL_NUM_INTERRUPTS" redefined
  145 | #define EXTERNAL_NUM_INTERRUPTS    NUM_DIGITAL_PINS  // All GPIOs
      |         ^~~~~~~~~~~~~~~~~~~~~~~
/home/runner/.arduino15/packages/m5stack/hardware/esp32/3.2.5/variants/m5stack_cardputer/pins_arduino.h:12:9: note: this is the location of the previous definition
   12 | #define EXTERNAL_NUM_INTERRUPTS 23
      |         ^~~~~~~~~~~~~~~~~~~~~~~
/home/runner/.arduino15/packages/m5stack/hardware/esp32/3.2.5/cores/esp32/Arduino.h:146:9: warning: "analogInputToDigitalPin" redefined
  146 | #define analogInputToDigitalPin(p) (((p) < NUM_ANALOG_INPUTS) ? (analogChannelToDigitalPin(p)) : -1)
      |         ^~~~~~~~~~~~~~~~~~~~~~~
/home/runner/.arduino15/packages/m5stack/hardware/esp32/3.2.5/variants/m5stack_cardputer/pins_arduino.h:16:9: note: this is the location of the previous definition
   16 | #define analogInputToDigitalPin(p) (((p) < 20) ? (analogChannelToDigitalPin(p)) : -1)
      |         ^~~~~~~~~~~~~~~~~~~~~~~
/home/runner/.arduino15/packages/m5stack/hardware/esp32/3.2.5/cores/esp32/Arduino.h:147:9: warning: "digitalPinToInterrupt" redefined
  147 | #define digitalPinToInterrupt(p)   ((((uint8_t)digitalPinToGPIONumber(p)) < NUM_DIGITAL_PINS) ? (p) : NOT_AN_INTERRUPT)
      |         ^~~~~~~~~~~~~~~~~~~~~
/home/runner/.arduino15/packages/m5stack/hardware/esp32/3.2.5/variants/m5stack_cardputer/pins_arduino.h:17:9: note: this is the location of the previous definition
   17 | #define digitalPinToInterrupt(p)   (((p) < 48) ? (p) : -1)
      |         ^~~~~~~~~~~~~~~~~~~~~
/home/runner/.arduino15/packages/m5stack/hardware/esp32/3.2.5/cores/esp32/Arduino.h:148:9: warning: "digitalPinHasPWM" redefined
  148 | #define digitalPinHasPWM(p)        (((uint8_t)digitalPinToGPIONumber(p)) < NUM_DIGITAL_PINS)
      |         ^~~~~~~~~~~~~~~~
/home/runner/.arduino15/packages/m5stack/hardware/esp32/3.2.5/variants/m5stack_cardputer/pins_arduino.h:18:9: note: this is the location of the previous definition
   18 | #define digitalPinHasPWM(p)        (p < 46)
      |         ^~~~~~~~~~~~~~~~
In file included from /home/runner/Arduino/libraries/M5UnitENV/src/SHT3X.h:4,
                 from /home/runner/Arduino/libraries/M5UnitENV/src/SHT3X.cpp:1:
/home/runner/.arduino15/packages/m5stack/hardware/esp32/3.2.5/cores/esp32/Arduino.h:139:9: warning: "NUM_DIGITAL_PINS" redefined
  139 | #define NUM_DIGITAL_PINS SOC_GPIO_PIN_COUNT  // All GPIOs
      |         ^~~~~~~~~~~~~~~~
In file included from /home/runner/.arduino15/packages/m5stack/hardware/esp32/3.2.5/cores/esp32/Arduino.h:43:
/home/runner/.arduino15/packages/m5stack/hardware/esp32/3.2.5/variants/m5stack_cardputer/pins_arduino.h:13:9: note: this is the location of the previous definition
   13 | #define NUM_DIGITAL_PINS        46
      |         ^~~~~~~~~~~~~~~~
/home/runner/.arduino15/packages/m5stack/hardware/esp32/3.2.5/cores/esp32/Arduino.h:143:9: warning: "NUM_ANALOG_INPUTS" redefined
  143 | #define NUM_ANALOG_INPUTS (SOC_ADC_CHANNEL_NUM(0) + SOC_ADC_CHANNEL_NUM(1))  // Depends on the SoC (ESP32, ESP32S2, ESP32S3, ESP32C3)
      |         ^~~~~~~~~~~~~~~~~
/home/runner/.arduino15/packages/m5stack/hardware/esp32/3.2.5/variants/m5stack_cardputer/pins_arduino.h:14:9: note: this is the location of the previous definition
   14 | #define NUM_ANALOG_INPUTS       15
      |         ^~~~~~~~~~~~~~~~~
/home/runner/.arduino15/packages/m5stack/hardware/esp32/3.2.5/cores/esp32/Arduino.h:145:9: warning: "EXTERNAL_NUM_INTERRUPTS" redefined
  145 | #define EXTERNAL_NUM_INTERRUPTS    NUM_DIGITAL_PINS  // All GPIOs
      |         ^~~~~~~~~~~~~~~~~~~~~~~
/home/runner/.arduino15/packages/m5stack/hardware/esp32/3.2.5/variants/m5stack_cardputer/pins_arduino.h:12:9: note: this is the location of the previous definition
   12 | #define EXTERNAL_NUM_INTERRUPTS 23
      |         ^~~~~~~~~~~~~~~~~~~~~~~
/home/runner/.arduino15/packages/m5stack/hardware/esp32/3.2.5/cores/esp32/Arduino.h:146:9: warning: "analogInputToDigitalPin" redefined
  146 | #define analogInputToDigitalPin(p) (((p) < NUM_ANALOG_INPUTS) ? (analogChannelToDigitalPin(p)) : -1)
      |         ^~~~~~~~~~~~~~~~~~~~~~~
/home/runner/.arduino15/packages/m5stack/hardware/esp32/3.2.5/variants/m5stack_cardputer/pins_arduino.h:16:9: note: this is the location of the previous definition
   16 | #define analogInputToDigitalPin(p) (((p) < 20) ? (analogChannelToDigitalPin(p)) : -1)
      |         ^~~~~~~~~~~~~~~~~~~~~~~
/home/runner/.arduino15/packages/m5stack/hardware/esp32/3.2.5/cores/esp32/Arduino.h:147:9: warning: "digitalPinToInterrupt" redefined
  147 | #define digitalPinToInterrupt(p)   ((((uint8_t)digitalPinToGPIONumber(p)) < NUM_DIGITAL_PINS) ? (p) : NOT_AN_INTERRUPT)
      |         ^~~~~~~~~~~~~~~~~~~~~
/home/runner/.arduino15/packages/m5stack/hardware/esp32/3.2.5/variants/m5stack_cardputer/pins_arduino.h:17:9: note: this is the location of the previous definition
   17 | #define digitalPinToInterrupt(p)   (((p) < 48) ? (p) : -1)
      |         ^~~~~~~~~~~~~~~~~~~~~
/home/runner/.arduino15/packages/m5stack/hardware/esp32/3.2.5/cores/esp32/Arduino.h:148:9: warning: "digitalPinHasPWM" redefined
  148 | #define digitalPinHasPWM(p)        (((uint8_t)digitalPinToGPIONumber(p)) < NUM_DIGITAL_PINS)
      |         ^~~~~~~~~~~~~~~~
/home/runner/.arduino15/packages/m5stack/hardware/esp32/3.2.5/variants/m5stack_cardputer/pins_arduino.h:18:9: note: this is the location of the previous definition
   18 | #define digitalPinHasPWM(p)        (p < 46)
      |         ^~~~~~~~~~~~~~~~
In file included from /home/runner/Arduino/libraries/M5UnitENV/src/SHT4X.h:4,
                 from /home/runner/Arduino/libraries/M5UnitENV/src/SHT4X.cpp:1:
/home/runner/.arduino15/packages/m5stack/hardware/esp32/3.2.5/cores/esp32/Arduino.h:139:9: warning: "NUM_DIGITAL_PINS" redefined
  139 | #define NUM_DIGITAL_PINS SOC_GPIO_PIN_COUNT  // All GPIOs
      |         ^~~~~~~~~~~~~~~~
In file included from /home/runner/.arduino15/packages/m5stack/hardware/esp32/3.2.5/cores/esp32/Arduino.h:43:
/home/runner/.arduino15/packages/m5stack/hardware/esp32/3.2.5/variants/m5stack_cardputer/pins_arduino.h:13:9: note: this is the location of the previous definition
   13 | #define NUM_DIGITAL_PINS        46
      |         ^~~~~~~~~~~~~~~~
/home/runner/.arduino15/packages/m5stack/hardware/esp32/3.2.5/cores/esp32/Arduino.h:143:9: warning: "NUM_ANALOG_INPUTS" redefined
  143 | #define NUM_ANALOG_INPUTS (SOC_ADC_CHANNEL_NUM(0) + SOC_ADC_CHANNEL_NUM(1))  // Depends on the SoC (ESP32, ESP32S2, ESP32S3, ESP32C3)
      |         ^~~~~~~~~~~~~~~~~
/home/runner/.arduino15/packages/m5stack/hardware/esp32/3.2.5/variants/m5stack_cardputer/pins_arduino.h:14:9: note: this is the location of the previous definition
   14 | #define NUM_ANALOG_INPUTS       15
      |         ^~~~~~~~~~~~~~~~~
/home/runner/.arduino15/packages/m5stack/hardware/esp32/3.2.5/cores/esp32/Arduino.h:145:9: warning: "EXTERNAL_NUM_INTERRUPTS" redefined
  145 | #define EXTERNAL_NUM_INTERRUPTS    NUM_DIGITAL_PINS  // All GPIOs
      |         ^~~~~~~~~~~~~~~~~~~~~~~
/home/runner/.arduino15/packages/m5stack/hardware/esp32/3.2.5/variants/m5stack_cardputer/pins_arduino.h:12:9: note: this is the location of the previous definition
   12 | #define EXTERNAL_NUM_INTERRUPTS 23
      |         ^~~~~~~~~~~~~~~~~~~~~~~
/home/runner/.arduino15/packages/m5stack/hardware/esp32/3.2.5/cores/esp32/Arduino.h:146:9: warning: "analogInputToDigitalPin" redefined
  146 | #define analogInputToDigitalPin(p) (((p) < NUM_ANALOG_INPUTS) ? (analogChannelToDigitalPin(p)) : -1)
      |         ^~~~~~~~~~~~~~~~~~~~~~~
/home/runner/.arduino15/packages/m5stack/hardware/esp32/3.2.5/variants/m5stack_cardputer/pins_arduino.h:16:9: note: this is the location of the previous definition
   16 | #define analogInputToDigitalPin(p) (((p) < 20) ? (analogChannelToDigitalPin(p)) : -1)
      |         ^~~~~~~~~~~~~~~~~~~~~~~
/home/runner/.arduino15/packages/m5stack/hardware/esp32/3.2.5/cores/esp32/Arduino.h:147:9: warning: "digitalPinToInterrupt" redefined
  147 | #define digitalPinToInterrupt(p)   ((((uint8_t)digitalPinToGPIONumber(p)) < NUM_DIGITAL_PINS) ? (p) : NOT_AN_INTERRUPT)
      |         ^~~~~~~~~~~~~~~~~~~~~
/home/runner/.arduino15/packages/m5stack/hardware/esp32/3.2.5/variants/m5stack_cardputer/pins_arduino.h:17:9: note: this is the location of the previous definition
   17 | #define digitalPinToInterrupt(p)   (((p) < 48) ? (p) : -1)
      |         ^~~~~~~~~~~~~~~~~~~~~
/home/runner/.arduino15/packages/m5stack/hardware/esp32/3.2.5/cores/esp32/Arduino.h:148:9: warning: "digitalPinHasPWM" redefined
  148 | #define digitalPinHasPWM(p)        (((uint8_t)digitalPinToGPIONumber(p)) < NUM_DIGITAL_PINS)
      |         ^~~~~~~~~~~~~~~~
/home/runner/.arduino15/packages/m5stack/hardware/esp32/3.2.5/variants/m5stack_cardputer/pins_arduino.h:18:9: note: this is the location of the previous definition
   18 | #define digitalPinHasPWM(p)        (p < 46)
      |         ^~~~~~~~~~~~~~~~
In file included from /home/runner/Arduino/libraries/M5UnitENV/src/SCD4X.h:39,
                 from /home/runner/Arduino/libraries/M5UnitENV/src/SCD4X.cpp:24:
/home/runner/.arduino15/packages/m5stack/hardware/esp32/3.2.5/cores/esp32/Arduino.h:139:9: warning: "NUM_DIGITAL_PINS" redefined
  139 | #define NUM_DIGITAL_PINS SOC_GPIO_PIN_COUNT  // All GPIOs
      |         ^~~~~~~~~~~~~~~~
In file included from /home/runner/.arduino15/packages/m5stack/hardware/esp32/3.2.5/cores/esp32/Arduino.h:43:
/home/runner/.arduino15/packages/m5stack/hardware/esp32/3.2.5/variants/m5stack_cardputer/pins_arduino.h:13:9: note: this is the location of the previous definition
   13 | #define NUM_DIGITAL_PINS        46
      |         ^~~~~~~~~~~~~~~~
/home/runner/.arduino15/packages/m5stack/hardware/esp32/3.2.5/cores/esp32/Arduino.h:143:9: warning: "NUM_ANALOG_INPUTS" redefined
  143 | #define NUM_ANALOG_INPUTS (SOC_ADC_CHANNEL_NUM(0) + SOC_ADC_CHANNEL_NUM(1))  // Depends on the SoC (ESP32, ESP32S2, ESP32S3, ESP32C3)
      |         ^~~~~~~~~~~~~~~~~
/home/runner/.arduino15/packages/m5stack/hardware/esp32/3.2.5/variants/m5stack_cardputer/pins_arduino.h:14:9: note: this is the location of the previous definition
   14 | #define NUM_ANALOG_INPUTS       15
      |         ^~~~~~~~~~~~~~~~~
/home/runner/.arduino15/packages/m5stack/hardware/esp32/3.2.5/cores/esp32/Arduino.h:145:9: warning: "EXTERNAL_NUM_INTERRUPTS" redefined
  145 | #define EXTERNAL_NUM_INTERRUPTS    NUM_DIGITAL_PINS  // All GPIOs
      |         ^~~~~~~~~~~~~~~~~~~~~~~
/home/runner/.arduino15/packages/m5stack/hardware/esp32/3.2.5/variants/m5stack_cardputer/pins_arduino.h:12:9: note: this is the location of the previous definition
   12 | #define EXTERNAL_NUM_INTERRUPTS 23
      |         ^~~~~~~~~~~~~~~~~~~~~~~
/home/runner/.arduino15/packages/m5stack/hardware/esp32/3.2.5/cores/esp32/Arduino.h:146:9: warning: "analogInputToDigitalPin" redefined
  146 | #define analogInputToDigitalPin(p) (((p) < NUM_ANALOG_INPUTS) ? (analogChannelToDigitalPin(p)) : -1)
      |         ^~~~~~~~~~~~~~~~~~~~~~~
/home/runner/.arduino15/packages/m5stack/hardware/esp32/3.2.5/variants/m5stack_cardputer/pins_arduino.h:16:9: note: this is the location of the previous definition
   16 | #define analogInputToDigitalPin(p) (((p) < 20) ? (analogChannelToDigitalPin(p)) : -1)
      |         ^~~~~~~~~~~~~~~~~~~~~~~
/home/runner/.arduino15/packages/m5stack/hardware/esp32/3.2.5/cores/esp32/Arduino.h:147:9: warning: "digitalPinToInterrupt" redefined
  147 | #define digitalPinToInterrupt(p)   ((((uint8_t)digitalPinToGPIONumber(p)) < NUM_DIGITAL_PINS) ? (p) : NOT_AN_INTERRUPT)
      |         ^~~~~~~~~~~~~~~~~~~~~
/home/runner/.arduino15/packages/m5stack/hardware/esp32/3.2.5/variants/m5stack_cardputer/pins_arduino.h:17:9: note: this is the location of the previous definition
   17 | #define digitalPinToInterrupt(p)   (((p) < 48) ? (p) : -1)
      |         ^~~~~~~~~~~~~~~~~~~~~
/home/runner/.arduino15/packages/m5stack/hardware/esp32/3.2.5/cores/esp32/Arduino.h:148:9: warning: "digitalPinHasPWM" redefined
  148 | #define digitalPinHasPWM(p)        (((uint8_t)digitalPinToGPIONumber(p)) < NUM_DIGITAL_PINS)
      |         ^~~~~~~~~~~~~~~~
/home/runner/.arduino15/packages/m5stack/hardware/esp32/3.2.5/variants/m5stack_cardputer/pins_arduino.h:18:9: note: this is the location of the previous definition
   18 | #define digitalPinHasPWM(p)        (p < 46)
      |         ^~~~~~~~~~~~~~~~
In file included from /home/runner/Arduino/libraries/M5HAL/src/./m5_hal/frameworks/arduino/header.hpp:7,
                 from /home/runner/Arduino/libraries/M5HAL/src/M5HAL.hpp:29,
                 from /home/runner/Arduino/libraries/M5UnitUnified/src/m5_unit_component/adapter_base.hpp:16,
                 from /home/runner/Arduino/libraries/M5UnitUnified/src/m5_unit_component/adapter.hpp:14,
                 from /home/runner/Arduino/libraries/M5UnitUnified/src/M5UnitComponent.hpp:14,
                 from /home/runner/Arduino/libraries/M5UnitENV/src/unit/unit_BME688.hpp:13,
                 from /home/runner/Arduino/libraries/M5UnitENV/src/unit/unit_BME688.cpp:10:
/home/runner/.arduino15/packages/m5stack/hardware/esp32/3.2.5/cores/esp32/Arduino.h:139:9: warning: "NUM_DIGITAL_PINS" redefined
  139 | #define NUM_DIGITAL_PINS SOC_GPIO_PIN_COUNT  // All GPIOs
      |         ^~~~~~~~~~~~~~~~
In file included from /home/runner/.arduino15/packages/m5stack/hardware/esp32/3.2.5/cores/esp32/Arduino.h:43:
/home/runner/.arduino15/packages/m5stack/hardware/esp32/3.2.5/variants/m5stack_cardputer/pins_arduino.h:13:9: note: this is the location of the previous definition
   13 | #define NUM_DIGITAL_PINS        46
      |         ^~~~~~~~~~~~~~~~
/home/runner/.arduino15/packages/m5stack/hardware/esp32/3.2.5/cores/esp32/Arduino.h:143:9: warning: "NUM_ANALOG_INPUTS" redefined
  143 | #define NUM_ANALOG_INPUTS (SOC_ADC_CHANNEL_NUM(0) + SOC_ADC_CHANNEL_NUM(1))  // Depends on the SoC (ESP32, ESP32S2, ESP32S3, ESP32C3)
      |         ^~~~~~~~~~~~~~~~~
/home/runner/.arduino15/packages/m5stack/hardware/esp32/3.2.5/variants/m5stack_cardputer/pins_arduino.h:14:9: note: this is the location of the previous definition
   14 | #define NUM_ANALOG_INPUTS       15
      |         ^~~~~~~~~~~~~~~~~
/home/runner/.arduino15/packages/m5stack/hardware/esp32/3.2.5/cores/esp32/Arduino.h:145:9: warning: "EXTERNAL_NUM_INTERRUPTS" redefined
  145 | #define EXTERNAL_NUM_INTERRUPTS    NUM_DIGITAL_PINS  // All GPIOs
      |         ^~~~~~~~~~~~~~~~~~~~~~~
/home/runner/.arduino15/packages/m5stack/hardware/esp32/3.2.5/variants/m5stack_cardputer/pins_arduino.h:12:9: note: this is the location of the previous definition
   12 | #define EXTERNAL_NUM_INTERRUPTS 23
      |         ^~~~~~~~~~~~~~~~~~~~~~~
/home/runner/.arduino15/packages/m5stack/hardware/esp32/3.2.5/cores/esp32/Arduino.h:146:9: warning: "analogInputToDigitalPin" redefined
  146 | #define analogInputToDigitalPin(p) (((p) < NUM_ANALOG_INPUTS) ? (analogChannelToDigitalPin(p)) : -1)
      |         ^~~~~~~~~~~~~~~~~~~~~~~
/home/runner/.arduino15/packages/m5stack/hardware/esp32/3.2.5/variants/m5stack_cardputer/pins_arduino.h:16:9: note: this is the location of the previous definition
   16 | #define analogInputToDigitalPin(p) (((p) < 20) ? (analogChannelToDigitalPin(p)) : -1)
      |         ^~~~~~~~~~~~~~~~~~~~~~~
/home/runner/.arduino15/packages/m5stack/hardware/esp32/3.2.5/cores/esp32/Arduino.h:147:9: warning: "digitalPinToInterrupt" redefined
  147 | #define digitalPinToInterrupt(p)   ((((uint8_t)digitalPinToGPIONumber(p)) < NUM_DIGITAL_PINS) ? (p) : NOT_AN_INTERRUPT)
      |         ^~~~~~~~~~~~~~~~~~~~~
/home/runner/.arduino15/packages/m5stack/hardware/esp32/3.2.5/variants/m5stack_cardputer/pins_arduino.h:17:9: note: this is the location of the previous definition
   17 | #define digitalPinToInterrupt(p)   (((p) < 48) ? (p) : -1)
      |         ^~~~~~~~~~~~~~~~~~~~~
/home/runner/.arduino15/packages/m5stack/hardware/esp32/3.2.5/cores/esp32/Arduino.h:148:9: warning: "digitalPinHasPWM" redefined
  148 | #define digitalPinHasPWM(p)        (((uint8_t)digitalPinToGPIONumber(p)) < NUM_DIGITAL_PINS)
      |         ^~~~~~~~~~~~~~~~
/home/runner/.arduino15/packages/m5stack/hardware/esp32/3.2.5/variants/m5stack_cardputer/pins_arduino.h:18:9: note: this is the location of the previous definition
   18 | #define digitalPinHasPWM(p)        (p < 46)
      |         ^~~~~~~~~~~~~~~~
/home/runner/Arduino/libraries/M5UnitENV/src/unit/unit_BME688.cpp:16:17: note: '#pragma message: Not using bsec2'
   16 | #pragma message "Not using bsec2"
      |                 ^~~~~~~~~~~~~~~~~
In file included from /home/runner/Arduino/libraries/M5HAL/src/./m5_hal/frameworks/arduino/header.hpp:7,
                 from /home/runner/Arduino/libraries/M5HAL/src/M5HAL.hpp:29,
                 from /home/runner/Arduino/libraries/M5UnitUnified/src/m5_unit_component/adapter_base.hpp:16,
                 from /home/runner/Arduino/libraries/M5UnitUnified/src/m5_unit_component/adapter.hpp:14,
                 from /home/runner/Arduino/libraries/M5UnitUnified/src/M5UnitComponent.hpp:14,
                 from /home/runner/Arduino/libraries/M5UnitENV/src/unit/unit_BMP280.hpp:13,
                 from /home/runner/Arduino/libraries/M5UnitENV/src/unit/unit_BMP280.cpp:10:
/home/runner/.arduino15/packages/m5stack/hardware/esp32/3.2.5/cores/esp32/Arduino.h:139:9: warning: "NUM_DIGITAL_PINS" redefined
  139 | #define NUM_DIGITAL_PINS SOC_GPIO_PIN_COUNT  // All GPIOs
      |         ^~~~~~~~~~~~~~~~
In file included from /home/runner/.arduino15/packages/m5stack/hardware/esp32/3.2.5/cores/esp32/Arduino.h:43:
/home/runner/.arduino15/packages/m5stack/hardware/esp32/3.2.5/variants/m5stack_cardputer/pins_arduino.h:13:9: note: this is the location of the previous definition
   13 | #define NUM_DIGITAL_PINS        46
      |         ^~~~~~~~~~~~~~~~
/home/runner/.arduino15/packages/m5stack/hardware/esp32/3.2.5/cores/esp32/Arduino.h:143:9: warning: "NUM_ANALOG_INPUTS" redefined
  143 | #define NUM_ANALOG_INPUTS (SOC_ADC_CHANNEL_NUM(0) + SOC_ADC_CHANNEL_NUM(1))  // Depends on the SoC (ESP32, ESP32S2, ESP32S3, ESP32C3)
      |         ^~~~~~~~~~~~~~~~~
/home/runner/.arduino15/packages/m5stack/hardware/esp32/3.2.5/variants/m5stack_cardputer/pins_arduino.h:14:9: note: this is the location of the previous definition
   14 | #define NUM_ANALOG_INPUTS       15
      |         ^~~~~~~~~~~~~~~~~
/home/runner/.arduino15/packages/m5stack/hardware/esp32/3.2.5/cores/esp32/Arduino.h:145:9: warning: "EXTERNAL_NUM_INTERRUPTS" redefined
  145 | #define EXTERNAL_NUM_INTERRUPTS    NUM_DIGITAL_PINS  // All GPIOs
      |         ^~~~~~~~~~~~~~~~~~~~~~~
/home/runner/.arduino15/packages/m5stack/hardware/esp32/3.2.5/variants/m5stack_cardputer/pins_arduino.h:12:9: note: this is the location of the previous definition
   12 | #define EXTERNAL_NUM_INTERRUPTS 23
      |         ^~~~~~~~~~~~~~~~~~~~~~~
/home/runner/.arduino15/packages/m5stack/hardware/esp32/3.2.5/cores/esp32/Arduino.h:146:9: warning: "analogInputToDigitalPin" redefined
  146 | #define analogInputToDigitalPin(p) (((p) < NUM_ANALOG_INPUTS) ? (analogChannelToDigitalPin(p)) : -1)
      |         ^~~~~~~~~~~~~~~~~~~~~~~
/home/runner/.arduino15/packages/m5stack/hardware/esp32/3.2.5/variants/m5stack_cardputer/pins_arduino.h:16:9: note: this is the location of the previous definition
   16 | #define analogInputToDigitalPin(p) (((p) < 20) ? (analogChannelToDigitalPin(p)) : -1)
      |         ^~~~~~~~~~~~~~~~~~~~~~~
/home/runner/.arduino15/packages/m5stack/hardware/esp32/3.2.5/cores/esp32/Arduino.h:147:9: warning: "digitalPinToInterrupt" redefined
  147 | #define digitalPinToInterrupt(p)   ((((uint8_t)digitalPinToGPIONumber(p)) < NUM_DIGITAL_PINS) ? (p) : NOT_AN_INTERRUPT)
      |         ^~~~~~~~~~~~~~~~~~~~~
/home/runner/.arduino15/packages/m5stack/hardware/esp32/3.2.5/variants/m5stack_cardputer/pins_arduino.h:17:9: note: this is the location of the previous definition
   17 | #define digitalPinToInterrupt(p)   (((p) < 48) ? (p) : -1)
      |         ^~~~~~~~~~~~~~~~~~~~~
/home/runner/.arduino15/packages/m5stack/hardware/esp32/3.2.5/cores/esp32/Arduino.h:148:9: warning: "digitalPinHasPWM" redefined
  148 | #define digitalPinHasPWM(p)        (((uint8_t)digitalPinToGPIONumber(p)) < NUM_DIGITAL_PINS)
      |         ^~~~~~~~~~~~~~~~
/home/runner/.arduino15/packages/m5stack/hardware/esp32/3.2.5/variants/m5stack_cardputer/pins_arduino.h:18:9: note: this is the location of the previous definition
   18 | #define digitalPinHasPWM(p)        (p < 46)
      |         ^~~~~~~~~~~~~~~~
In file included from /home/runner/Arduino/libraries/M5HAL/src/./m5_hal/frameworks/arduino/header.hpp:7,
                 from /home/runner/Arduino/libraries/M5HAL/src/M5HAL.hpp:29,
                 from /home/runner/Arduino/libraries/M5UnitUnified/src/m5_unit_component/adapter_base.hpp:16,
                 from /home/runner/Arduino/libraries/M5UnitUnified/src/m5_unit_component/adapter.hpp:14,
                 from /home/runner/Arduino/libraries/M5UnitUnified/src/M5UnitComponent.hpp:14,
                 from /home/runner/Arduino/libraries/M5UnitENV/src/unit/unit_ENV3.hpp:13,
                 from /home/runner/Arduino/libraries/M5UnitENV/src/unit/unit_ENV3.cpp:10:
/home/runner/.arduino15/packages/m5stack/hardware/esp32/3.2.5/cores/esp32/Arduino.h:139:9: warning: "NUM_DIGITAL_PINS" redefined
  139 | #define NUM_DIGITAL_PINS SOC_GPIO_PIN_COUNT  // All GPIOs
      |         ^~~~~~~~~~~~~~~~
In file included from /home/runner/.arduino15/packages/m5stack/hardware/esp32/3.2.5/cores/esp32/Arduino.h:43:
/home/runner/.arduino15/packages/m5stack/hardware/esp32/3.2.5/variants/m5stack_cardputer/pins_arduino.h:13:9: note: this is the location of the previous definition
   13 | #define NUM_DIGITAL_PINS        46
      |         ^~~~~~~~~~~~~~~~
/home/runner/.arduino15/packages/m5stack/hardware/esp32/3.2.5/cores/esp32/Arduino.h:143:9: warning: "NUM_ANALOG_INPUTS" redefined
  143 | #define NUM_ANALOG_INPUTS (SOC_ADC_CHANNEL_NUM(0) + SOC_ADC_CHANNEL_NUM(1))  // Depends on the SoC (ESP32, ESP32S2, ESP32S3, ESP32C3)
      |         ^~~~~~~~~~~~~~~~~
/home/runner/.arduino15/packages/m5stack/hardware/esp32/3.2.5/variants/m5stack_cardputer/pins_arduino.h:14:9: note: this is the location of the previous definition
   14 | #define NUM_ANALOG_INPUTS       15
      |         ^~~~~~~~~~~~~~~~~
/home/runner/.arduino15/packages/m5stack/hardware/esp32/3.2.5/cores/esp32/Arduino.h:145:9: warning: "EXTERNAL_NUM_INTERRUPTS" redefined
  145 | #define EXTERNAL_NUM_INTERRUPTS    NUM_DIGITAL_PINS  // All GPIOs
      |         ^~~~~~~~~~~~~~~~~~~~~~~
/home/runner/.arduino15/packages/m5stack/hardware/esp32/3.2.5/variants/m5stack_cardputer/pins_arduino.h:12:9: note: this is the location of the previous definition
   12 | #define EXTERNAL_NUM_INTERRUPTS 23
      |         ^~~~~~~~~~~~~~~~~~~~~~~
/home/runner/.arduino15/packages/m5stack/hardware/esp32/3.2.5/cores/esp32/Arduino.h:146:9: warning: "analogInputToDigitalPin" redefined
  146 | #define analogInputToDigitalPin(p) (((p) < NUM_ANALOG_INPUTS) ? (analogChannelToDigitalPin(p)) : -1)
      |         ^~~~~~~~~~~~~~~~~~~~~~~
/home/runner/.arduino15/packages/m5stack/hardware/esp32/3.2.5/variants/m5stack_cardputer/pins_arduino.h:16:9: note: this is the location of the previous definition
   16 | #define analogInputToDigitalPin(p) (((p) < 20) ? (analogChannelToDigitalPin(p)) : -1)
      |         ^~~~~~~~~~~~~~~~~~~~~~~
/home/runner/.arduino15/packages/m5stack/hardware/esp32/3.2.5/cores/esp32/Arduino.h:147:9: warning: "digitalPinToInterrupt" redefined
  147 | #define digitalPinToInterrupt(p)   ((((uint8_t)digitalPinToGPIONumber(p)) < NUM_DIGITAL_PINS) ? (p) : NOT_AN_INTERRUPT)
      |         ^~~~~~~~~~~~~~~~~~~~~
/home/runner/.arduino15/packages/m5stack/hardware/esp32/3.2.5/variants/m5stack_cardputer/pins_arduino.h:17:9: note: this is the location of the previous definition
   17 | #define digitalPinToInterrupt(p)   (((p) < 48) ? (p) : -1)
      |         ^~~~~~~~~~~~~~~~~~~~~
/home/runner/.arduino15/packages/m5stack/hardware/esp32/3.2.5/cores/esp32/Arduino.h:148:9: warning: "digitalPinHasPWM" redefined
  148 | #define digitalPinHasPWM(p)        (((uint8_t)digitalPinToGPIONumber(p)) < NUM_DIGITAL_PINS)
      |         ^~~~~~~~~~~~~~~~
/home/runner/.arduino15/packages/m5stack/hardware/esp32/3.2.5/variants/m5stack_cardputer/pins_arduino.h:18:9: note: this is the location of the previous definition
   18 | #define digitalPinHasPWM(p)        (p < 46)
      |         ^~~~~~~~~~~~~~~~
In file included from /home/runner/Arduino/libraries/M5HAL/src/./m5_hal/frameworks/arduino/header.hpp:7,
                 from /home/runner/Arduino/libraries/M5HAL/src/M5HAL.hpp:29,
                 from /home/runner/Arduino/libraries/M5UnitUnified/src/m5_unit_component/adapter_base.hpp:16,
                 from /home/runner/Arduino/libraries/M5UnitUnified/src/m5_unit_component/adapter.hpp:14,
                 from /home/runner/Arduino/libraries/M5UnitUnified/src/M5UnitComponent.hpp:14,
                 from /home/runner/Arduino/libraries/M5UnitENV/src/unit/unit_ENV4.hpp:13,
                 from /home/runner/Arduino/libraries/M5UnitENV/src/unit/unit_ENV4.cpp:10:
/home/runner/.arduino15/packages/m5stack/hardware/esp32/3.2.5/cores/esp32/Arduino.h:139:9: warning: "NUM_DIGITAL_PINS" redefined
  139 | #define NUM_DIGITAL_PINS SOC_GPIO_PIN_COUNT  // All GPIOs
      |         ^~~~~~~~~~~~~~~~
In file included from /home/runner/.arduino15/packages/m5stack/hardware/esp32/3.2.5/cores/esp32/Arduino.h:43:
/home/runner/.arduino15/packages/m5stack/hardware/esp32/3.2.5/variants/m5stack_cardputer/pins_arduino.h:13:9: note: this is the location of the previous definition
   13 | #define NUM_DIGITAL_PINS        46
      |         ^~~~~~~~~~~~~~~~
/home/runner/.arduino15/packages/m5stack/hardware/esp32/3.2.5/cores/esp32/Arduino.h:143:9: warning: "NUM_ANALOG_INPUTS" redefined
  143 | #define NUM_ANALOG_INPUTS (SOC_ADC_CHANNEL_NUM(0) + SOC_ADC_CHANNEL_NUM(1))  // Depends on the SoC (ESP32, ESP32S2, ESP32S3, ESP32C3)
      |         ^~~~~~~~~~~~~~~~~
/home/runner/.arduino15/packages/m5stack/hardware/esp32/3.2.5/variants/m5stack_cardputer/pins_arduino.h:14:9: note: this is the location of the previous definition
   14 | #define NUM_ANALOG_INPUTS       15
      |         ^~~~~~~~~~~~~~~~~
/home/runner/.arduino15/packages/m5stack/hardware/esp32/3.2.5/cores/esp32/Arduino.h:145:9: warning: "EXTERNAL_NUM_INTERRUPTS" redefined
  145 | #define EXTERNAL_NUM_INTERRUPTS    NUM_DIGITAL_PINS  // All GPIOs
      |         ^~~~~~~~~~~~~~~~~~~~~~~
/home/runner/.arduino15/packages/m5stack/hardware/esp32/3.2.5/variants/m5stack_cardputer/pins_arduino.h:12:9: note: this is the location of the previous definition
   12 | #define EXTERNAL_NUM_INTERRUPTS 23
      |         ^~~~~~~~~~~~~~~~~~~~~~~
/home/runner/.arduino15/packages/m5stack/hardware/esp32/3.2.5/cores/esp32/Arduino.h:146:9: warning: "analogInputToDigitalPin" redefined
  146 | #define analogInputToDigitalPin(p) (((p) < NUM_ANALOG_INPUTS) ? (analogChannelToDigitalPin(p)) : -1)
      |         ^~~~~~~~~~~~~~~~~~~~~~~
/home/runner/.arduino15/packages/m5stack/hardware/esp32/3.2.5/variants/m5stack_cardputer/pins_arduino.h:16:9: note: this is the location of the previous definition
   16 | #define analogInputToDigitalPin(p) (((p) < 20) ? (analogChannelToDigitalPin(p)) : -1)
      |         ^~~~~~~~~~~~~~~~~~~~~~~
/home/runner/.arduino15/packages/m5stack/hardware/esp32/3.2.5/cores/esp32/Arduino.h:147:9: warning: "digitalPinToInterrupt" redefined
  147 | #define digitalPinToInterrupt(p)   ((((uint8_t)digitalPinToGPIONumber(p)) < NUM_DIGITAL_PINS) ? (p) : NOT_AN_INTERRUPT)
      |         ^~~~~~~~~~~~~~~~~~~~~
/home/runner/.arduino15/packages/m5stack/hardware/esp32/3.2.5/variants/m5stack_cardputer/pins_arduino.h:17:9: note: this is the location of the previous definition
   17 | #define digitalPinToInterrupt(p)   (((p) < 48) ? (p) : -1)
      |         ^~~~~~~~~~~~~~~~~~~~~
/home/runner/.arduino15/packages/m5stack/hardware/esp32/3.2.5/cores/esp32/Arduino.h:148:9: warning: "digitalPinHasPWM" redefined
  148 | #define digitalPinHasPWM(p)        (((uint8_t)digitalPinToGPIONumber(p)) < NUM_DIGITAL_PINS)
      |         ^~~~~~~~~~~~~~~~
/home/runner/.arduino15/packages/m5stack/hardware/esp32/3.2.5/variants/m5stack_cardputer/pins_arduino.h:18:9: note: this is the location of the previous definition
   18 | #define digitalPinHasPWM(p)        (p < 46)
      |         ^~~~~~~~~~~~~~~~
In file included from /home/runner/Arduino/libraries/M5HAL/src/./m5_hal/frameworks/arduino/header.hpp:7,
                 from /home/runner/Arduino/libraries/M5HAL/src/M5HAL.hpp:29,
                 from /home/runner/Arduino/libraries/M5UnitUnified/src/m5_unit_component/adapter_base.hpp:16,
                 from /home/runner/Arduino/libraries/M5UnitUnified/src/m5_unit_component/adapter.hpp:14,
                 from /home/runner/Arduino/libraries/M5UnitUnified/src/M5UnitComponent.hpp:14,
                 from /home/runner/Arduino/libraries/M5UnitENV/src/unit/unit_HatYun.hpp:13,
                 from /home/runner/Arduino/libraries/M5UnitENV/src/unit/unit_HatYun.cpp:10:
/home/runner/.arduino15/packages/m5stack/hardware/esp32/3.2.5/cores/esp32/Arduino.h:139:9: warning: "NUM_DIGITAL_PINS" redefined
  139 | #define NUM_DIGITAL_PINS SOC_GPIO_PIN_COUNT  // All GPIOs
      |         ^~~~~~~~~~~~~~~~
In file included from /home/runner/.arduino15/packages/m5stack/hardware/esp32/3.2.5/cores/esp32/Arduino.h:43:
/home/runner/.arduino15/packages/m5stack/hardware/esp32/3.2.5/variants/m5stack_cardputer/pins_arduino.h:13:9: note: this is the location of the previous definition
   13 | #define NUM_DIGITAL_PINS        46
      |         ^~~~~~~~~~~~~~~~
/home/runner/.arduino15/packages/m5stack/hardware/esp32/3.2.5/cores/esp32/Arduino.h:143:9: warning: "NUM_ANALOG_INPUTS" redefined
  143 | #define NUM_ANALOG_INPUTS (SOC_ADC_CHANNEL_NUM(0) + SOC_ADC_CHANNEL_NUM(1))  // Depends on the SoC (ESP32, ESP32S2, ESP32S3, ESP32C3)
      |         ^~~~~~~~~~~~~~~~~
/home/runner/.arduino15/packages/m5stack/hardware/esp32/3.2.5/variants/m5stack_cardputer/pins_arduino.h:14:9: note: this is the location of the previous definition
   14 | #define NUM_ANALOG_INPUTS       15
      |         ^~~~~~~~~~~~~~~~~
/home/runner/.arduino15/packages/m5stack/hardware/esp32/3.2.5/cores/esp32/Arduino.h:145:9: warning: "EXTERNAL_NUM_INTERRUPTS" redefined
  145 | #define EXTERNAL_NUM_INTERRUPTS    NUM_DIGITAL_PINS  // All GPIOs
      |         ^~~~~~~~~~~~~~~~~~~~~~~
/home/runner/.arduino15/packages/m5stack/hardware/esp32/3.2.5/variants/m5stack_cardputer/pins_arduino.h:12:9: note: this is the location of the previous definition
   12 | #define EXTERNAL_NUM_INTERRUPTS 23
      |         ^~~~~~~~~~~~~~~~~~~~~~~
/home/runner/.arduino15/packages/m5stack/hardware/esp32/3.2.5/cores/esp32/Arduino.h:146:9: warning: "analogInputToDigitalPin" redefined
  146 | #define analogInputToDigitalPin(p) (((p) < NUM_ANALOG_INPUTS) ? (analogChannelToDigitalPin(p)) : -1)
      |         ^~~~~~~~~~~~~~~~~~~~~~~
/home/runner/.arduino15/packages/m5stack/hardware/esp32/3.2.5/variants/m5stack_cardputer/pins_arduino.h:16:9: note: this is the location of the previous definition
   16 | #define analogInputToDigitalPin(p) (((p) < 20) ? (analogChannelToDigitalPin(p)) : -1)
      |         ^~~~~~~~~~~~~~~~~~~~~~~
/home/runner/.arduino15/packages/m5stack/hardware/esp32/3.2.5/cores/esp32/Arduino.h:147:9: warning: "digitalPinToInterrupt" redefined
  147 | #define digitalPinToInterrupt(p)   ((((uint8_t)digitalPinToGPIONumber(p)) < NUM_DIGITAL_PINS) ? (p) : NOT_AN_INTERRUPT)
      |         ^~~~~~~~~~~~~~~~~~~~~
/home/runner/.arduino15/packages/m5stack/hardware/esp32/3.2.5/variants/m5stack_cardputer/pins_arduino.h:17:9: note: this is the location of the previous definition
   17 | #define digitalPinToInterrupt(p)   (((p) < 48) ? (p) : -1)
      |         ^~~~~~~~~~~~~~~~~~~~~
/home/runner/.arduino15/packages/m5stack/hardware/esp32/3.2.5/cores/esp32/Arduino.h:148:9: warning: "digitalPinHasPWM" redefined
  148 | #define digitalPinHasPWM(p)        (((uint8_t)digitalPinToGPIONumber(p)) < NUM_DIGITAL_PINS)
      |         ^~~~~~~~~~~~~~~~
/home/runner/.arduino15/packages/m5stack/hardware/esp32/3.2.5/variants/m5stack_cardputer/pins_arduino.h:18:9: note: this is the location of the previous definition
   18 | #define digitalPinHasPWM(p)        (p < 46)
      |         ^~~~~~~~~~~~~~~~
In file included from /home/runner/Arduino/libraries/M5HAL/src/./m5_hal/frameworks/arduino/header.hpp:7,
                 from /home/runner/Arduino/libraries/M5HAL/src/M5HAL.hpp:29,
                 from /home/runner/Arduino/libraries/M5UnitUnified/src/m5_unit_component/adapter_base.hpp:16,
                 from /home/runner/Arduino/libraries/M5UnitUnified/src/m5_unit_component/adapter.hpp:14,
                 from /home/runner/Arduino/libraries/M5UnitUnified/src/M5UnitComponent.hpp:14,
                 from /home/runner/Arduino/libraries/M5UnitENV/src/unit/unit_SCD40.hpp:13,
                 from /home/runner/Arduino/libraries/M5UnitENV/src/unit/unit_SCD40.cpp:10:
/home/runner/.arduino15/packages/m5stack/hardware/esp32/3.2.5/cores/esp32/Arduino.h:139:9: warning: "NUM_DIGITAL_PINS" redefined
  139 | #define NUM_DIGITAL_PINS SOC_GPIO_PIN_COUNT  // All GPIOs
      |         ^~~~~~~~~~~~~~~~
In file included from /home/runner/.arduino15/packages/m5stack/hardware/esp32/3.2.5/cores/esp32/Arduino.h:43:
/home/runner/.arduino15/packages/m5stack/hardware/esp32/3.2.5/variants/m5stack_cardputer/pins_arduino.h:13:9: note: this is the location of the previous definition
   13 | #define NUM_DIGITAL_PINS        46
      |         ^~~~~~~~~~~~~~~~
/home/runner/.arduino15/packages/m5stack/hardware/esp32/3.2.5/cores/esp32/Arduino.h:143:9: warning: "NUM_ANALOG_INPUTS" redefined
  143 | #define NUM_ANALOG_INPUTS (SOC_ADC_CHANNEL_NUM(0) + SOC_ADC_CHANNEL_NUM(1))  // Depends on the SoC (ESP32, ESP32S2, ESP32S3, ESP32C3)
      |         ^~~~~~~~~~~~~~~~~
/home/runner/.arduino15/packages/m5stack/hardware/esp32/3.2.5/variants/m5stack_cardputer/pins_arduino.h:14:9: note: this is the location of the previous definition
   14 | #define NUM_ANALOG_INPUTS       15
      |         ^~~~~~~~~~~~~~~~~
/home/runner/.arduino15/packages/m5stack/hardware/esp32/3.2.5/cores/esp32/Arduino.h:145:9: warning: "EXTERNAL_NUM_INTERRUPTS" redefined
  145 | #define EXTERNAL_NUM_INTERRUPTS    NUM_DIGITAL_PINS  // All GPIOs
      |         ^~~~~~~~~~~~~~~~~~~~~~~
/home/runner/.arduino15/packages/m5stack/hardware/esp32/3.2.5/variants/m5stack_cardputer/pins_arduino.h:12:9: note: this is the location of the previous definition
   12 | #define EXTERNAL_NUM_INTERRUPTS 23
      |         ^~~~~~~~~~~~~~~~~~~~~~~
/home/runner/.arduino15/packages/m5stack/hardware/esp32/3.2.5/cores/esp32/Arduino.h:146:9: warning: "analogInputToDigitalPin" redefined
  146 | #define analogInputToDigitalPin(p) (((p) < NUM_ANALOG_INPUTS) ? (analogChannelToDigitalPin(p)) : -1)
      |         ^~~~~~~~~~~~~~~~~~~~~~~
/home/runner/.arduino15/packages/m5stack/hardware/esp32/3.2.5/variants/m5stack_cardputer/pins_arduino.h:16:9: note: this is the location of the previous definition
   16 | #define analogInputToDigitalPin(p) (((p) < 20) ? (analogChannelToDigitalPin(p)) : -1)
      |         ^~~~~~~~~~~~~~~~~~~~~~~
/home/runner/.arduino15/packages/m5stack/hardware/esp32/3.2.5/cores/esp32/Arduino.h:147:9: warning: "digitalPinToInterrupt" redefined
  147 | #define digitalPinToInterrupt(p)   ((((uint8_t)digitalPinToGPIONumber(p)) < NUM_DIGITAL_PINS) ? (p) : NOT_AN_INTERRUPT)
      |         ^~~~~~~~~~~~~~~~~~~~~
/home/runner/.arduino15/packages/m5stack/hardware/esp32/3.2.5/variants/m5stack_cardputer/pins_arduino.h:17:9: note: this is the location of the previous definition
   17 | #define digitalPinToInterrupt(p)   (((p) < 48) ? (p) : -1)
      |         ^~~~~~~~~~~~~~~~~~~~~
/home/runner/.arduino15/packages/m5stack/hardware/esp32/3.2.5/cores/esp32/Arduino.h:148:9: warning: "digitalPinHasPWM" redefined
  148 | #define digitalPinHasPWM(p)        (((uint8_t)digitalPinToGPIONumber(p)) < NUM_DIGITAL_PINS)
      |         ^~~~~~~~~~~~~~~~
/home/runner/.arduino15/packages/m5stack/hardware/esp32/3.2.5/variants/m5stack_cardputer/pins_arduino.h:18:9: note: this is the location of the previous definition
   18 | #define digitalPinHasPWM(p)        (p < 46)
      |         ^~~~~~~~~~~~~~~~
In file included from /home/runner/Arduino/libraries/M5HAL/src/./m5_hal/frameworks/arduino/header.hpp:7,
                 from /home/runner/Arduino/libraries/M5HAL/src/M5HAL.hpp:29,
                 from /home/runner/Arduino/libraries/M5UnitUnified/src/m5_unit_component/adapter_base.hpp:16,
                 from /home/runner/Arduino/libraries/M5UnitUnified/src/m5_unit_component/adapter.hpp:14,
                 from /home/runner/Arduino/libraries/M5UnitUnified/src/M5UnitComponent.hpp:14,
                 from /home/runner/Arduino/libraries/M5UnitENV/src/unit/unit_QMP6988.hpp:12,
                 from /home/runner/Arduino/libraries/M5UnitENV/src/unit/unit_QMP6988.cpp:10:
/home/runner/.arduino15/packages/m5stack/hardware/esp32/3.2.5/cores/esp32/Arduino.h:139:9: warning: "NUM_DIGITAL_PINS" redefined
  139 | #define NUM_DIGITAL_PINS SOC_GPIO_PIN_COUNT  // All GPIOs
      |         ^~~~~~~~~~~~~~~~
In file included from /home/runner/.arduino15/packages/m5stack/hardware/esp32/3.2.5/cores/esp32/Arduino.h:43:
/home/runner/.arduino15/packages/m5stack/hardware/esp32/3.2.5/variants/m5stack_cardputer/pins_arduino.h:13:9: note: this is the location of the previous definition
   13 | #define NUM_DIGITAL_PINS        46
      |         ^~~~~~~~~~~~~~~~
/home/runner/.arduino15/packages/m5stack/hardware/esp32/3.2.5/cores/esp32/Arduino.h:143:9: warning: "NUM_ANALOG_INPUTS" redefined
  143 | #define NUM_ANALOG_INPUTS (SOC_ADC_CHANNEL_NUM(0) + SOC_ADC_CHANNEL_NUM(1))  // Depends on the SoC (ESP32, ESP32S2, ESP32S3, ESP32C3)
      |         ^~~~~~~~~~~~~~~~~
/home/runner/.arduino15/packages/m5stack/hardware/esp32/3.2.5/variants/m5stack_cardputer/pins_arduino.h:14:9: note: this is the location of the previous definition
   14 | #define NUM_ANALOG_INPUTS       15
      |         ^~~~~~~~~~~~~~~~~
/home/runner/.arduino15/packages/m5stack/hardware/esp32/3.2.5/cores/esp32/Arduino.h:145:9: warning: "EXTERNAL_NUM_INTERRUPTS" redefined
  145 | #define EXTERNAL_NUM_INTERRUPTS    NUM_DIGITAL_PINS  // All GPIOs
      |         ^~~~~~~~~~~~~~~~~~~~~~~
/home/runner/.arduino15/packages/m5stack/hardware/esp32/3.2.5/variants/m5stack_cardputer/pins_arduino.h:12:9: note: this is the location of the previous definition
   12 | #define EXTERNAL_NUM_INTERRUPTS 23
      |         ^~~~~~~~~~~~~~~~~~~~~~~
/home/runner/.arduino15/packages/m5stack/hardware/esp32/3.2.5/cores/esp32/Arduino.h:146:9: warning: "analogInputToDigitalPin" redefined
  146 | #define analogInputToDigitalPin(p) (((p) < NUM_ANALOG_INPUTS) ? (analogChannelToDigitalPin(p)) : -1)
      |         ^~~~~~~~~~~~~~~~~~~~~~~
/home/runner/.arduino15/packages/m5stack/hardware/esp32/3.2.5/variants/m5stack_cardputer/pins_arduino.h:16:9: note: this is the location of the previous definition
   16 | #define analogInputToDigitalPin(p) (((p) < 20) ? (analogChannelToDigitalPin(p)) : -1)
      |         ^~~~~~~~~~~~~~~~~~~~~~~
/home/runner/.arduino15/packages/m5stack/hardware/esp32/3.2.5/cores/esp32/Arduino.h:147:9: warning: "digitalPinToInterrupt" redefined
  147 | #define digitalPinToInterrupt(p)   ((((uint8_t)digitalPinToGPIONumber(p)) < NUM_DIGITAL_PINS) ? (p) : NOT_AN_INTERRUPT)
      |         ^~~~~~~~~~~~~~~~~~~~~
/home/runner/.arduino15/packages/m5stack/hardware/esp32/3.2.5/variants/m5stack_cardputer/pins_arduino.h:17:9: note: this is the location of the previous definition
   17 | #define digitalPinToInterrupt(p)   (((p) < 48) ? (p) : -1)
      |         ^~~~~~~~~~~~~~~~~~~~~
/home/runner/.arduino15/packages/m5stack/hardware/esp32/3.2.5/cores/esp32/Arduino.h:148:9: warning: "digitalPinHasPWM" redefined
  148 | #define digitalPinHasPWM(p)        (((uint8_t)digitalPinToGPIONumber(p)) < NUM_DIGITAL_PINS)
      |         ^~~~~~~~~~~~~~~~
/home/runner/.arduino15/packages/m5stack/hardware/esp32/3.2.5/variants/m5stack_cardputer/pins_arduino.h:18:9: note: this is the location of the previous definition
   18 | #define digitalPinHasPWM(p)        (p < 46)
      |         ^~~~~~~~~~~~~~~~
In file included from /home/runner/Arduino/libraries/M5HAL/src/./m5_hal/frameworks/arduino/header.hpp:7,
                 from /home/runner/Arduino/libraries/M5HAL/src/M5HAL.hpp:29,
                 from /home/runner/Arduino/libraries/M5UnitUnified/src/m5_unit_component/adapter_base.hpp:16,
                 from /home/runner/Arduino/libraries/M5UnitUnified/src/m5_unit_component/adapter.hpp:14,
                 from /home/runner/Arduino/libraries/M5UnitUnified/src/M5UnitComponent.hpp:14,
                 from /home/runner/Arduino/libraries/M5UnitENV/src/unit/unit_SCD40.hpp:13,
                 from /home/runner/Arduino/libraries/M5UnitENV/src/unit/unit_SCD41.hpp:13,
                 from /home/runner/Arduino/libraries/M5UnitENV/src/unit/unit_SCD41.cpp:10:
/home/runner/.arduino15/packages/m5stack/hardware/esp32/3.2.5/cores/esp32/Arduino.h:139:9: warning: "NUM_DIGITAL_PINS" redefined
  139 | #define NUM_DIGITAL_PINS SOC_GPIO_PIN_COUNT  // All GPIOs
      |         ^~~~~~~~~~~~~~~~
In file included from /home/runner/.arduino15/packages/m5stack/hardware/esp32/3.2.5/cores/esp32/Arduino.h:43:
/home/runner/.arduino15/packages/m5stack/hardware/esp32/3.2.5/variants/m5stack_cardputer/pins_arduino.h:13:9: note: this is the location of the previous definition
   13 | #define NUM_DIGITAL_PINS        46
      |         ^~~~~~~~~~~~~~~~
/home/runner/.arduino15/packages/m5stack/hardware/esp32/3.2.5/cores/esp32/Arduino.h:143:9: warning: "NUM_ANALOG_INPUTS" redefined
  143 | #define NUM_ANALOG_INPUTS (SOC_ADC_CHANNEL_NUM(0) + SOC_ADC_CHANNEL_NUM(1))  // Depends on the SoC (ESP32, ESP32S2, ESP32S3, ESP32C3)
      |         ^~~~~~~~~~~~~~~~~
/home/runner/.arduino15/packages/m5stack/hardware/esp32/3.2.5/variants/m5stack_cardputer/pins_arduino.h:14:9: note: this is the location of the previous definition
   14 | #define NUM_ANALOG_INPUTS       15
      |         ^~~~~~~~~~~~~~~~~
/home/runner/.arduino15/packages/m5stack/hardware/esp32/3.2.5/cores/esp32/Arduino.h:145:9: warning: "EXTERNAL_NUM_INTERRUPTS" redefined
  145 | #define EXTERNAL_NUM_INTERRUPTS    NUM_DIGITAL_PINS  // All GPIOs
      |         ^~~~~~~~~~~~~~~~~~~~~~~
/home/runner/.arduino15/packages/m5stack/hardware/esp32/3.2.5/variants/m5stack_cardputer/pins_arduino.h:12:9: note: this is the location of the previous definition
   12 | #define EXTERNAL_NUM_INTERRUPTS 23
      |         ^~~~~~~~~~~~~~~~~~~~~~~
/home/runner/.arduino15/packages/m5stack/hardware/esp32/3.2.5/cores/esp32/Arduino.h:146:9: warning: "analogInputToDigitalPin" redefined
  146 | #define analogInputToDigitalPin(p) (((p) < NUM_ANALOG_INPUTS) ? (analogChannelToDigitalPin(p)) : -1)
      |         ^~~~~~~~~~~~~~~~~~~~~~~
/home/runner/.arduino15/packages/m5stack/hardware/esp32/3.2.5/variants/m5stack_cardputer/pins_arduino.h:16:9: note: this is the location of the previous definition
   16 | #define analogInputToDigitalPin(p) (((p) < 20) ? (analogChannelToDigitalPin(p)) : -1)
      |         ^~~~~~~~~~~~~~~~~~~~~~~
/home/runner/.arduino15/packages/m5stack/hardware/esp32/3.2.5/cores/esp32/Arduino.h:147:9: warning: "digitalPinToInterrupt" redefined
  147 | #define digitalPinToInterrupt(p)   ((((uint8_t)digitalPinToGPIONumber(p)) < NUM_DIGITAL_PINS) ? (p) : NOT_AN_INTERRUPT)
      |         ^~~~~~~~~~~~~~~~~~~~~
/home/runner/.arduino15/packages/m5stack/hardware/esp32/3.2.5/variants/m5stack_cardputer/pins_arduino.h:17:9: note: this is the location of the previous definition
   17 | #define digitalPinToInterrupt(p)   (((p) < 48) ? (p) : -1)
      |         ^~~~~~~~~~~~~~~~~~~~~
/home/runner/.arduino15/packages/m5stack/hardware/esp32/3.2.5/cores/esp32/Arduino.h:148:9: warning: "digitalPinHasPWM" redefined
  148 | #define digitalPinHasPWM(p)        (((uint8_t)digitalPinToGPIONumber(p)) < NUM_DIGITAL_PINS)
      |         ^~~~~~~~~~~~~~~~
/home/runner/.arduino15/packages/m5stack/hardware/esp32/3.2.5/variants/m5stack_cardputer/pins_arduino.h:18:9: note: this is the location of the previous definition
   18 | #define digitalPinHasPWM(p)        (p < 46)
      |         ^~~~~~~~~~~~~~~~
In file included from /home/runner/Arduino/libraries/M5HAL/src/./m5_hal/frameworks/arduino/header.hpp:7,
                 from /home/runner/Arduino/libraries/M5HAL/src/M5HAL.hpp:29,
                 from /home/runner/Arduino/libraries/M5UnitUnified/src/m5_unit_component/adapter_base.hpp:16,
                 from /home/runner/Arduino/libraries/M5UnitUnified/src/m5_unit_component/adapter.hpp:14,
                 from /home/runner/Arduino/libraries/M5UnitUnified/src/M5UnitComponent.hpp:14,
                 from /home/runner/Arduino/libraries/M5UnitENV/src/unit/unit_SGP30.hpp:13,
                 from /home/runner/Arduino/libraries/M5UnitENV/src/unit/unit_SGP30.cpp:10:
/home/runner/.arduino15/packages/m5stack/hardware/esp32/3.2.5/cores/esp32/Arduino.h:139:9: warning: "NUM_DIGITAL_PINS" redefined
  139 | #define NUM_DIGITAL_PINS SOC_GPIO_PIN_COUNT  // All GPIOs
      |         ^~~~~~~~~~~~~~~~
In file included from /home/runner/.arduino15/packages/m5stack/hardware/esp32/3.2.5/cores/esp32/Arduino.h:43:
/home/runner/.arduino15/packages/m5stack/hardware/esp32/3.2.5/variants/m5stack_cardputer/pins_arduino.h:13:9: note: this is the location of the previous definition
   13 | #define NUM_DIGITAL_PINS        46
      |         ^~~~~~~~~~~~~~~~
/home/runner/.arduino15/packages/m5stack/hardware/esp32/3.2.5/cores/esp32/Arduino.h:143:9: warning: "NUM_ANALOG_INPUTS" redefined
  143 | #define NUM_ANALOG_INPUTS (SOC_ADC_CHANNEL_NUM(0) + SOC_ADC_CHANNEL_NUM(1))  // Depends on the SoC (ESP32, ESP32S2, ESP32S3, ESP32C3)
      |         ^~~~~~~~~~~~~~~~~
/home/runner/.arduino15/packages/m5stack/hardware/esp32/3.2.5/variants/m5stack_cardputer/pins_arduino.h:14:9: note: this is the location of the previous definition
   14 | #define NUM_ANALOG_INPUTS       15
      |         ^~~~~~~~~~~~~~~~~
/home/runner/.arduino15/packages/m5stack/hardware/esp32/3.2.5/cores/esp32/Arduino.h:145:9: warning: "EXTERNAL_NUM_INTERRUPTS" redefined
  145 | #define EXTERNAL_NUM_INTERRUPTS    NUM_DIGITAL_PINS  // All GPIOs
      |         ^~~~~~~~~~~~~~~~~~~~~~~
/home/runner/.arduino15/packages/m5stack/hardware/esp32/3.2.5/variants/m5stack_cardputer/pins_arduino.h:12:9: note: this is the location of the previous definition
   12 | #define EXTERNAL_NUM_INTERRUPTS 23
      |         ^~~~~~~~~~~~~~~~~~~~~~~
/home/runner/.arduino15/packages/m5stack/hardware/esp32/3.2.5/cores/esp32/Arduino.h:146:9: warning: "analogInputToDigitalPin" redefined
  146 | #define analogInputToDigitalPin(p) (((p) < NUM_ANALOG_INPUTS) ? (analogChannelToDigitalPin(p)) : -1)
      |         ^~~~~~~~~~~~~~~~~~~~~~~
/home/runner/.arduino15/packages/m5stack/hardware/esp32/3.2.5/variants/m5stack_cardputer/pins_arduino.h:16:9: note: this is the location of the previous definition
   16 | #define analogInputToDigitalPin(p) (((p) < 20) ? (analogChannelToDigitalPin(p)) : -1)
      |         ^~~~~~~~~~~~~~~~~~~~~~~
/home/runner/.arduino15/packages/m5stack/hardware/esp32/3.2.5/cores/esp32/Arduino.h:147:9: warning: "digitalPinToInterrupt" redefined
  147 | #define digitalPinToInterrupt(p)   ((((uint8_t)digitalPinToGPIONumber(p)) < NUM_DIGITAL_PINS) ? (p) : NOT_AN_INTERRUPT)
      |         ^~~~~~~~~~~~~~~~~~~~~
/home/runner/.arduino15/packages/m5stack/hardware/esp32/3.2.5/variants/m5stack_cardputer/pins_arduino.h:17:9: note: this is the location of the previous definition
   17 | #define digitalPinToInterrupt(p)   (((p) < 48) ? (p) : -1)
      |         ^~~~~~~~~~~~~~~~~~~~~
/home/runner/.arduino15/packages/m5stack/hardware/esp32/3.2.5/cores/esp32/Arduino.h:148:9: warning: "digitalPinHasPWM" redefined
  148 | #define digitalPinHasPWM(p)        (((uint8_t)digitalPinToGPIONumber(p)) < NUM_DIGITAL_PINS)
      |         ^~~~~~~~~~~~~~~~
/home/runner/.arduino15/packages/m5stack/hardware/esp32/3.2.5/variants/m5stack_cardputer/pins_arduino.h:18:9: note: this is the location of the previous definition
   18 | #define digitalPinHasPWM(p)        (p < 46)
      |         ^~~~~~~~~~~~~~~~
In file included from /home/runner/Arduino/libraries/M5HAL/src/./m5_hal/frameworks/arduino/header.hpp:7,
                 from /home/runner/Arduino/libraries/M5HAL/src/M5HAL.hpp:29,
                 from /home/runner/Arduino/libraries/M5UnitUnified/src/m5_unit_component/adapter_base.hpp:16,
                 from /home/runner/Arduino/libraries/M5UnitUnified/src/m5_unit_component/adapter.hpp:14,
                 from /home/runner/Arduino/libraries/M5UnitUnified/src/M5UnitComponent.hpp:14,
                 from /home/runner/Arduino/libraries/M5UnitENV/src/unit/unit_SHT20.hpp:13,
                 from /home/runner/Arduino/libraries/M5UnitENV/src/unit/unit_SHT20.cpp:10:
/home/runner/.arduino15/packages/m5stack/hardware/esp32/3.2.5/cores/esp32/Arduino.h:139:9: warning: "NUM_DIGITAL_PINS" redefined
  139 | #define NUM_DIGITAL_PINS SOC_GPIO_PIN_COUNT  // All GPIOs
      |         ^~~~~~~~~~~~~~~~
In file included from /home/runner/.arduino15/packages/m5stack/hardware/esp32/3.2.5/cores/esp32/Arduino.h:43:
/home/runner/.arduino15/packages/m5stack/hardware/esp32/3.2.5/variants/m5stack_cardputer/pins_arduino.h:13:9: note: this is the location of the previous definition
   13 | #define NUM_DIGITAL_PINS        46
      |         ^~~~~~~~~~~~~~~~
/home/runner/.arduino15/packages/m5stack/hardware/esp32/3.2.5/cores/esp32/Arduino.h:143:9: warning: "NUM_ANALOG_INPUTS" redefined
  143 | #define NUM_ANALOG_INPUTS (SOC_ADC_CHANNEL_NUM(0) + SOC_ADC_CHANNEL_NUM(1))  // Depends on the SoC (ESP32, ESP32S2, ESP32S3, ESP32C3)
      |         ^~~~~~~~~~~~~~~~~
/home/runner/.arduino15/packages/m5stack/hardware/esp32/3.2.5/variants/m5stack_cardputer/pins_arduino.h:14:9: note: this is the location of the previous definition
   14 | #define NUM_ANALOG_INPUTS       15
      |         ^~~~~~~~~~~~~~~~~
/home/runner/.arduino15/packages/m5stack/hardware/esp32/3.2.5/cores/esp32/Arduino.h:145:9: warning: "EXTERNAL_NUM_INTERRUPTS" redefined
  145 | #define EXTERNAL_NUM_INTERRUPTS    NUM_DIGITAL_PINS  // All GPIOs
      |         ^~~~~~~~~~~~~~~~~~~~~~~
/home/runner/.arduino15/packages/m5stack/hardware/esp32/3.2.5/variants/m5stack_cardputer/pins_arduino.h:12:9: note: this is the location of the previous definition
   12 | #define EXTERNAL_NUM_INTERRUPTS 23
      |         ^~~~~~~~~~~~~~~~~~~~~~~
/home/runner/.arduino15/packages/m5stack/hardware/esp32/3.2.5/cores/esp32/Arduino.h:146:9: warning: "analogInputToDigitalPin" redefined
  146 | #define analogInputToDigitalPin(p) (((p) < NUM_ANALOG_INPUTS) ? (analogChannelToDigitalPin(p)) : -1)
      |         ^~~~~~~~~~~~~~~~~~~~~~~
/home/runner/.arduino15/packages/m5stack/hardware/esp32/3.2.5/variants/m5stack_cardputer/pins_arduino.h:16:9: note: this is the location of the previous definition
   16 | #define analogInputToDigitalPin(p) (((p) < 20) ? (analogChannelToDigitalPin(p)) : -1)
      |         ^~~~~~~~~~~~~~~~~~~~~~~
/home/runner/.arduino15/packages/m5stack/hardware/esp32/3.2.5/cores/esp32/Arduino.h:147:9: warning: "digitalPinToInterrupt" redefined
  147 | #define digitalPinToInterrupt(p)   ((((uint8_t)digitalPinToGPIONumber(p)) < NUM_DIGITAL_PINS) ? (p) : NOT_AN_INTERRUPT)
      |         ^~~~~~~~~~~~~~~~~~~~~
/home/runner/.arduino15/packages/m5stack/hardware/esp32/3.2.5/variants/m5stack_cardputer/pins_arduino.h:17:9: note: this is the location of the previous definition
   17 | #define digitalPinToInterrupt(p)   (((p) < 48) ? (p) : -1)
      |         ^~~~~~~~~~~~~~~~~~~~~
/home/runner/.arduino15/packages/m5stack/hardware/esp32/3.2.5/cores/esp32/Arduino.h:148:9: warning: "digitalPinHasPWM" redefined
  148 | #define digitalPinHasPWM(p)        (((uint8_t)digitalPinToGPIONumber(p)) < NUM_DIGITAL_PINS)
      |         ^~~~~~~~~~~~~~~~
/home/runner/.arduino15/packages/m5stack/hardware/esp32/3.2.5/variants/m5stack_cardputer/pins_arduino.h:18:9: note: this is the location of the previous definition
   18 | #define digitalPinHasPWM(p)        (p < 46)
      |         ^~~~~~~~~~~~~~~~
In file included from /home/runner/Arduino/libraries/M5HAL/src/./m5_hal/frameworks/arduino/header.hpp:7,
                 from /home/runner/Arduino/libraries/M5HAL/src/M5HAL.hpp:29,
                 from /home/runner/Arduino/libraries/M5UnitUnified/src/m5_unit_component/adapter_base.hpp:16,
                 from /home/runner/Arduino/libraries/M5UnitUnified/src/m5_unit_component/adapter.hpp:14,
                 from /home/runner/Arduino/libraries/M5UnitUnified/src/M5UnitComponent.hpp:14,
                 from /home/runner/Arduino/libraries/M5UnitENV/src/unit/unit_SHT30.hpp:13,
                 from /home/runner/Arduino/libraries/M5UnitENV/src/unit/unit_SHT30.cpp:10:
/home/runner/.arduino15/packages/m5stack/hardware/esp32/3.2.5/cores/esp32/Arduino.h:139:9: warning: "NUM_DIGITAL_PINS" redefined
  139 | #define NUM_DIGITAL_PINS SOC_GPIO_PIN_COUNT  // All GPIOs
      |         ^~~~~~~~~~~~~~~~
In file included from /home/runner/.arduino15/packages/m5stack/hardware/esp32/3.2.5/cores/esp32/Arduino.h:43:
/home/runner/.arduino15/packages/m5stack/hardware/esp32/3.2.5/variants/m5stack_cardputer/pins_arduino.h:13:9: note: this is the location of the previous definition
   13 | #define NUM_DIGITAL_PINS        46
      |         ^~~~~~~~~~~~~~~~
/home/runner/.arduino15/packages/m5stack/hardware/esp32/3.2.5/cores/esp32/Arduino.h:143:9: warning: "NUM_ANALOG_INPUTS" redefined
  143 | #define NUM_ANALOG_INPUTS (SOC_ADC_CHANNEL_NUM(0) + SOC_ADC_CHANNEL_NUM(1))  // Depends on the SoC (ESP32, ESP32S2, ESP32S3, ESP32C3)
      |         ^~~~~~~~~~~~~~~~~
/home/runner/.arduino15/packages/m5stack/hardware/esp32/3.2.5/variants/m5stack_cardputer/pins_arduino.h:14:9: note: this is the location of the previous definition
   14 | #define NUM_ANALOG_INPUTS       15
      |         ^~~~~~~~~~~~~~~~~
/home/runner/.arduino15/packages/m5stack/hardware/esp32/3.2.5/cores/esp32/Arduino.h:145:9: warning: "EXTERNAL_NUM_INTERRUPTS" redefined
  145 | #define EXTERNAL_NUM_INTERRUPTS    NUM_DIGITAL_PINS  // All GPIOs
      |         ^~~~~~~~~~~~~~~~~~~~~~~
/home/runner/.arduino15/packages/m5stack/hardware/esp32/3.2.5/variants/m5stack_cardputer/pins_arduino.h:12:9: note: this is the location of the previous definition
   12 | #define EXTERNAL_NUM_INTERRUPTS 23
      |         ^~~~~~~~~~~~~~~~~~~~~~~
/home/runner/.arduino15/packages/m5stack/hardware/esp32/3.2.5/cores/esp32/Arduino.h:146:9: warning: "analogInputToDigitalPin" redefined
  146 | #define analogInputToDigitalPin(p) (((p) < NUM_ANALOG_INPUTS) ? (analogChannelToDigitalPin(p)) : -1)
      |         ^~~~~~~~~~~~~~~~~~~~~~~
/home/runner/.arduino15/packages/m5stack/hardware/esp32/3.2.5/variants/m5stack_cardputer/pins_arduino.h:16:9: note: this is the location of the previous definition
   16 | #define analogInputToDigitalPin(p) (((p) < 20) ? (analogChannelToDigitalPin(p)) : -1)
      |         ^~~~~~~~~~~~~~~~~~~~~~~
/home/runner/.arduino15/packages/m5stack/hardware/esp32/3.2.5/cores/esp32/Arduino.h:147:9: warning: "digitalPinToInterrupt" redefined
  147 | #define digitalPinToInterrupt(p)   ((((uint8_t)digitalPinToGPIONumber(p)) < NUM_DIGITAL_PINS) ? (p) : NOT_AN_INTERRUPT)
      |         ^~~~~~~~~~~~~~~~~~~~~
/home/runner/.arduino15/packages/m5stack/hardware/esp32/3.2.5/variants/m5stack_cardputer/pins_arduino.h:17:9: note: this is the location of the previous definition
   17 | #define digitalPinToInterrupt(p)   (((p) < 48) ? (p) : -1)
      |         ^~~~~~~~~~~~~~~~~~~~~
/home/runner/.arduino15/packages/m5stack/hardware/esp32/3.2.5/cores/esp32/Arduino.h:148:9: warning: "digitalPinHasPWM" redefined
  148 | #define digitalPinHasPWM(p)        (((uint8_t)digitalPinToGPIONumber(p)) < NUM_DIGITAL_PINS)
      |         ^~~~~~~~~~~~~~~~
/home/runner/.arduino15/packages/m5stack/hardware/esp32/3.2.5/variants/m5stack_cardputer/pins_arduino.h:18:9: note: this is the location of the previous definition
   18 | #define digitalPinHasPWM(p)        (p < 46)
      |         ^~~~~~~~~~~~~~~~
In file included from /home/runner/Arduino/libraries/M5HAL/src/./m5_hal/frameworks/arduino/header.hpp:7,
                 from /home/runner/Arduino/libraries/M5HAL/src/M5HAL.hpp:29,
                 from /home/runner/Arduino/libraries/M5UnitUnified/src/m5_unit_component/adapter_base.hpp:16,
                 from /home/runner/Arduino/libraries/M5UnitUnified/src/m5_unit_component/adapter.hpp:14,
                 from /home/runner/Arduino/libraries/M5UnitUnified/src/M5UnitComponent.hpp:14,
                 from /home/runner/Arduino/libraries/M5UnitENV/src/unit/unit_SHT40.hpp:13,
                 from /home/runner/Arduino/libraries/M5UnitENV/src/unit/unit_SHT40.cpp:10:
/home/runner/.arduino15/packages/m5stack/hardware/esp32/3.2.5/cores/esp32/Arduino.h:139:9: warning: "NUM_DIGITAL_PINS" redefined
  139 | #define NUM_DIGITAL_PINS SOC_GPIO_PIN_COUNT  // All GPIOs
      |         ^~~~~~~~~~~~~~~~
In file included from /home/runner/.arduino15/packages/m5stack/hardware/esp32/3.2.5/cores/esp32/Arduino.h:43:
/home/runner/.arduino15/packages/m5stack/hardware/esp32/3.2.5/variants/m5stack_cardputer/pins_arduino.h:13:9: note: this is the location of the previous definition
   13 | #define NUM_DIGITAL_PINS        46
      |         ^~~~~~~~~~~~~~~~
/home/runner/.arduino15/packages/m5stack/hardware/esp32/3.2.5/cores/esp32/Arduino.h:143:9: warning: "NUM_ANALOG_INPUTS" redefined
  143 | #define NUM_ANALOG_INPUTS (SOC_ADC_CHANNEL_NUM(0) + SOC_ADC_CHANNEL_NUM(1))  // Depends on the SoC (ESP32, ESP32S2, ESP32S3, ESP32C3)
      |         ^~~~~~~~~~~~~~~~~
/home/runner/.arduino15/packages/m5stack/hardware/esp32/3.2.5/variants/m5stack_cardputer/pins_arduino.h:14:9: note: this is the location of the previous definition
   14 | #define NUM_ANALOG_INPUTS       15
      |         ^~~~~~~~~~~~~~~~~
/home/runner/.arduino15/packages/m5stack/hardware/esp32/3.2.5/cores/esp32/Arduino.h:145:9: warning: "EXTERNAL_NUM_INTERRUPTS" redefined
  145 | #define EXTERNAL_NUM_INTERRUPTS    NUM_DIGITAL_PINS  // All GPIOs
      |         ^~~~~~~~~~~~~~~~~~~~~~~
/home/runner/.arduino15/packages/m5stack/hardware/esp32/3.2.5/variants/m5stack_cardputer/pins_arduino.h:12:9: note: this is the location of the previous definition
   12 | #define EXTERNAL_NUM_INTERRUPTS 23
      |         ^~~~~~~~~~~~~~~~~~~~~~~
/home/runner/.arduino15/packages/m5stack/hardware/esp32/3.2.5/cores/esp32/Arduino.h:146:9: warning: "analogInputToDigitalPin" redefined
  146 | #define analogInputToDigitalPin(p) (((p) < NUM_ANALOG_INPUTS) ? (analogChannelToDigitalPin(p)) : -1)
      |         ^~~~~~~~~~~~~~~~~~~~~~~
/home/runner/.arduino15/packages/m5stack/hardware/esp32/3.2.5/variants/m5stack_cardputer/pins_arduino.h:16:9: note: this is the location of the previous definition
   16 | #define analogInputToDigitalPin(p) (((p) < 20) ? (analogChannelToDigitalPin(p)) : -1)
      |         ^~~~~~~~~~~~~~~~~~~~~~~
/home/runner/.arduino15/packages/m5stack/hardware/esp32/3.2.5/cores/esp32/Arduino.h:147:9: warning: "digitalPinToInterrupt" redefined
  147 | #define digitalPinToInterrupt(p)   ((((uint8_t)digitalPinToGPIONumber(p)) < NUM_DIGITAL_PINS) ? (p) : NOT_AN_INTERRUPT)
      |         ^~~~~~~~~~~~~~~~~~~~~
/home/runner/.arduino15/packages/m5stack/hardware/esp32/3.2.5/variants/m5stack_cardputer/pins_arduino.h:17:9: note: this is the location of the previous definition
   17 | #define digitalPinToInterrupt(p)   (((p) < 48) ? (p) : -1)
      |         ^~~~~~~~~~~~~~~~~~~~~
/home/runner/.arduino15/packages/m5stack/hardware/esp32/3.2.5/cores/esp32/Arduino.h:148:9: warning: "digitalPinHasPWM" redefined
  148 | #define digitalPinHasPWM(p)        (((uint8_t)digitalPinToGPIONumber(p)) < NUM_DIGITAL_PINS)
      |         ^~~~~~~~~~~~~~~~
/home/runner/.arduino15/packages/m5stack/hardware/esp32/3.2.5/variants/m5stack_cardputer/pins_arduino.h:18:9: note: this is the location of the previous definition
   18 | #define digitalPinHasPWM(p)        (p < 46)
      |         ^~~~~~~~~~~~~~~~
In file included from /home/runner/Arduino/libraries/M5UnitENV/src/utility.h:4,
                 from /home/runner/Arduino/libraries/M5UnitENV/src/utility.cpp:2:
/home/runner/.arduino15/packages/m5stack/hardware/esp32/3.2.5/cores/esp32/Arduino.h:139:9: warning: "NUM_DIGITAL_PINS" redefined
  139 | #define NUM_DIGITAL_PINS SOC_GPIO_PIN_COUNT  // All GPIOs
      |         ^~~~~~~~~~~~~~~~
In file included from /home/runner/.arduino15/packages/m5stack/hardware/esp32/3.2.5/cores/esp32/Arduino.h:43:
/home/runner/.arduino15/packages/m5stack/hardware/esp32/3.2.5/variants/m5stack_cardputer/pins_arduino.h:13:9: note: this is the location of the previous definition
   13 | #define NUM_DIGITAL_PINS        46
      |         ^~~~~~~~~~~~~~~~
/home/runner/.arduino15/packages/m5stack/hardware/esp32/3.2.5/cores/esp32/Arduino.h:143:9: warning: "NUM_ANALOG_INPUTS" redefined
  143 | #define NUM_ANALOG_INPUTS (SOC_ADC_CHANNEL_NUM(0) + SOC_ADC_CHANNEL_NUM(1))  // Depends on the SoC (ESP32, ESP32S2, ESP32S3, ESP32C3)
      |         ^~~~~~~~~~~~~~~~~
/home/runner/.arduino15/packages/m5stack/hardware/esp32/3.2.5/variants/m5stack_cardputer/pins_arduino.h:14:9: note: this is the location of the previous definition
   14 | #define NUM_ANALOG_INPUTS       15
      |         ^~~~~~~~~~~~~~~~~
/home/runner/.arduino15/packages/m5stack/hardware/esp32/3.2.5/cores/esp32/Arduino.h:145:9: warning: "EXTERNAL_NUM_INTERRUPTS" redefined
  145 | #define EXTERNAL_NUM_INTERRUPTS    NUM_DIGITAL_PINS  // All GPIOs
      |         ^~~~~~~~~~~~~~~~~~~~~~~
/home/runner/.arduino15/packages/m5stack/hardware/esp32/3.2.5/variants/m5stack_cardputer/pins_arduino.h:12:9: note: this is the location of the previous definition
   12 | #define EXTERNAL_NUM_INTERRUPTS 23
      |         ^~~~~~~~~~~~~~~~~~~~~~~
/home/runner/.arduino15/packages/m5stack/hardware/esp32/3.2.5/cores/esp32/Arduino.h:146:9: warning: "analogInputToDigitalPin" redefined
  146 | #define analogInputToDigitalPin(p) (((p) < NUM_ANALOG_INPUTS) ? (analogChannelToDigitalPin(p)) : -1)
      |         ^~~~~~~~~~~~~~~~~~~~~~~
/home/runner/.arduino15/packages/m5stack/hardware/esp32/3.2.5/variants/m5stack_cardputer/pins_arduino.h:16:9: note: this is the location of the previous definition
   16 | #define analogInputToDigitalPin(p) (((p) < 20) ? (analogChannelToDigitalPin(p)) : -1)
      |         ^~~~~~~~~~~~~~~~~~~~~~~
/home/runner/.arduino15/packages/m5stack/hardware/esp32/3.2.5/cores/esp32/Arduino.h:147:9: warning: "digitalPinToInterrupt" redefined
  147 | #define digitalPinToInterrupt(p)   ((((uint8_t)digitalPinToGPIONumber(p)) < NUM_DIGITAL_PINS) ? (p) : NOT_AN_INTERRUPT)
      |         ^~~~~~~~~~~~~~~~~~~~~
/home/runner/.arduino15/packages/m5stack/hardware/esp32/3.2.5/variants/m5stack_cardputer/pins_arduino.h:17:9: note: this is the location of the previous definition
   17 | #define digitalPinToInterrupt(p)   (((p) < 48) ? (p) : -1)
      |         ^~~~~~~~~~~~~~~~~~~~~
/home/runner/.arduino15/packages/m5stack/hardware/esp32/3.2.5/cores/esp32/Arduino.h:148:9: warning: "digitalPinHasPWM" redefined
  148 | #define digitalPinHasPWM(p)        (((uint8_t)digitalPinToGPIONumber(p)) < NUM_DIGITAL_PINS)
      |         ^~~~~~~~~~~~~~~~
/home/runner/.arduino15/packages/m5stack/hardware/esp32/3.2.5/variants/m5stack_cardputer/pins_arduino.h:18:9: note: this is the location of the previous definition
   18 | #define digitalPinHasPWM(p)        (p < 46)
      |         ^~~~~~~~~~~~~~~~
In file included from /home/runner/Arduino/libraries/M5HAL/src/./m5_hal/frameworks/arduino/header.hpp:7,
                 from /home/runner/Arduino/libraries/M5HAL/src/M5HAL.hpp:29,
                 from /home/runner/Arduino/libraries/M5UnitUnified/src/m5_unit_component/adapter_base.hpp:16,
                 from /home/runner/Arduino/libraries/M5UnitUnified/src/m5_unit_component/adapter.hpp:14,
                 from /home/runner/Arduino/libraries/M5UnitUnified/src/M5UnitComponent.hpp:14,
                 from /home/runner/Arduino/libraries/M5UnitENV/src/unit/unit_SPA06.hpp:13,
                 from /home/runner/Arduino/libraries/M5UnitENV/src/unit/unit_SPA06.cpp:10:
/home/runner/.arduino15/packages/m5stack/hardware/esp32/3.2.5/cores/esp32/Arduino.h:139:9: warning: "NUM_DIGITAL_PINS" redefined
  139 | #define NUM_DIGITAL_PINS SOC_GPIO_PIN_COUNT  // All GPIOs
      |         ^~~~~~~~~~~~~~~~
In file included from /home/runner/.arduino15/packages/m5stack/hardware/esp32/3.2.5/cores/esp32/Arduino.h:43:
/home/runner/.arduino15/packages/m5stack/hardware/esp32/3.2.5/variants/m5stack_cardputer/pins_arduino.h:13:9: note: this is the location of the previous definition
   13 | #define NUM_DIGITAL_PINS        46
      |         ^~~~~~~~~~~~~~~~
/home/runner/.arduino15/packages/m5stack/hardware/esp32/3.2.5/cores/esp32/Arduino.h:143:9: warning: "NUM_ANALOG_INPUTS" redefined
  143 | #define NUM_ANALOG_INPUTS (SOC_ADC_CHANNEL_NUM(0) + SOC_ADC_CHANNEL_NUM(1))  // Depends on the SoC (ESP32, ESP32S2, ESP32S3, ESP32C3)
      |         ^~~~~~~~~~~~~~~~~
/home/runner/.arduino15/packages/m5stack/hardware/esp32/3.2.5/variants/m5stack_cardputer/pins_arduino.h:14:9: note: this is the location of the previous definition
   14 | #define NUM_ANALOG_INPUTS       15
      |         ^~~~~~~~~~~~~~~~~
/home/runner/.arduino15/packages/m5stack/hardware/esp32/3.2.5/cores/esp32/Arduino.h:145:9: warning: "EXTERNAL_NUM_INTERRUPTS" redefined
  145 | #define EXTERNAL_NUM_INTERRUPTS    NUM_DIGITAL_PINS  // All GPIOs
      |         ^~~~~~~~~~~~~~~~~~~~~~~
/home/runner/.arduino15/packages/m5stack/hardware/esp32/3.2.5/variants/m5stack_cardputer/pins_arduino.h:12:9: note: this is the location of the previous definition
   12 | #define EXTERNAL_NUM_INTERRUPTS 23
      |         ^~~~~~~~~~~~~~~~~~~~~~~
/home/runner/.arduino15/packages/m5stack/hardware/esp32/3.2.5/cores/esp32/Arduino.h:146:9: warning: "analogInputToDigitalPin" redefined
  146 | #define analogInputToDigitalPin(p) (((p) < NUM_ANALOG_INPUTS) ? (analogChannelToDigitalPin(p)) : -1)
      |         ^~~~~~~~~~~~~~~~~~~~~~~
/home/runner/.arduino15/packages/m5stack/hardware/esp32/3.2.5/variants/m5stack_cardputer/pins_arduino.h:16:9: note: this is the location of the previous definition
   16 | #define analogInputToDigitalPin(p) (((p) < 20) ? (analogChannelToDigitalPin(p)) : -1)
      |         ^~~~~~~~~~~~~~~~~~~~~~~
/home/runner/.arduino15/packages/m5stack/hardware/esp32/3.2.5/cores/esp32/Arduino.h:147:9: warning: "digitalPinToInterrupt" redefined
  147 | #define digitalPinToInterrupt(p)   ((((uint8_t)digitalPinToGPIONumber(p)) < NUM_DIGITAL_PINS) ? (p) : NOT_AN_INTERRUPT)
      |         ^~~~~~~~~~~~~~~~~~~~~
/home/runner/.arduino15/packages/m5stack/hardware/esp32/3.2.5/variants/m5stack_cardputer/pins_arduino.h:17:9: note: this is the location of the previous definition
   17 | #define digitalPinToInterrupt(p)   (((p) < 48) ? (p) : -1)
      |         ^~~~~~~~~~~~~~~~~~~~~
/home/runner/.arduino15/packages/m5stack/hardware/esp32/3.2.5/cores/esp32/Arduino.h:148:9: warning: "digitalPinHasPWM" redefined
  148 | #define digitalPinHasPWM(p)        (((uint8_t)digitalPinToGPIONumber(p)) < NUM_DIGITAL_PINS)
      |         ^~~~~~~~~~~~~~~~
/home/runner/.arduino15/packages/m5stack/hardware/esp32/3.2.5/variants/m5stack_cardputer/pins_arduino.h:18:9: note: this is the location of the previous definition
   18 | #define digitalPinHasPWM(p)        (p < 46)
      |         ^~~~~~~~~~~~~~~~
In file included from /home/runner/.arduino15/packages/m5stack/hardware/esp32/3.2.5/libraries/Wire/src/Wire.cpp:39:
/home/runner/.arduino15/packages/m5stack/hardware/esp32/3.2.5/cores/esp32/Arduino.h:139:9: warning: "NUM_DIGITAL_PINS" redefined
  139 | #define NUM_DIGITAL_PINS SOC_GPIO_PIN_COUNT  // All GPIOs
      |         ^~~~~~~~~~~~~~~~
In file included from /home/runner/.arduino15/packages/m5stack/hardware/esp32/3.2.5/cores/esp32/esp32-hal-gpio.h:27,
                 from /home/runner/.arduino15/packages/m5stack/hardware/esp32/3.2.5/cores/esp32/esp32-hal.h:88,
                 from /home/runner/.arduino15/packages/m5stack/hardware/esp32/3.2.5/libraries/Wire/src/Wire.h:33,
                 from /home/runner/.arduino15/packages/m5stack/hardware/esp32/3.2.5/libraries/Wire/src/Wire.cpp:38:
/home/runner/.arduino15/packages/m5stack/hardware/esp32/3.2.5/variants/m5stack_cardputer/pins_arduino.h:13:9: note: this is the location of the previous definition
   13 | #define NUM_DIGITAL_PINS        46
      |         ^~~~~~~~~~~~~~~~
/home/runner/.arduino15/packages/m5stack/hardware/esp32/3.2.5/cores/esp32/Arduino.h:143:9: warning: "NUM_ANALOG_INPUTS" redefined
  143 | #define NUM_ANALOG_INPUTS (SOC_ADC_CHANNEL_NUM(0) + SOC_ADC_CHANNEL_NUM(1))  // Depends on the SoC (ESP32, ESP32S2, ESP32S3, ESP32C3)
      |         ^~~~~~~~~~~~~~~~~
/home/runner/.arduino15/packages/m5stack/hardware/esp32/3.2.5/variants/m5stack_cardputer/pins_arduino.h:14:9: note: this is the location of the previous definition
   14 | #define NUM_ANALOG_INPUTS       15
      |         ^~~~~~~~~~~~~~~~~
/home/runner/.arduino15/packages/m5stack/hardware/esp32/3.2.5/cores/esp32/Arduino.h:145:9: warning: "EXTERNAL_NUM_INTERRUPTS" redefined
  145 | #define EXTERNAL_NUM_INTERRUPTS    NUM_DIGITAL_PINS  // All GPIOs
      |         ^~~~~~~~~~~~~~~~~~~~~~~
/home/runner/.arduino15/packages/m5stack/hardware/esp32/3.2.5/variants/m5stack_cardputer/pins_arduino.h:12:9: note: this is the location of the previous definition
   12 | #define EXTERNAL_NUM_INTERRUPTS 23
      |         ^~~~~~~~~~~~~~~~~~~~~~~
/home/runner/.arduino15/packages/m5stack/hardware/esp32/3.2.5/cores/esp32/Arduino.h:146:9: warning: "analogInputToDigitalPin" redefined
  146 | #define analogInputToDigitalPin(p) (((p) < NUM_ANALOG_INPUTS) ? (analogChannelToDigitalPin(p)) : -1)
      |         ^~~~~~~~~~~~~~~~~~~~~~~
/home/runner/.arduino15/packages/m5stack/hardware/esp32/3.2.5/variants/m5stack_cardputer/pins_arduino.h:16:9: note: this is the location of the previous definition
   16 | #define analogInputToDigitalPin(p) (((p) < 20) ? (analogChannelToDigitalPin(p)) : -1)
      |         ^~~~~~~~~~~~~~~~~~~~~~~
/home/runner/.arduino15/packages/m5stack/hardware/esp32/3.2.5/cores/esp32/Arduino.h:147:9: warning: "digitalPinToInterrupt" redefined
  147 | #define digitalPinToInterrupt(p)   ((((uint8_t)digitalPinToGPIONumber(p)) < NUM_DIGITAL_PINS) ? (p) : NOT_AN_INTERRUPT)
      |         ^~~~~~~~~~~~~~~~~~~~~
/home/runner/.arduino15/packages/m5stack/hardware/esp32/3.2.5/variants/m5stack_cardputer/pins_arduino.h:17:9: note: this is the location of the previous definition
   17 | #define digitalPinToInterrupt(p)   (((p) < 48) ? (p) : -1)
      |         ^~~~~~~~~~~~~~~~~~~~~
/home/runner/.arduino15/packages/m5stack/hardware/esp32/3.2.5/cores/esp32/Arduino.h:148:9: warning: "digitalPinHasPWM" redefined
  148 | #define digitalPinHasPWM(p)        (((uint8_t)digitalPinToGPIONumber(p)) < NUM_DIGITAL_PINS)
      |         ^~~~~~~~~~~~~~~~
/home/runner/.arduino15/packages/m5stack/hardware/esp32/3.2.5/variants/m5stack_cardputer/pins_arduino.h:18:9: note: this is the location of the previous definition
   18 | #define digitalPinHasPWM(p)        (p < 46)
      |         ^~~~~~~~~~~~~~~~
In file included from /home/runner/Arduino/libraries/ESP8266Audio/src/AudioFileSourceBuffer.cpp:21:
/home/runner/.arduino15/packages/m5stack/hardware/esp32/3.2.5/cores/esp32/Arduino.h:139:9: warning: "NUM_DIGITAL_PINS" redefined
  139 | #define NUM_DIGITAL_PINS SOC_GPIO_PIN_COUNT  // All GPIOs
      |         ^~~~~~~~~~~~~~~~
In file included from /home/runner/.arduino15/packages/m5stack/hardware/esp32/3.2.5/cores/esp32/Arduino.h:43:
/home/runner/.arduino15/packages/m5stack/hardware/esp32/3.2.5/variants/m5stack_cardputer/pins_arduino.h:13:9: note: this is the location of the previous definition
   13 | #define NUM_DIGITAL_PINS        46
      |         ^~~~~~~~~~~~~~~~
/home/runner/.arduino15/packages/m5stack/hardware/esp32/3.2.5/cores/esp32/Arduino.h:143:9: warning: "NUM_ANALOG_INPUTS" redefined
  143 | #define NUM_ANALOG_INPUTS (SOC_ADC_CHANNEL_NUM(0) + SOC_ADC_CHANNEL_NUM(1))  // Depends on the SoC (ESP32, ESP32S2, ESP32S3, ESP32C3)
      |         ^~~~~~~~~~~~~~~~~
/home/runner/.arduino15/packages/m5stack/hardware/esp32/3.2.5/variants/m5stack_cardputer/pins_arduino.h:14:9: note: this is the location of the previous definition
   14 | #define NUM_ANALOG_INPUTS       15
      |         ^~~~~~~~~~~~~~~~~
/home/runner/.arduino15/packages/m5stack/hardware/esp32/3.2.5/cores/esp32/Arduino.h:145:9: warning: "EXTERNAL_NUM_INTERRUPTS" redefined
  145 | #define EXTERNAL_NUM_INTERRUPTS    NUM_DIGITAL_PINS  // All GPIOs
      |         ^~~~~~~~~~~~~~~~~~~~~~~
/home/runner/.arduino15/packages/m5stack/hardware/esp32/3.2.5/variants/m5stack_cardputer/pins_arduino.h:12:9: note: this is the location of the previous definition
   12 | #define EXTERNAL_NUM_INTERRUPTS 23
      |         ^~~~~~~~~~~~~~~~~~~~~~~
/home/runner/.arduino15/packages/m5stack/hardware/esp32/3.2.5/cores/esp32/Arduino.h:146:9: warning: "analogInputToDigitalPin" redefined
  146 | #define analogInputToDigitalPin(p) (((p) < NUM_ANALOG_INPUTS) ? (analogChannelToDigitalPin(p)) : -1)
      |         ^~~~~~~~~~~~~~~~~~~~~~~
/home/runner/.arduino15/packages/m5stack/hardware/esp32/3.2.5/variants/m5stack_cardputer/pins_arduino.h:16:9: note: this is the location of the previous definition
   16 | #define analogInputToDigitalPin(p) (((p) < 20) ? (analogChannelToDigitalPin(p)) : -1)
      |         ^~~~~~~~~~~~~~~~~~~~~~~
/home/runner/.arduino15/packages/m5stack/hardware/esp32/3.2.5/cores/esp32/Arduino.h:147:9: warning: "digitalPinToInterrupt" redefined
  147 | #define digitalPinToInterrupt(p)   ((((uint8_t)digitalPinToGPIONumber(p)) < NUM_DIGITAL_PINS) ? (p) : NOT_AN_INTERRUPT)
      |         ^~~~~~~~~~~~~~~~~~~~~
/home/runner/.arduino15/packages/m5stack/hardware/esp32/3.2.5/variants/m5stack_cardputer/pins_arduino.h:17:9: note: this is the location of the previous definition
   17 | #define digitalPinToInterrupt(p)   (((p) < 48) ? (p) : -1)
      |         ^~~~~~~~~~~~~~~~~~~~~
/home/runner/.arduino15/packages/m5stack/hardware/esp32/3.2.5/cores/esp32/Arduino.h:148:9: warning: "digitalPinHasPWM" redefined
  148 | #define digitalPinHasPWM(p)        (((uint8_t)digitalPinToGPIONumber(p)) < NUM_DIGITAL_PINS)
      |         ^~~~~~~~~~~~~~~~
/home/runner/.arduino15/packages/m5stack/hardware/esp32/3.2.5/variants/m5stack_cardputer/pins_arduino.h:18:9: note: this is the location of the previous definition
   18 | #define digitalPinHasPWM(p)        (p < 46)
      |         ^~~~~~~~~~~~~~~~
In file included from /home/runner/Arduino/libraries/ESP8266Audio/src/AudioFileSourceFunction.h:24,
                 from /home/runner/Arduino/libraries/ESP8266Audio/src/AudioFileSourceFunction.cpp:21:
/home/runner/.arduino15/packages/m5stack/hardware/esp32/3.2.5/cores/esp32/Arduino.h:139:9: warning: "NUM_DIGITAL_PINS" redefined
  139 | #define NUM_DIGITAL_PINS SOC_GPIO_PIN_COUNT  // All GPIOs
      |         ^~~~~~~~~~~~~~~~
In file included from /home/runner/.arduino15/packages/m5stack/hardware/esp32/3.2.5/cores/esp32/Arduino.h:43:
/home/runner/.arduino15/packages/m5stack/hardware/esp32/3.2.5/variants/m5stack_cardputer/pins_arduino.h:13:9: note: this is the location of the previous definition
   13 | #define NUM_DIGITAL_PINS        46
      |         ^~~~~~~~~~~~~~~~
/home/runner/.arduino15/packages/m5stack/hardware/esp32/3.2.5/cores/esp32/Arduino.h:143:9: warning: "NUM_ANALOG_INPUTS" redefined
  143 | #define NUM_ANALOG_INPUTS (SOC_ADC_CHANNEL_NUM(0) + SOC_ADC_CHANNEL_NUM(1))  // Depends on the SoC (ESP32, ESP32S2, ESP32S3, ESP32C3)
      |         ^~~~~~~~~~~~~~~~~
/home/runner/.arduino15/packages/m5stack/hardware/esp32/3.2.5/variants/m5stack_cardputer/pins_arduino.h:14:9: note: this is the location of the previous definition
   14 | #define NUM_ANALOG_INPUTS       15
      |         ^~~~~~~~~~~~~~~~~
/home/runner/.arduino15/packages/m5stack/hardware/esp32/3.2.5/cores/esp32/Arduino.h:145:9: warning: "EXTERNAL_NUM_INTERRUPTS" redefined
  145 | #define EXTERNAL_NUM_INTERRUPTS    NUM_DIGITAL_PINS  // All GPIOs
      |         ^~~~~~~~~~~~~~~~~~~~~~~
/home/runner/.arduino15/packages/m5stack/hardware/esp32/3.2.5/variants/m5stack_cardputer/pins_arduino.h:12:9: note: this is the location of the previous definition
   12 | #define EXTERNAL_NUM_INTERRUPTS 23
      |         ^~~~~~~~~~~~~~~~~~~~~~~
/home/runner/.arduino15/packages/m5stack/hardware/esp32/3.2.5/cores/esp32/Arduino.h:146:9: warning: "analogInputToDigitalPin" redefined
  146 | #define analogInputToDigitalPin(p) (((p) < NUM_ANALOG_INPUTS) ? (analogChannelToDigitalPin(p)) : -1)
      |         ^~~~~~~~~~~~~~~~~~~~~~~
/home/runner/.arduino15/packages/m5stack/hardware/esp32/3.2.5/variants/m5stack_cardputer/pins_arduino.h:16:9: note: this is the location of the previous definition
   16 | #define analogInputToDigitalPin(p) (((p) < 20) ? (analogChannelToDigitalPin(p)) : -1)
      |         ^~~~~~~~~~~~~~~~~~~~~~~
/home/runner/.arduino15/packages/m5stack/hardware/esp32/3.2.5/cores/esp32/Arduino.h:147:9: warning: "digitalPinToInterrupt" redefined
  147 | #define digitalPinToInterrupt(p)   ((((uint8_t)digitalPinToGPIONumber(p)) < NUM_DIGITAL_PINS) ? (p) : NOT_AN_INTERRUPT)
      |         ^~~~~~~~~~~~~~~~~~~~~
/home/runner/.arduino15/packages/m5stack/hardware/esp32/3.2.5/variants/m5stack_cardputer/pins_arduino.h:17:9: note: this is the location of the previous definition
   17 | #define digitalPinToInterrupt(p)   (((p) < 48) ? (p) : -1)
      |         ^~~~~~~~~~~~~~~~~~~~~
/home/runner/.arduino15/packages/m5stack/hardware/esp32/3.2.5/cores/esp32/Arduino.h:148:9: warning: "digitalPinHasPWM" redefined
  148 | #define digitalPinHasPWM(p)        (((uint8_t)digitalPinToGPIONumber(p)) < NUM_DIGITAL_PINS)
      |         ^~~~~~~~~~~~~~~~
/home/runner/.arduino15/packages/m5stack/hardware/esp32/3.2.5/variants/m5stack_cardputer/pins_arduino.h:18:9: note: this is the location of the previous definition
   18 | #define digitalPinHasPWM(p)        (p < 46)
      |         ^~~~~~~~~~~~~~~~
In file included from /home/runner/Arduino/libraries/ESP8266Audio/src/AudioFileSourceFS.h:24,
                 from /home/runner/Arduino/libraries/ESP8266Audio/src/AudioFileSourceFS.cpp:21:
/home/runner/.arduino15/packages/m5stack/hardware/esp32/3.2.5/cores/esp32/Arduino.h:139:9: warning: "NUM_DIGITAL_PINS" redefined
  139 | #define NUM_DIGITAL_PINS SOC_GPIO_PIN_COUNT  // All GPIOs
      |         ^~~~~~~~~~~~~~~~
In file included from /home/runner/.arduino15/packages/m5stack/hardware/esp32/3.2.5/cores/esp32/Arduino.h:43:
/home/runner/.arduino15/packages/m5stack/hardware/esp32/3.2.5/variants/m5stack_cardputer/pins_arduino.h:13:9: note: this is the location of the previous definition
   13 | #define NUM_DIGITAL_PINS        46
      |         ^~~~~~~~~~~~~~~~
/home/runner/.arduino15/packages/m5stack/hardware/esp32/3.2.5/cores/esp32/Arduino.h:143:9: warning: "NUM_ANALOG_INPUTS" redefined
  143 | #define NUM_ANALOG_INPUTS (SOC_ADC_CHANNEL_NUM(0) + SOC_ADC_CHANNEL_NUM(1))  // Depends on the SoC (ESP32, ESP32S2, ESP32S3, ESP32C3)
      |         ^~~~~~~~~~~~~~~~~
/home/runner/.arduino15/packages/m5stack/hardware/esp32/3.2.5/variants/m5stack_cardputer/pins_arduino.h:14:9: note: this is the location of the previous definition
   14 | #define NUM_ANALOG_INPUTS       15
      |         ^~~~~~~~~~~~~~~~~
/home/runner/.arduino15/packages/m5stack/hardware/esp32/3.2.5/cores/esp32/Arduino.h:145:9: warning: "EXTERNAL_NUM_INTERRUPTS" redefined
  145 | #define EXTERNAL_NUM_INTERRUPTS    NUM_DIGITAL_PINS  // All GPIOs
      |         ^~~~~~~~~~~~~~~~~~~~~~~
/home/runner/.arduino15/packages/m5stack/hardware/esp32/3.2.5/variants/m5stack_cardputer/pins_arduino.h:12:9: note: this is the location of the previous definition
   12 | #define EXTERNAL_NUM_INTERRUPTS 23
      |         ^~~~~~~~~~~~~~~~~~~~~~~
/home/runner/.arduino15/packages/m5stack/hardware/esp32/3.2.5/cores/esp32/Arduino.h:146:9: warning: "analogInputToDigitalPin" redefined
  146 | #define analogInputToDigitalPin(p) (((p) < NUM_ANALOG_INPUTS) ? (analogChannelToDigitalPin(p)) : -1)
      |         ^~~~~~~~~~~~~~~~~~~~~~~
/home/runner/.arduino15/packages/m5stack/hardware/esp32/3.2.5/variants/m5stack_cardputer/pins_arduino.h:16:9: note: this is the location of the previous definition
   16 | #define analogInputToDigitalPin(p) (((p) < 20) ? (analogChannelToDigitalPin(p)) : -1)
      |         ^~~~~~~~~~~~~~~~~~~~~~~
/home/runner/.arduino15/packages/m5stack/hardware/esp32/3.2.5/cores/esp32/Arduino.h:147:9: warning: "digitalPinToInterrupt" redefined
  147 | #define digitalPinToInterrupt(p)   ((((uint8_t)digitalPinToGPIONumber(p)) < NUM_DIGITAL_PINS) ? (p) : NOT_AN_INTERRUPT)
      |         ^~~~~~~~~~~~~~~~~~~~~
/home/runner/.arduino15/packages/m5stack/hardware/esp32/3.2.5/variants/m5stack_cardputer/pins_arduino.h:17:9: note: this is the location of the previous definition
   17 | #define digitalPinToInterrupt(p)   (((p) < 48) ? (p) : -1)
      |         ^~~~~~~~~~~~~~~~~~~~~
/home/runner/.arduino15/packages/m5stack/hardware/esp32/3.2.5/cores/esp32/Arduino.h:148:9: warning: "digitalPinHasPWM" redefined
  148 | #define digitalPinHasPWM(p)        (((uint8_t)digitalPinToGPIONumber(p)) < NUM_DIGITAL_PINS)
      |         ^~~~~~~~~~~~~~~~
/home/runner/.arduino15/packages/m5stack/hardware/esp32/3.2.5/variants/m5stack_cardputer/pins_arduino.h:18:9: note: this is the location of the previous definition
   18 | #define digitalPinHasPWM(p)        (p < 46)
      |         ^~~~~~~~~~~~~~~~
In file included from /home/runner/Arduino/libraries/ESP8266Audio/src/AudioFileSourceHTTPStream.h:24,
                 from /home/runner/Arduino/libraries/ESP8266Audio/src/AudioFileSourceHTTPStream.cpp:23:
/home/runner/.arduino15/packages/m5stack/hardware/esp32/3.2.5/cores/esp32/Arduino.h:139:9: warning: "NUM_DIGITAL_PINS" redefined
  139 | #define NUM_DIGITAL_PINS SOC_GPIO_PIN_COUNT  // All GPIOs
      |         ^~~~~~~~~~~~~~~~
In file included from /home/runner/.arduino15/packages/m5stack/hardware/esp32/3.2.5/cores/esp32/Arduino.h:43:
/home/runner/.arduino15/packages/m5stack/hardware/esp32/3.2.5/variants/m5stack_cardputer/pins_arduino.h:13:9: note: this is the location of the previous definition
   13 | #define NUM_DIGITAL_PINS        46
      |         ^~~~~~~~~~~~~~~~
/home/runner/.arduino15/packages/m5stack/hardware/esp32/3.2.5/cores/esp32/Arduino.h:143:9: warning: "NUM_ANALOG_INPUTS" redefined
  143 | #define NUM_ANALOG_INPUTS (SOC_ADC_CHANNEL_NUM(0) + SOC_ADC_CHANNEL_NUM(1))  // Depends on the SoC (ESP32, ESP32S2, ESP32S3, ESP32C3)
      |         ^~~~~~~~~~~~~~~~~
/home/runner/.arduino15/packages/m5stack/hardware/esp32/3.2.5/variants/m5stack_cardputer/pins_arduino.h:14:9: note: this is the location of the previous definition
   14 | #define NUM_ANALOG_INPUTS       15
      |         ^~~~~~~~~~~~~~~~~
/home/runner/.arduino15/packages/m5stack/hardware/esp32/3.2.5/cores/esp32/Arduino.h:145:9: warning: "EXTERNAL_NUM_INTERRUPTS" redefined
  145 | #define EXTERNAL_NUM_INTERRUPTS    NUM_DIGITAL_PINS  // All GPIOs
      |         ^~~~~~~~~~~~~~~~~~~~~~~
/home/runner/.arduino15/packages/m5stack/hardware/esp32/3.2.5/variants/m5stack_cardputer/pins_arduino.h:12:9: note: this is the location of the previous definition
   12 | #define EXTERNAL_NUM_INTERRUPTS 23
      |         ^~~~~~~~~~~~~~~~~~~~~~~
/home/runner/.arduino15/packages/m5stack/hardware/esp32/3.2.5/cores/esp32/Arduino.h:146:9: warning: "analogInputToDigitalPin" redefined
  146 | #define analogInputToDigitalPin(p) (((p) < NUM_ANALOG_INPUTS) ? (analogChannelToDigitalPin(p)) : -1)
      |         ^~~~~~~~~~~~~~~~~~~~~~~
/home/runner/.arduino15/packages/m5stack/hardware/esp32/3.2.5/variants/m5stack_cardputer/pins_arduino.h:16:9: note: this is the location of the previous definition
   16 | #define analogInputToDigitalPin(p) (((p) < 20) ? (analogChannelToDigitalPin(p)) : -1)
      |         ^~~~~~~~~~~~~~~~~~~~~~~
/home/runner/.arduino15/packages/m5stack/hardware/esp32/3.2.5/cores/esp32/Arduino.h:147:9: warning: "digitalPinToInterrupt" redefined
  147 | #define digitalPinToInterrupt(p)   ((((uint8_t)digitalPinToGPIONumber(p)) < NUM_DIGITAL_PINS) ? (p) : NOT_AN_INTERRUPT)
      |         ^~~~~~~~~~~~~~~~~~~~~
/home/runner/.arduino15/packages/m5stack/hardware/esp32/3.2.5/variants/m5stack_cardputer/pins_arduino.h:17:9: note: this is the location of the previous definition
   17 | #define digitalPinToInterrupt(p)   (((p) < 48) ? (p) : -1)
      |         ^~~~~~~~~~~~~~~~~~~~~
/home/runner/.arduino15/packages/m5stack/hardware/esp32/3.2.5/cores/esp32/Arduino.h:148:9: warning: "digitalPinHasPWM" redefined
  148 | #define digitalPinHasPWM(p)        (((uint8_t)digitalPinToGPIONumber(p)) < NUM_DIGITAL_PINS)
      |         ^~~~~~~~~~~~~~~~
/home/runner/.arduino15/packages/m5stack/hardware/esp32/3.2.5/variants/m5stack_cardputer/pins_arduino.h:18:9: note: this is the location of the previous definition
   18 | #define digitalPinHasPWM(p)        (p < 46)
      |         ^~~~~~~~~~~~~~~~
/home/runner/Arduino/libraries/ESP8266Audio/src/AudioFileSourceHTTPStream.h:56:5: error: 'WiFiClient' does not name a type
   56 |     WiFiClient client;
      |     ^~~~~~~~~~
/home/runner/Arduino/libraries/ESP8266Audio/src/AudioFileSourceHTTPStream.cpp: In member function 'virtual bool AudioFileSourceHTTPStream::open(const char*)':
/home/runner/Arduino/libraries/ESP8266Audio/src/AudioFileSourceHTTPStream.cpp:42:14: error: 'client' was not declared in this scope; did you mean 'Client'?
   42 |   http.begin(client, url);
      |              ^~~~~~
      |              Client
/home/runner/Arduino/libraries/ESP8266Audio/src/AudioFileSourceHTTPStream.cpp: In member function 'virtual uint32_t AudioFileSourceHTTPStream::readInternal(void*, uint32_t, bool)':
/home/runner/Arduino/libraries/ESP8266Audio/src/AudioFileSourceHTTPStream.cpp:105:3: error: 'WiFiClient' was not declared in this scope
  105 |   WiFiClient *stream = http.getStreamPtr();
      |   ^~~~~~~~~~
/home/runner/Arduino/libraries/ESP8266Audio/src/AudioFileSourceHTTPStream.cpp:105:15: error: 'stream' was not declared in this scope; did you mean 'std::io_errc::stream'?
  105 |   WiFiClient *stream = http.getStreamPtr();
      |               ^~~~~~
      |               std::io_errc::stream
In file included from /home/runner/.arduino15/packages/m5stack/tools/esp-x32/2411/xtensa-esp-elf/include/c++/14.2.0/ios:44,
                 from /home/runner/.arduino15/packages/m5stack/tools/esp-x32/2411/xtensa-esp-elf/include/c++/14.2.0/ostream:40,
                 from /home/runner/.arduino15/packages/m5stack/tools/esp-x32/2411/xtensa-esp-elf/include/c++/14.2.0/bits/unique_ptr.h:43,
                 from /home/runner/.arduino15/packages/m5stack/tools/esp-x32/2411/xtensa-esp-elf/include/c++/14.2.0/memory:78,
                 from /home/runner/.arduino15/packages/m5stack/hardware/esp32/3.2.5/libraries/HTTPClient/src/HTTPClient.h:34,
                 from /home/runner/Arduino/libraries/ESP8266Audio/src/AudioFileSourceHTTPStream.h:26:
/home/runner/.arduino15/packages/m5stack/tools/esp-x32/2411/xtensa-esp-elf/include/c++/14.2.0/bits/ios_base.h:225:24: note: 'std::io_errc::stream' declared here
  225 |   enum class io_errc { stream = 1 };
      |                        ^~~~~~
In file included from /home/runner/Arduino/libraries/ESP8266Audio/src/AudioFileSourceID3.h:24,
                 from /home/runner/Arduino/libraries/ESP8266Audio/src/AudioFileSourceID3.cpp:21:
/home/runner/.arduino15/packages/m5stack/hardware/esp32/3.2.5/cores/esp32/Arduino.h:139:9: warning: "NUM_DIGITAL_PINS" redefined
  139 | #define NUM_DIGITAL_PINS SOC_GPIO_PIN_COUNT  // All GPIOs
      |         ^~~~~~~~~~~~~~~~
In file included from /home/runner/.arduino15/packages/m5stack/hardware/esp32/3.2.5/cores/esp32/Arduino.h:43:
/home/runner/.arduino15/packages/m5stack/hardware/esp32/3.2.5/variants/m5stack_cardputer/pins_arduino.h:13:9: note: this is the location of the previous definition
   13 | #define NUM_DIGITAL_PINS        46
      |         ^~~~~~~~~~~~~~~~
/home/runner/.arduino15/packages/m5stack/hardware/esp32/3.2.5/cores/esp32/Arduino.h:143:9: warning: "NUM_ANALOG_INPUTS" redefined
  143 | #define NUM_ANALOG_INPUTS (SOC_ADC_CHANNEL_NUM(0) + SOC_ADC_CHANNEL_NUM(1))  // Depends on the SoC (ESP32, ESP32S2, ESP32S3, ESP32C3)
      |         ^~~~~~~~~~~~~~~~~
/home/runner/.arduino15/packages/m5stack/hardware/esp32/3.2.5/variants/m5stack_cardputer/pins_arduino.h:14:9: note: this is the location of the previous definition
   14 | #define NUM_ANALOG_INPUTS       15
      |         ^~~~~~~~~~~~~~~~~
/home/runner/.arduino15/packages/m5stack/hardware/esp32/3.2.5/cores/esp32/Arduino.h:145:9: warning: "EXTERNAL_NUM_INTERRUPTS" redefined
  145 | #define EXTERNAL_NUM_INTERRUPTS    NUM_DIGITAL_PINS  // All GPIOs
      |         ^~~~~~~~~~~~~~~~~~~~~~~
/home/runner/.arduino15/packages/m5stack/hardware/esp32/3.2.5/variants/m5stack_cardputer/pins_arduino.h:12:9: note: this is the location of the previous definition
   12 | #define EXTERNAL_NUM_INTERRUPTS 23
      |         ^~~~~~~~~~~~~~~~~~~~~~~
/home/runner/.arduino15/packages/m5stack/hardware/esp32/3.2.5/cores/esp32/Arduino.h:146:9: warning: "analogInputToDigitalPin" redefined
  146 | #define analogInputToDigitalPin(p) (((p) < NUM_ANALOG_INPUTS) ? (analogChannelToDigitalPin(p)) : -1)
      |         ^~~~~~~~~~~~~~~~~~~~~~~
/home/runner/.arduino15/packages/m5stack/hardware/esp32/3.2.5/variants/m5stack_cardputer/pins_arduino.h:16:9: note: this is the location of the previous definition
   16 | #define analogInputToDigitalPin(p) (((p) < 20) ? (analogChannelToDigitalPin(p)) : -1)
      |         ^~~~~~~~~~~~~~~~~~~~~~~
/home/runner/.arduino15/packages/m5stack/hardware/esp32/3.2.5/cores/esp32/Arduino.h:147:9: warning: "digitalPinToInterrupt" redefined
  147 | #define digitalPinToInterrupt(p)   ((((uint8_t)digitalPinToGPIONumber(p)) < NUM_DIGITAL_PINS) ? (p) : NOT_AN_INTERRUPT)
      |         ^~~~~~~~~~~~~~~~~~~~~
/home/runner/.arduino15/packages/m5stack/hardware/esp32/3.2.5/variants/m5stack_cardputer/pins_arduino.h:17:9: note: this is the location of the previous definition
   17 | #define digitalPinToInterrupt(p)   (((p) < 48) ? (p) : -1)
      |         ^~~~~~~~~~~~~~~~~~~~~
/home/runner/.arduino15/packages/m5stack/hardware/esp32/3.2.5/cores/esp32/Arduino.h:148:9: warning: "digitalPinHasPWM" redefined
  148 | #define digitalPinHasPWM(p)        (((uint8_t)digitalPinToGPIONumber(p)) < NUM_DIGITAL_PINS)
      |         ^~~~~~~~~~~~~~~~
/home/runner/.arduino15/packages/m5stack/hardware/esp32/3.2.5/variants/m5stack_cardputer/pins_arduino.h:18:9: note: this is the location of the previous definition
   18 | #define digitalPinHasPWM(p)        (p < 46)
      |         ^~~~~~~~~~~~~~~~
In file included from /home/runner/Arduino/libraries/ESP8266Audio/src/AudioFileSource.h:24,
                 from /home/runner/Arduino/libraries/ESP8266Audio/src/AudioFileSourcePROGMEM.h:24,
                 from /home/runner/Arduino/libraries/ESP8266Audio/src/AudioFileSourcePROGMEM.cpp:21:
/home/runner/.arduino15/packages/m5stack/hardware/esp32/3.2.5/cores/esp32/Arduino.h:139:9: warning: "NUM_DIGITAL_PINS" redefined
  139 | #define NUM_DIGITAL_PINS SOC_GPIO_PIN_COUNT  // All GPIOs
      |         ^~~~~~~~~~~~~~~~
In file included from /home/runner/.arduino15/packages/m5stack/hardware/esp32/3.2.5/cores/esp32/Arduino.h:43:
/home/runner/.arduino15/packages/m5stack/hardware/esp32/3.2.5/variants/m5stack_cardputer/pins_arduino.h:13:9: note: this is the location of the previous definition
   13 | #define NUM_DIGITAL_PINS        46
      |         ^~~~~~~~~~~~~~~~
/home/runner/.arduino15/packages/m5stack/hardware/esp32/3.2.5/cores/esp32/Arduino.h:143:9: warning: "NUM_ANALOG_INPUTS" redefined
  143 | #define NUM_ANALOG_INPUTS (SOC_ADC_CHANNEL_NUM(0) + SOC_ADC_CHANNEL_NUM(1))  // Depends on the SoC (ESP32, ESP32S2, ESP32S3, ESP32C3)
      |         ^~~~~~~~~~~~~~~~~
/home/runner/.arduino15/packages/m5stack/hardware/esp32/3.2.5/variants/m5stack_cardputer/pins_arduino.h:14:9: note: this is the location of the previous definition
   14 | #define NUM_ANALOG_INPUTS       15
      |         ^~~~~~~~~~~~~~~~~
/home/runner/.arduino15/packages/m5stack/hardware/esp32/3.2.5/cores/esp32/Arduino.h:145:9: warning: "EXTERNAL_NUM_INTERRUPTS" redefined
  145 | #define EXTERNAL_NUM_INTERRUPTS    NUM_DIGITAL_PINS  // All GPIOs
      |         ^~~~~~~~~~~~~~~~~~~~~~~
/home/runner/.arduino15/packages/m5stack/hardware/esp32/3.2.5/variants/m5stack_cardputer/pins_arduino.h:12:9: note: this is the location of the previous definition
   12 | #define EXTERNAL_NUM_INTERRUPTS 23
      |         ^~~~~~~~~~~~~~~~~~~~~~~
/home/runner/.arduino15/packages/m5stack/hardware/esp32/3.2.5/cores/esp32/Arduino.h:146:9: warning: "analogInputToDigitalPin" redefined
  146 | #define analogInputToDigitalPin(p) (((p) < NUM_ANALOG_INPUTS) ? (analogChannelToDigitalPin(p)) : -1)
      |         ^~~~~~~~~~~~~~~~~~~~~~~
/home/runner/.arduino15/packages/m5stack/hardware/esp32/3.2.5/variants/m5stack_cardputer/pins_arduino.h:16:9: note: this is the location of the previous definition
   16 | #define analogInputToDigitalPin(p) (((p) < 20) ? (analogChannelToDigitalPin(p)) : -1)
      |         ^~~~~~~~~~~~~~~~~~~~~~~
/home/runner/.arduino15/packages/m5stack/hardware/esp32/3.2.5/cores/esp32/Arduino.h:147:9: warning: "digitalPinToInterrupt" redefined
  147 | #define digitalPinToInterrupt(p)   ((((uint8_t)digitalPinToGPIONumber(p)) < NUM_DIGITAL_PINS) ? (p) : NOT_AN_INTERRUPT)
      |         ^~~~~~~~~~~~~~~~~~~~~
/home/runner/.arduino15/packages/m5stack/hardware/esp32/3.2.5/variants/m5stack_cardputer/pins_arduino.h:17:9: note: this is the location of the previous definition
   17 | #define digitalPinToInterrupt(p)   (((p) < 48) ? (p) : -1)
      |         ^~~~~~~~~~~~~~~~~~~~~
/home/runner/.arduino15/packages/m5stack/hardware/esp32/3.2.5/cores/esp32/Arduino.h:148:9: warning: "digitalPinHasPWM" redefined
  148 | #define digitalPinHasPWM(p)        (((uint8_t)digitalPinToGPIONumber(p)) < NUM_DIGITAL_PINS)
      |         ^~~~~~~~~~~~~~~~
/home/runner/.arduino15/packages/m5stack/hardware/esp32/3.2.5/variants/m5stack_cardputer/pins_arduino.h:18:9: note: this is the location of the previous definition
   18 | #define digitalPinHasPWM(p)        (p < 46)
      |         ^~~~~~~~~~~~~~~~
In file included from /home/runner/Arduino/libraries/ESP8266Audio/src/AudioFileSourceICYStream.h:24,
                 from /home/runner/Arduino/libraries/ESP8266Audio/src/AudioFileSourceICYStream.cpp:28:
/home/runner/.arduino15/packages/m5stack/hardware/esp32/3.2.5/cores/esp32/Arduino.h:139:9: warning: "NUM_DIGITAL_PINS" redefined
  139 | #define NUM_DIGITAL_PINS SOC_GPIO_PIN_COUNT  // All GPIOs
      |         ^~~~~~~~~~~~~~~~
In file included from /home/runner/.arduino15/packages/m5stack/hardware/esp32/3.2.5/cores/esp32/Arduino.h:43:
/home/runner/.arduino15/packages/m5stack/hardware/esp32/3.2.5/variants/m5stack_cardputer/pins_arduino.h:13:9: note: this is the location of the previous definition
   13 | #define NUM_DIGITAL_PINS        46
      |         ^~~~~~~~~~~~~~~~
/home/runner/.arduino15/packages/m5stack/hardware/esp32/3.2.5/cores/esp32/Arduino.h:143:9: warning: "NUM_ANALOG_INPUTS" redefined
  143 | #define NUM_ANALOG_INPUTS (SOC_ADC_CHANNEL_NUM(0) + SOC_ADC_CHANNEL_NUM(1))  // Depends on the SoC (ESP32, ESP32S2, ESP32S3, ESP32C3)
      |         ^~~~~~~~~~~~~~~~~
/home/runner/.arduino15/packages/m5stack/hardware/esp32/3.2.5/variants/m5stack_cardputer/pins_arduino.h:14:9: note: this is the location of the previous definition
   14 | #define NUM_ANALOG_INPUTS       15
      |         ^~~~~~~~~~~~~~~~~
/home/runner/.arduino15/packages/m5stack/hardware/esp32/3.2.5/cores/esp32/Arduino.h:145:9: warning: "EXTERNAL_NUM_INTERRUPTS" redefined
  145 | #define EXTERNAL_NUM_INTERRUPTS    NUM_DIGITAL_PINS  // All GPIOs
      |         ^~~~~~~~~~~~~~~~~~~~~~~
/home/runner/.arduino15/packages/m5stack/hardware/esp32/3.2.5/variants/m5stack_cardputer/pins_arduino.h:12:9: note: this is the location of the previous definition
   12 | #define EXTERNAL_NUM_INTERRUPTS 23
      |         ^~~~~~~~~~~~~~~~~~~~~~~
/home/runner/.arduino15/packages/m5stack/hardware/esp32/3.2.5/cores/esp32/Arduino.h:146:9: warning: "analogInputToDigitalPin" redefined
  146 | #define analogInputToDigitalPin(p) (((p) < NUM_ANALOG_INPUTS) ? (analogChannelToDigitalPin(p)) : -1)
      |         ^~~~~~~~~~~~~~~~~~~~~~~
/home/runner/.arduino15/packages/m5stack/hardware/esp32/3.2.5/variants/m5stack_cardputer/pins_arduino.h:16:9: note: this is the location of the previous definition
   16 | #define analogInputToDigitalPin(p) (((p) < 20) ? (analogChannelToDigitalPin(p)) : -1)
      |         ^~~~~~~~~~~~~~~~~~~~~~~
/home/runner/.arduino15/packages/m5stack/hardware/esp32/3.2.5/cores/esp32/Arduino.h:147:9: warning: "digitalPinToInterrupt" redefined
  147 | #define digitalPinToInterrupt(p)   ((((uint8_t)digitalPinToGPIONumber(p)) < NUM_DIGITAL_PINS) ? (p) : NOT_AN_INTERRUPT)
      |         ^~~~~~~~~~~~~~~~~~~~~
/home/runner/.arduino15/packages/m5stack/hardware/esp32/3.2.5/variants/m5stack_cardputer/pins_arduino.h:17:9: note: this is the location of the previous definition
   17 | #define digitalPinToInterrupt(p)   (((p) < 48) ? (p) : -1)
      |         ^~~~~~~~~~~~~~~~~~~~~
/home/runner/.arduino15/packages/m5stack/hardware/esp32/3.2.5/cores/esp32/Arduino.h:148:9: warning: "digitalPinHasPWM" redefined
  148 | #define digitalPinHasPWM(p)        (((uint8_t)digitalPinToGPIONumber(p)) < NUM_DIGITAL_PINS)
      |         ^~~~~~~~~~~~~~~~
/home/runner/.arduino15/packages/m5stack/hardware/esp32/3.2.5/variants/m5stack_cardputer/pins_arduino.h:18:9: note: this is the location of the previous definition
   18 | #define digitalPinHasPWM(p)        (p < 46)
      |         ^~~~~~~~~~~~~~~~
In file included from /home/runner/Arduino/libraries/ESP8266Audio/src/AudioFileSourceICYStream.h:31:
/home/runner/Arduino/libraries/ESP8266Audio/src/AudioFileSourceHTTPStream.h:56:5: error: 'WiFiClient' does not name a type
   56 |     WiFiClient client;
      |     ^~~~~~~~~~
/home/runner/Arduino/libraries/ESP8266Audio/src/AudioFileSourceICYStream.cpp: In member function 'virtual bool AudioFileSourceICYStream::open(const char*)':
/home/runner/Arduino/libraries/ESP8266Audio/src/AudioFileSourceICYStream.cpp:49:14: error: 'client' was not declared in this scope; did you mean 'Client'?
   49 |   http.begin(client, url);
      |              ^~~~~~
      |              Client
/home/runner/Arduino/libraries/ESP8266Audio/src/AudioFileSourceICYStream.cpp: In member function 'virtual uint32_t AudioFileSourceICYStream::readInternal(void*, uint32_t, bool)':
/home/runner/Arduino/libraries/ESP8266Audio/src/AudioFileSourceICYStream.cpp:118:3: error: 'WiFiClient' was not declared in this scope
  118 |   WiFiClient *stream = http.getStreamPtr();
      |   ^~~~~~~~~~
/home/runner/Arduino/libraries/ESP8266Audio/src/AudioFileSourceICYStream.cpp:118:15: error: 'stream' was not declared in this scope; did you mean 'std::io_errc::stream'?
  118 |   WiFiClient *stream = http.getStreamPtr();
      |               ^~~~~~
      |               std::io_errc::stream
In file included from /home/runner/.arduino15/packages/m5stack/tools/esp-x32/2411/xtensa-esp-elf/include/c++/14.2.0/ios:44,
                 from /home/runner/.arduino15/packages/m5stack/tools/esp-x32/2411/xtensa-esp-elf/include/c++/14.2.0/ostream:40,
                 from /home/runner/.arduino15/packages/m5stack/tools/esp-x32/2411/xtensa-esp-elf/include/c++/14.2.0/bits/unique_ptr.h:43,
                 from /home/runner/.arduino15/packages/m5stack/tools/esp-x32/2411/xtensa-esp-elf/include/c++/14.2.0/memory:78,
                 from /home/runner/.arduino15/packages/m5stack/hardware/esp32/3.2.5/libraries/HTTPClient/src/HTTPClient.h:34,
                 from /home/runner/Arduino/libraries/ESP8266Audio/src/AudioFileSourceICYStream.h:26:
/home/runner/.arduino15/packages/m5stack/tools/esp-x32/2411/xtensa-esp-elf/include/c++/14.2.0/bits/ios_base.h:225:24: note: 'std::io_errc::stream' declared here
  225 |   enum class io_errc { stream = 1 };
      |                        ^~~~~~
In file included from /home/runner/Arduino/libraries/ESP8266Audio/src/AudioFileSource.h:24,
                 from /home/runner/Arduino/libraries/ESP8266Audio/src/AudioFileSourceSD.h:24,
                 from /home/runner/Arduino/libraries/ESP8266Audio/src/AudioFileSourceSD.cpp:21:
/home/runner/.arduino15/packages/m5stack/hardware/esp32/3.2.5/cores/esp32/Arduino.h:139:9: warning: "NUM_DIGITAL_PINS" redefined
  139 | #define NUM_DIGITAL_PINS SOC_GPIO_PIN_COUNT  // All GPIOs
      |         ^~~~~~~~~~~~~~~~
In file included from /home/runner/.arduino15/packages/m5stack/hardware/esp32/3.2.5/cores/esp32/Arduino.h:43:
/home/runner/.arduino15/packages/m5stack/hardware/esp32/3.2.5/variants/m5stack_cardputer/pins_arduino.h:13:9: note: this is the location of the previous definition
   13 | #define NUM_DIGITAL_PINS        46
      |         ^~~~~~~~~~~~~~~~
/home/runner/.arduino15/packages/m5stack/hardware/esp32/3.2.5/cores/esp32/Arduino.h:143:9: warning: "NUM_ANALOG_INPUTS" redefined
  143 | #define NUM_ANALOG_INPUTS (SOC_ADC_CHANNEL_NUM(0) + SOC_ADC_CHANNEL_NUM(1))  // Depends on the SoC (ESP32, ESP32S2, ESP32S3, ESP32C3)
      |         ^~~~~~~~~~~~~~~~~
/home/runner/.arduino15/packages/m5stack/hardware/esp32/3.2.5/variants/m5stack_cardputer/pins_arduino.h:14:9: note: this is the location of the previous definition
   14 | #define NUM_ANALOG_INPUTS       15
      |         ^~~~~~~~~~~~~~~~~
/home/runner/.arduino15/packages/m5stack/hardware/esp32/3.2.5/cores/esp32/Arduino.h:145:9: warning: "EXTERNAL_NUM_INTERRUPTS" redefined
  145 | #define EXTERNAL_NUM_INTERRUPTS    NUM_DIGITAL_PINS  // All GPIOs
      |         ^~~~~~~~~~~~~~~~~~~~~~~
/home/runner/.arduino15/packages/m5stack/hardware/esp32/3.2.5/variants/m5stack_cardputer/pins_arduino.h:12:9: note: this is the location of the previous definition
   12 | #define EXTERNAL_NUM_INTERRUPTS 23
      |         ^~~~~~~~~~~~~~~~~~~~~~~
/home/runner/.arduino15/packages/m5stack/hardware/esp32/3.2.5/cores/esp32/Arduino.h:146:9: warning: "analogInputToDigitalPin" redefined
  146 | #define analogInputToDigitalPin(p) (((p) < NUM_ANALOG_INPUTS) ? (analogChannelToDigitalPin(p)) : -1)
      |         ^~~~~~~~~~~~~~~~~~~~~~~
/home/runner/.arduino15/packages/m5stack/hardware/esp32/3.2.5/variants/m5stack_cardputer/pins_arduino.h:16:9: note: this is the location of the previous definition
   16 | #define analogInputToDigitalPin(p) (((p) < 20) ? (analogChannelToDigitalPin(p)) : -1)
      |         ^~~~~~~~~~~~~~~~~~~~~~~
/home/runner/.arduino15/packages/m5stack/hardware/esp32/3.2.5/cores/esp32/Arduino.h:147:9: warning: "digitalPinToInterrupt" redefined
  147 | #define digitalPinToInterrupt(p)   ((((uint8_t)digitalPinToGPIONumber(p)) < NUM_DIGITAL_PINS) ? (p) : NOT_AN_INTERRUPT)
      |         ^~~~~~~~~~~~~~~~~~~~~
/home/runner/.arduino15/packages/m5stack/hardware/esp32/3.2.5/variants/m5stack_cardputer/pins_arduino.h:17:9: note: this is the location of the previous definition
   17 | #define digitalPinToInterrupt(p)   (((p) < 48) ? (p) : -1)
      |         ^~~~~~~~~~~~~~~~~~~~~
/home/runner/.arduino15/packages/m5stack/hardware/esp32/3.2.5/cores/esp32/Arduino.h:148:9: warning: "digitalPinHasPWM" redefined
  148 | #define digitalPinHasPWM(p)        (((uint8_t)digitalPinToGPIONumber(p)) < NUM_DIGITAL_PINS)
      |         ^~~~~~~~~~~~~~~~
/home/runner/.arduino15/packages/m5stack/hardware/esp32/3.2.5/variants/m5stack_cardputer/pins_arduino.h:18:9: note: this is the location of the previous definition
   18 | #define digitalPinHasPWM(p)        (p < 46)
      |         ^~~~~~~~~~~~~~~~


[92mUsed library[0m          [92mVersion[0m   [90mPath[0m
[93mM5Cardputer[0m           1.1.1     [90m/home/runner/Arduino/libraries/M5Cardputer[0m
[93mM5Unified[0m             0.2.21    [90m/home/runner/Arduino/libraries/M5Unified[0m
[93mM5GFX[0m                 0.2.28    [90m/home/runner/Arduino/libraries/M5GFX[0m
[93mWiFi[0m                  3.2.1     [90m/home/runner/.arduino15/packages/m5stack/hardware/esp32/3.2.5/libraries/WiFi[0m
[93mNetworking[0m            3.2.1     [90m/home/runner/.arduino15/packages/m5stack/hardware/esp32/3.2.5/libraries/Network[0m
[93mNetworkClientSecure[0m   3.2.1     [90m/home/runner/.arduino15/packages/m5stack/hardware/esp32/3.2.5/libraries/NetworkClientSecure[0m
[93mHTTPClient[0m            3.2.1     [90m/home/runner/.arduino15/packages/m5stack/hardware/esp32/3.2.5/libraries/HTTPClient[0m
[93mPreferences[0m           3.2.1     [90m/home/runner/.arduino15/packages/m5stack/hardware/esp32/3.2.5/libraries/Preferences[0m
[93mM5Unit-ENV[0m            1.7.1     [90m/home/runner/Arduino/libraries/M5UnitENV[0m
[93mWire[0m                  3.2.1     [90m/home/runner/.arduino15/packages/m5stack/hardware/esp32/3.2.5/libraries/Wire[0m
[93mArduinoJson[0m           6.21.5    [90m/home/runner/Arduino/libraries/ArduinoJson[0m
[93mESP8266Audio[0m          1.9.7     [90m/home/runner/Arduino/libraries/ESP8266Audio[0m
[93mM5UnitUnified[0m         0.5.5     [90m/home/runner/Arduino/libraries/M5UnitUnified[0m
[93mM5HAL[0m                 0.1.2     [90m/home/runner/Arduino/libraries/M5HAL[0m
[93mM5Utility[0m             0.2.0     [90m/home/runner/Arduino/libraries/M5Utility[0m
[93mSPI[0m                   3.2.1     [90m/home/runner/.arduino15/packages/m5stack/hardware/esp32/3.2.5/libraries/SPI[0m
[93mBME68x Sensor library[0m 1.3.40408 [90m/home/runner/Arduino/libraries/BME68x_Sensor_library[0m
[93mFS[0m                    3.2.1     [90m/home/runner/.arduino15/packages/m5stack/hardware/esp32/3.2.5/libraries/FS[0m
[93mSPIFFS[0m                3.2.1     [90m/home/runner/.arduino15/packages/m5stack/hardware/esp32/3.2.5/libraries/SPIFFS[0m
[93mSD[0m                    3.2.1     [90m/home/runner/.arduino15/packages/m5stack/hardware/esp32/3.2.5/libraries/SD[0m

[92mUsed platform[0m [92mVersion[0m [90mPath[0m
[93mm5stack:esp32[0m 3.2.5   [90m/home/runner/.arduino15/packages/m5stack/hardware/esp32/3.2.5[0m
Error during build: exit status 1
